cole_cod_dane_establecimiento,cole_nombre_establecimiento,cole_naturaleza,cole_mcpio_ubicacion,anio,n_estudiantes,prom_global,prom_matematicas,prom_lectura_critica,prom_c_naturales,prom_sociales,prom_ingles,percentil_prom_global
113001000143,INSTITUCION EDUCATIVA ARROYO DE PIEDRA,OFICIAL,CARTAGENA DE INDIAS,2021,70,188.4,36.7,41.8,38.1,34.0,38.0,16.3
113001000143,INSTITUCION EDUCATIVA ARROYO DE PIEDRA,OFICIAL,CARTAGENA DE INDIAS,2022,73,190.7,36.8,40.2,39.4,35.8,39.1,16.6
113001000143,INSTITUCION EDUCATIVA ARROYO DE PIEDRA,OFICIAL,CARTAGENA DE INDIAS,2023,50,194.6,37.4,40.9,39.6,37.1,40.7,17.1
113001000143,INSTITUCION EDUCATIVA ARROYO DE PIEDRA,OFICIAL,CARTAGENA DE INDIAS,2024,71,191.4,36.7,41.6,39.2,35.6,38.4,15.1
113001000143,INSTITUCION EDUCATIVA ARROYO DE PIEDRA,OFICIAL,CARTAGENA DE INDIAS,2025,76,194.1,37.0,42.5,39.8,35.8,38.9,16.2
113001000160,INSTITUCION EDUCATIVA CORAZON DE MARIA,OFICIAL,CARTAGENA DE INDIAS,2021,56,182.4,34.9,40.1,37.3,33.3,37.4,12.9
113001000160,INSTITUCION EDUCATIVA CORAZON DE MARIA,OFICIAL,CARTAGENA DE INDIAS,2022,64,197.2,38.0,42.8,39.6,37.0,40.2,19.5
113001000160,INSTITUCION EDUCATIVA CORAZON DE MARIA,OFICIAL,CARTAGENA DE INDIAS,2023,82,206.7,41.5,44.3,41.5,37.4,43.1,22.4
113001000160,INSTITUCION EDUCATIVA CORAZON DE MARIA,OFICIAL,CARTAGENA DE INDIAS,2024,81,204.0,39.5,44.6,41.8,37.3,41.2,21.2
113001000160,INSTITUCION EDUCATIVA CORAZON DE MARIA,OFICIAL,CARTAGENA DE INDIAS,2025,77,200.7,40.9,43.1,40.3,35.1,43.7,18.7
113001000241,INSTITUCION EDUCATIVA NUESTRO ESFUERZO,OFICIAL,CARTAGENA DE INDIAS,2021,105,221.8,44.8,47.6,44.1,41.5,42.6,35.5
113001000241,INSTITUCION EDUCATIVA NUESTRO ESFUERZO,OFICIAL,CARTAGENA DE INDIAS,2022,114,233.8,47.1,49.9,46.2,44.4,44.9,41.1
113001000241,INSTITUCION EDUCATIVA NUESTRO ESFUERZO,OFICIAL,CARTAGENA DE INDIAS,2023,119,228.3,46.5,48.7,45.2,42.8,43.9,35.1
113001000241,INSTITUCION EDUCATIVA NUESTRO ESFUERZO,OFICIAL,CARTAGENA DE INDIAS,2024,82,230.2,45.9,49.0,45.9,44.1,43.7,35.3
113001000241,INSTITUCION EDUCATIVA NUESTRO ESFUERZO,OFICIAL,CARTAGENA DE INDIAS,2025,129,233.7,46.7,48.7,49.1,42.9,45.4,37.0
113001000259,INSTITUCIÓN EDUCATIVA VALORES UNIDOS,OFICIAL,CARTAGENA DE INDIAS,2021,79,205.9,40.3,45.8,40.3,38.9,39.2,26.2
113001000259,INSTITUCIÓN EDUCATIVA VALORES UNIDOS,OFICIAL,CARTAGENA DE INDIAS,2022,88,209.5,40.4,45.9,42.3,39.3,41.1,26.6
113001000259,INSTITUCIÓN EDUCATIVA VALORES UNIDOS,OFICIAL,CARTAGENA DE INDIAS,2023,90,217.6,41.9,47.1,43.1,42.1,43.3,29.1
113001000259,INSTITUCIÓN EDUCATIVA VALORES UNIDOS,OFICIAL,CARTAGENA DE INDIAS,2024,121,212.4,40.5,46.1,42.7,40.7,42.3,26.6
113001000259,INSTITUCIÓN EDUCATIVA VALORES UNIDOS,OFICIAL,CARTAGENA DE INDIAS,2025,126,212.9,41.2,46.5,42.9,39.8,42.6,24.8
113001000321,INSTITUCION EDUCATIVA LUIS C GALAN SARMIENTO,OFICIAL,CARTAGENA DE INDIAS,2021,104,210.2,41.3,46.5,40.9,39.8,41.1,28.5
113001000321,INSTITUCION EDUCATIVA LUIS C GALAN SARMIENTO,OFICIAL,CARTAGENA DE INDIAS,2022,119,221.2,44.1,47.3,43.9,42.3,42.0,33.7
113001000321,INSTITUCION EDUCATIVA LUIS C GALAN SARMIENTO,OFICIAL,CARTAGENA DE INDIAS,2023,110,218.2,43.7,46.5,43.7,40.8,43.4,28.6
113001000321,INSTITUCION EDUCATIVA LUIS C GALAN SARMIENTO,OFICIAL,CARTAGENA DE INDIAS,2024,126,220.6,43.7,47.9,44.1,41.0,43.5,29.6
113001000321,INSTITUCION EDUCATIVA LUIS C GALAN SARMIENTO,OFICIAL,CARTAGENA DE INDIAS,2025,107,228.6,46.7,49.8,45.1,41.6,44.7,33.4
113001000348,INSTITUCION EDUCATIVA AMBIENTALISTA DE CARTAGENA,OFICIAL,CARTAGENA DE INDIAS,2021,303,213.5,42.0,46.9,41.9,40.3,41.5,31.1
113001000348,INSTITUCION EDUCATIVA AMBIENTALISTA DE CARTAGENA,OFICIAL,CARTAGENA DE INDIAS,2022,220,235.3,46.2,49.9,47.0,45.6,45.7,41.7
113001000348,INSTITUCION EDUCATIVA AMBIENTALISTA DE CARTAGENA,OFICIAL,CARTAGENA DE INDIAS,2023,232,235.5,46.5,50.0,47.3,44.9,46.6,39.4
113001000348,INSTITUCION EDUCATIVA AMBIENTALISTA DE CARTAGENA,OFICIAL,CARTAGENA DE INDIAS,2024,248,231.2,45.7,49.5,46.3,43.4,46.4,36.0
113001000348,INSTITUCION EDUCATIVA AMBIENTALISTA DE CARTAGENA,OFICIAL,CARTAGENA DE INDIAS,2025,226,231.3,44.9,50.4,46.8,42.8,47.2,35.3
113001000429,INSTITUCION EDUCATIVA SALIM BECHARA,OFICIAL,CARTAGENA DE INDIAS,2021,63,199.1,38.9,43.5,39.6,37.6,39.0,21.1
113001000429,INSTITUCION EDUCATIVA SALIM BECHARA,OFICIAL,CARTAGENA DE INDIAS,2022,63,203.4,39.6,44.6,40.0,38.7,40.4,23.5
113001000429,INSTITUCION EDUCATIVA SALIM BECHARA,OFICIAL,CARTAGENA DE INDIAS,2023,84,213.1,42.4,45.7,42.6,40.2,41.5,25.8
113001000429,INSTITUCION EDUCATIVA SALIM BECHARA,OFICIAL,CARTAGENA DE INDIAS,2024,73,216.6,42.0,49.0,42.3,40.2,42.5,26.6
113001000429,INSTITUCION EDUCATIVA SALIM BECHARA,OFICIAL,CARTAGENA DE INDIAS,2025,71,212.7,42.1,47.1,42.3,38.3,43.6,24.5
113001000437,INSTITUCION EDUCATIVA REPUBLICA DE ARGENTINA,OFICIAL,CARTAGENA DE INDIAS,2021,111,228.7,46.3,49.8,44.3,42.2,46.9,39.9
113001000437,INSTITUCION EDUCATIVA REPUBLICA DE ARGENTINA,OFICIAL,CARTAGENA DE INDIAS,2022,159,234.8,46.3,50.6,46.1,44.4,48.4,41.3
113001000437,INSTITUCION EDUCATIVA REPUBLICA DE ARGENTINA,OFICIAL,CARTAGENA DE INDIAS,2023,122,248.5,51.0,52.9,47.9,47.0,49.8,46.4
113001000437,INSTITUCION EDUCATIVA REPUBLICA DE ARGENTINA,OFICIAL,CARTAGENA DE INDIAS,2024,98,245.7,48.7,53.1,47.8,46.6,50.2,43.7
113001000437,INSTITUCION EDUCATIVA REPUBLICA DE ARGENTINA,OFICIAL,CARTAGENA DE INDIAS,2025,135,255.2,50.6,54.5,50.3,48.3,52.6,48.3
113001000721,INSTITUCION EDUCATIVA LUIS CARLOS LOPEZ,OFICIAL,CARTAGENA DE INDIAS,2021,102,242.1,48.8,52.6,46.6,45.2,50.2,48.0
113001000721,INSTITUCION EDUCATIVA LUIS CARLOS LOPEZ,OFICIAL,CARTAGENA DE INDIAS,2022,115,259.4,51.6,54.5,51.2,49.9,52.8,55.9
113001000721,INSTITUCION EDUCATIVA LUIS CARLOS LOPEZ,OFICIAL,CARTAGENA DE INDIAS,2023,95,263.7,53.9,55.7,50.5,50.0,55.5,55.8
113001000721,INSTITUCION EDUCATIVA LUIS CARLOS LOPEZ,OFICIAL,CARTAGENA DE INDIAS,2024,113,255.9,51.6,54.8,49.9,47.3,54.4,49.7
113001000721,INSTITUCION EDUCATIVA LUIS CARLOS LOPEZ,OFICIAL,CARTAGENA DE INDIAS,2025,106,270.8,54.1,57.3,53.5,50.3,58.4,56.6
113001000739,INSTITUCION EDUCATIVA ANA MARIA VELEZ DE TRUJILLO,OFICIAL,CARTAGENA DE INDIAS,2021,68,195.6,39.0,43.0,38.9,35.4,39.3,19.9
113001000739,INSTITUCION EDUCATIVA ANA MARIA VELEZ DE TRUJILLO,OFICIAL,CARTAGENA DE INDIAS,2022,87,208.4,41.7,45.4,41.5,38.0,41.9,26.2
113001000739,INSTITUCION EDUCATIVA ANA MARIA VELEZ DE TRUJILLO,OFICIAL,CARTAGENA DE INDIAS,2023,60,212.0,43.1,44.9,42.6,38.9,42.8,24.9
113001000739,INSTITUCION EDUCATIVA ANA MARIA VELEZ DE TRUJILLO,OFICIAL,CARTAGENA DE INDIAS,2024,75,202.5,39.2,43.9,40.2,38.4,41.6,20.5
113001000739,INSTITUCION EDUCATIVA ANA MARIA VELEZ DE TRUJILLO,OFICIAL,CARTAGENA DE INDIAS,2025,68,225.3,46.7,48.6,44.7,39.6,47.1,32.2
113001000771,INSTITUCION EDUCATIVA CAMILO TORRES DEL POZON,OFICIAL,CARTAGENA DE INDIAS,2021,219,214.0,42.5,46.6,42.3,39.7,42.8,31.5
113001000771,INSTITUCION EDUCATIVA CAMILO TORRES DEL POZON,OFICIAL,CARTAGENA DE INDIAS,2022,159,219.9,44.3,47.1,43.6,41.2,43.4,33.2
113001000771,INSTITUCION EDUCATIVA CAMILO TORRES DEL POZON,OFICIAL,CARTAGENA DE INDIAS,2023,143,234.8,46.1,50.4,46.8,44.4,47.3,38.8
113001000771,INSTITUCION EDUCATIVA CAMILO TORRES DEL POZON,OFICIAL,CARTAGENA DE INDIAS,2024,238,225.9,44.6,49.3,44.6,41.7,46.5,32.9
113001000771,INSTITUCION EDUCATIVA CAMILO TORRES DEL POZON,OFICIAL,CARTAGENA DE INDIAS,2025,199,234.8,47.9,49.9,47.1,42.3,48.6,37.4
113001000852,INSTITUCION EDUCATIVA NUESTRA SRA DEL CARMEN,OFICIAL,CARTAGENA DE INDIAS,2021,213,219.9,44.2,48.0,43.1,40.9,43.4,34.4
113001000852,INSTITUCION EDUCATIVA NUESTRA SRA DEL CARMEN,OFICIAL,CARTAGENA DE INDIAS,2022,268,220.6,43.9,48.4,43.8,40.5,44.0,33.4
113001000852,INSTITUCION EDUCATIVA NUESTRA SRA DEL CARMEN,OFICIAL,CARTAGENA DE INDIAS,2023,212,237.5,47.3,51.5,46.1,45.0,48.2,39.9
113001000852,INSTITUCION EDUCATIVA NUESTRA SRA DEL CARMEN,OFICIAL,CARTAGENA DE INDIAS,2024,169,247.5,50.4,52.4,49.3,46.2,48.8,44.3
113001000852,INSTITUCION EDUCATIVA NUESTRA SRA DEL CARMEN,OFICIAL,CARTAGENA DE INDIAS,2025,183,249.7,51.0,53.2,49.1,46.2,50.8,45.6
113001000879,INSTITUCION EDUCATIVA SANTA MARIA,OFICIAL,CARTAGENA DE INDIAS,2021,149,217.0,43.1,47.3,42.5,40.6,43.7,32.4
113001000879,INSTITUCION EDUCATIVA SANTA MARIA,OFICIAL,CARTAGENA DE INDIAS,2022,133,224.5,43.9,48.8,43.9,43.2,44.3,35.7
113001000879,INSTITUCION EDUCATIVA SANTA MARIA,OFICIAL,CARTAGENA DE INDIAS,2023,149,230.8,47.0,49.0,45.0,43.2,47.2,36.3
113001000879,INSTITUCION EDUCATIVA SANTA MARIA,OFICIAL,CARTAGENA DE INDIAS,2024,203,228.4,46.3,49.7,44.4,42.1,46.4,34.1
113001000879,INSTITUCION EDUCATIVA SANTA MARIA,OFICIAL,CARTAGENA DE INDIAS,2025,130,238.4,48.2,51.8,46.8,43.0,50.3,38.7
113001001336,INSTITUCION EDUCATIVA JOHN F KENNEDY,OFICIAL,CARTAGENA DE INDIAS,2021,203,216.2,42.1,47.9,42.8,40.9,41.3,33.2
113001001336,INSTITUCION EDUCATIVA JOHN F KENNEDY,OFICIAL,CARTAGENA DE INDIAS,2022,160,229.1,45.4,49.7,45.4,43.1,44.6,38.1
113001001336,INSTITUCION EDUCATIVA JOHN F KENNEDY,OFICIAL,CARTAGENA DE INDIAS,2023,136,236.4,48.2,50.7,46.2,44.6,45.3,39.6
113001001336,INSTITUCION EDUCATIVA JOHN F KENNEDY,OFICIAL,CARTAGENA DE INDIAS,2024,197,244.3,49.5,52.4,47.9,46.3,47.2,43.2
113001001336,INSTITUCION EDUCATIVA JOHN F KENNEDY,OFICIAL,CARTAGENA DE INDIAS,2025,192,241.4,49.7,50.8,47.9,44.9,47.7,40.9
113001001450,INSTITUCION ETNOEDUCATIVA PEDRO ROMERO,OFICIAL,CARTAGENA DE INDIAS,2021,62,202.1,40.0,43.4,40.6,37.6,40.4,23.3
113001001450,INSTITUCION ETNOEDUCATIVA PEDRO ROMERO,OFICIAL,CARTAGENA DE INDIAS,2022,64,222.5,44.8,47.0,44.1,42.2,44.4,35.0
113001001450,INSTITUCION ETNOEDUCATIVA PEDRO ROMERO,OFICIAL,CARTAGENA DE INDIAS,2023,82,213.3,43.0,45.4,42.6,39.9,41.9,25.9
113001001450,INSTITUCION ETNOEDUCATIVA PEDRO ROMERO,OFICIAL,CARTAGENA DE INDIAS,2024,60,222.1,45.3,48.4,43.2,41.0,44.1,29.9
113001001450,INSTITUCION ETNOEDUCATIVA PEDRO ROMERO,OFICIAL,CARTAGENA DE INDIAS,2025,81,222.8,44.5,47.8,44.1,41.7,44.8,29.9
113001001484,INSTITUCION EDUCATIVA MERCEDES ABREGO,OFICIAL,CARTAGENA DE INDIAS,2021,215,234.4,47.0,50.4,45.7,45.1,45.1,43.3
113001001484,INSTITUCION EDUCATIVA MERCEDES ABREGO,OFICIAL,CARTAGENA DE INDIAS,2022,203,238.3,47.9,51.7,46.1,45.0,47.5,43.7
113001001484,INSTITUCION EDUCATIVA MERCEDES ABREGO,OFICIAL,CARTAGENA DE INDIAS,2023,195,242.8,48.5,51.7,47.7,45.9,49.9,43.4
113001001484,INSTITUCION EDUCATIVA MERCEDES ABREGO,OFICIAL,CARTAGENA DE INDIAS,2024,177,255.4,50.3,54.7,50.5,48.6,51.9,49.6
113001001484,INSTITUCION EDUCATIVA MERCEDES ABREGO,OFICIAL,CARTAGENA DE INDIAS,2025,190,249.1,49.6,54.0,48.4,46.6,51.6,45.1
113001001492,INSTITUCION EDUCATIVA LICEO DE BOLIVAR,OFICIAL,CARTAGENA DE INDIAS,2021,173,196.5,38.8,43.4,39.0,35.9,39.9,21.0
113001001492,INSTITUCION EDUCATIVA LICEO DE BOLIVAR,OFICIAL,CARTAGENA DE INDIAS,2022,118,208.3,40.6,45.0,41.5,39.2,42.6,26.5
113001001492,INSTITUCION EDUCATIVA LICEO DE BOLIVAR,OFICIAL,CARTAGENA DE INDIAS,2023,149,213.7,41.2,46.6,43.3,39.6,43.5,26.7
113001001492,INSTITUCION EDUCATIVA LICEO DE BOLIVAR,OFICIAL,CARTAGENA DE INDIAS,2024,177,204.7,40.2,44.6,40.8,37.9,41.7,21.0
113001001492,INSTITUCION EDUCATIVA LICEO DE BOLIVAR,OFICIAL,CARTAGENA DE INDIAS,2025,185,212.1,42.2,46.3,42.2,38.5,43.7,24.6
113001001581,INSTITUCION EDUCATIVA DE FREDONIA,OFICIAL,CARTAGENA DE INDIAS,2021,62,215.5,42.4,46.6,42.4,41.9,40.8,31.6
113001001581,INSTITUCION EDUCATIVA DE FREDONIA,OFICIAL,CARTAGENA DE INDIAS,2022,67,215.8,42.5,46.9,44.0,39.8,41.2,30.1
113001001581,INSTITUCION EDUCATIVA DE FREDONIA,OFICIAL,CARTAGENA DE INDIAS,2023,64,220.2,43.6,46.3,43.8,42.1,44.9,30.1
113001001581,INSTITUCION EDUCATIVA DE FREDONIA,OFICIAL,CARTAGENA DE INDIAS,2024,108,218.8,42.8,46.1,45.2,41.7,41.7,28.9
113001001581,INSTITUCION EDUCATIVA DE FREDONIA,OFICIAL,CARTAGENA DE INDIAS,2025,117,200.4,39.7,43.7,40.5,36.1,41.0,18.5
113001001697,INSTITUCION EDUCATIVA MANUELA BELTRAN,OFICIAL,CARTAGENA DE INDIAS,2021,100,220.5,44.8,47.6,42.9,41.5,43.1,34.9
113001001697,INSTITUCION EDUCATIVA MANUELA BELTRAN,OFICIAL,CARTAGENA DE INDIAS,2022,97,233.7,47.6,50.0,46.6,43.1,45.7,41.0
113001001697,INSTITUCION EDUCATIVA MANUELA BELTRAN,OFICIAL,CARTAGENA DE INDIAS,2023,87,234.8,45.9,51.5,45.8,44.7,46.9,38.5
113001001697,INSTITUCION EDUCATIVA MANUELA BELTRAN,OFICIAL,CARTAGENA DE INDIAS,2024,90,240.1,48.4,52.2,46.8,44.8,48.0,40.3
113001001697,INSTITUCION EDUCATIVA MANUELA BELTRAN,OFICIAL,CARTAGENA DE INDIAS,2025,90,242.5,48.5,52.5,48.0,44.5,49.8,41.1
113001001719,INSTITUCION EDUCATIVA PROMOCION SOCIAL DE C/GENA.,OFICIAL,CARTAGENA DE INDIAS,2021,164,258.9,51.4,55.9,49.9,50.6,49.8,58.2
113001001719,INSTITUCION EDUCATIVA PROMOCION SOCIAL DE C/GENA.,OFICIAL,CARTAGENA DE INDIAS,2022,167,260.0,51.9,55.4,50.8,49.8,52.2,56.3
113001001719,INSTITUCION EDUCATIVA PROMOCION SOCIAL DE C/GENA.,OFICIAL,CARTAGENA DE INDIAS,2023,153,274.8,55.7,58.7,53.6,52.4,53.5,62.1
113001001719,INSTITUCION EDUCATIVA PROMOCION SOCIAL DE C/GENA.,OFICIAL,CARTAGENA DE INDIAS,2024,177,286.4,57.6,59.5,56.3,55.8,56.9,66.4
113001001719,INSTITUCION EDUCATIVA PROMOCION SOCIAL DE C/GENA.,OFICIAL,CARTAGENA DE INDIAS,2025,166,289.2,60.2,60.0,57.0,54.0,58.6,67.2
113001001727,INSTITUCION EDUCATIVA REPUBLICA DEL LIBANO,OFICIAL,CARTAGENA DE INDIAS,2021,81,217.3,44.6,46.9,42.6,40.4,41.7,32.8
113001001727,INSTITUCION EDUCATIVA REPUBLICA DEL LIBANO,OFICIAL,CARTAGENA DE INDIAS,2022,89,220.5,45.0,46.1,44.5,41.7,41.0,32.9
113001001727,INSTITUCION EDUCATIVA REPUBLICA DEL LIBANO,OFICIAL,CARTAGENA DE INDIAS,2023,67,219.7,45.5,46.3,43.8,40.2,43.8,29.6
113001001727,INSTITUCION EDUCATIVA REPUBLICA DEL LIBANO,OFICIAL,CARTAGENA DE INDIAS,2024,102,233.3,46.7,47.9,48.1,44.4,45.1,37.2
113001001727,INSTITUCION EDUCATIVA REPUBLICA DEL LIBANO,OFICIAL,CARTAGENA DE INDIAS,2025,121,221.3,43.6,46.8,45.7,41.2,43.4,29.8
113001001816,INSTITUCION EDUCATIVA JOSE DE LA VEGA,OFICIAL,CARTAGENA DE INDIAS,2021,251,203.9,40.7,45.2,40.1,37.4,40.1,24.6
113001001816,INSTITUCION EDUCATIVA JOSE DE LA VEGA,OFICIAL,CARTAGENA DE INDIAS,2022,219,207.5,41.6,45.1,41.0,38.5,41.1,25.2
113001001816,INSTITUCION EDUCATIVA JOSE DE LA VEGA,OFICIAL,CARTAGENA DE INDIAS,2023,236,213.9,42.9,46.3,42.2,39.4,43.9,26.0
113001001816,INSTITUCION EDUCATIVA JOSE DE LA VEGA,OFICIAL,CARTAGENA DE INDIAS,2024,243,207.7,41.3,44.5,42.0,38.0,42.7,22.7
113001001816,INSTITUCION EDUCATIVA JOSE DE LA VEGA,OFICIAL,CARTAGENA DE INDIAS,2025,255,208.6,42.0,45.5,41.5,37.1,44.0,22.5
113001001972,INSTITUCION EDUCATIVA SEMINARIO,OFICIAL,CARTAGENA DE INDIAS,2021,195,236.9,48.6,51.5,46.1,43.5,46.8,45.3
113001001972,INSTITUCION EDUCATIVA SEMINARIO,OFICIAL,CARTAGENA DE INDIAS,2022,186,235.0,47.3,50.3,46.3,44.1,46.8,41.6
113001001972,INSTITUCION EDUCATIVA SEMINARIO,OFICIAL,CARTAGENA DE INDIAS,2023,193,241.0,48.7,51.2,48.0,44.6,49.3,42.2
113001001972,INSTITUCION EDUCATIVA SEMINARIO,OFICIAL,CARTAGENA DE INDIAS,2024,187,245.5,49.9,52.2,48.8,45.8,48.2,43.7
113001001972,INSTITUCION EDUCATIVA SEMINARIO,OFICIAL,CARTAGENA DE INDIAS,2025,194,245.5,48.0,52.4,49.8,45.1,52.2,42.7
113001002057,INSTITUCION EDUCATIVA SOLEDAD ROMAN DE NU?EZ,OFICIAL,CARTAGENA DE INDIAS,2021,154,246.7,48.8,53.6,47.9,46.5,50.9,50.6
113001002057,INSTITUCION EDUCATIVA SOLEDAD ROMAN DE NU?EZ,OFICIAL,CARTAGENA DE INDIAS,2022,154,250.7,50.7,53.6,49.7,46.7,49.6,50.4
113001002057,INSTITUCION EDUCATIVA SOLEDAD ROMAN DE NU?EZ,OFICIAL,CARTAGENA DE INDIAS,2023,162,258.4,51.5,55.4,51.2,49.1,50.3,51.7
113001002057,INSTITUCION EDUCATIVA SOLEDAD ROMAN DE NU?EZ,OFICIAL,CARTAGENA DE INDIAS,2024,133,285.4,57.1,59.1,58.2,54.5,55.4,66.4
113001002057,INSTITUCION EDUCATIVA SOLEDAD ROMAN DE NU?EZ,OFICIAL,CARTAGENA DE INDIAS,2025,159,275.9,57.8,56.8,55.4,50.5,55.6,59.5
113001002120,INSTITUCION EDUCATIVA HIJOS DE MARIA,OFICIAL,CARTAGENA DE INDIAS,2021,180,208.4,41.7,45.5,41.1,38.8,40.8,28.2
113001002120,INSTITUCION EDUCATIVA HIJOS DE MARIA,OFICIAL,CARTAGENA DE INDIAS,2022,140,207.6,41.2,44.8,41.0,39.2,41.5,25.8
113001002120,INSTITUCION EDUCATIVA HIJOS DE MARIA,OFICIAL,CARTAGENA DE INDIAS,2023,157,212.1,43.2,45.4,41.1,39.7,43.4,25.1
113001002120,INSTITUCION EDUCATIVA HIJOS DE MARIA,OFICIAL,CARTAGENA DE INDIAS,2024,148,206.8,40.6,44.4,41.3,38.9,41.9,22.5
113001002120,INSTITUCION EDUCATIVA HIJOS DE MARIA,OFICIAL,CARTAGENA DE INDIAS,2025,153,206.4,41.1,43.6,41.7,37.4,45.2,21.1
113001002138,INSTITUCION EDUCATIVA NUESTRA SRA DEL PERPETUO SOCORRO,OFICIAL,CARTAGENA DE INDIAS,2021,68,202.2,40.5,44.2,40.2,37.1,39.8,24.4
113001002138,INSTITUCION EDUCATIVA NUESTRA SRA DEL PERPETUO SOCORRO,OFICIAL,CARTAGENA DE INDIAS,2022,86,204.5,39.8,44.4,39.8,38.9,42.9,23.6
113001002138,INSTITUCION EDUCATIVA NUESTRA SRA DEL PERPETUO SOCORRO,OFICIAL,CARTAGENA DE INDIAS,2023,83,204.8,40.9,44.4,40.0,38.6,40.8,21.2
113001002138,INSTITUCION EDUCATIVA NUESTRA SRA DEL PERPETUO SOCORRO,OFICIAL,CARTAGENA DE INDIAS,2024,70,224.2,45.5,46.8,44.7,42.6,44.4,32.0
113001002138,INSTITUCION EDUCATIVA NUESTRA SRA DEL PERPETUO SOCORRO,OFICIAL,CARTAGENA DE INDIAS,2025,76,219.6,43.7,47.8,41.8,41.1,48.1,28.6
113001002413,INSTITUCION EDUCATIVA MADRE LAURA,OFICIAL,CARTAGENA DE INDIAS,2021,120,218.5,43.5,47.9,42.4,40.6,44.9,33.8
113001002413,INSTITUCION EDUCATIVA MADRE LAURA,OFICIAL,CARTAGENA DE INDIAS,2022,121,228.9,45.4,49.5,44.5,42.7,48.8,38.1
113001002413,INSTITUCION EDUCATIVA MADRE LAURA,OFICIAL,CARTAGENA DE INDIAS,2023,96,234.0,45.4,50.9,46.5,43.7,49.3,38.1
113001002413,INSTITUCION EDUCATIVA MADRE LAURA,OFICIAL,CARTAGENA DE INDIAS,2024,141,237.4,47.6,51.8,46.7,43.3,49.2,38.9
113001002413,INSTITUCION EDUCATIVA MADRE LAURA,OFICIAL,CARTAGENA DE INDIAS,2025,138,244.5,47.7,53.0,48.9,45.1,52.0,41.7
113001002626,INSTITUCION EDUCATIVA OLGA GONZALEZ ARRAUT,OFICIAL,CARTAGENA DE INDIAS,2021,92,208.7,41.3,45.8,40.5,39.6,40.7,28.8
113001002626,INSTITUCION EDUCATIVA OLGA GONZALEZ ARRAUT,OFICIAL,CARTAGENA DE INDIAS,2022,99,219.4,43.5,47.6,43.1,41.5,43.3,33.4
113001002626,INSTITUCION EDUCATIVA OLGA GONZALEZ ARRAUT,OFICIAL,CARTAGENA DE INDIAS,2023,85,224.2,43.8,48.5,43.9,42.9,45.6,32.9
113001002626,INSTITUCION EDUCATIVA OLGA GONZALEZ ARRAUT,OFICIAL,CARTAGENA DE INDIAS,2024,95,221.9,43.3,47.6,44.5,42.3,44.0,30.6
113001002626,INSTITUCION EDUCATIVA OLGA GONZALEZ ARRAUT,OFICIAL,CARTAGENA DE INDIAS,2025,67,242.9,48.5,52.0,47.5,46.0,50.0,42.4
113001002812,INSTITUCION EDUCATIVA MARIA REINA,OFICIAL,CARTAGENA DE INDIAS,2021,133,212.8,42.3,46.4,41.7,40.0,42.1,31.1
113001002812,INSTITUCION EDUCATIVA MARIA REINA,OFICIAL,CARTAGENA DE INDIAS,2022,101,226.0,44.7,48.9,45.0,42.3,45.1,36.5
113001002812,INSTITUCION EDUCATIVA MARIA REINA,OFICIAL,CARTAGENA DE INDIAS,2023,111,221.9,43.3,48.2,43.6,42.2,45.0,31.3
113001002812,INSTITUCION EDUCATIVA MARIA REINA,OFICIAL,CARTAGENA DE INDIAS,2024,102,232.2,46.3,50.5,46.6,42.2,46.7,35.8
113001002812,INSTITUCION EDUCATIVA MARIA REINA,OFICIAL,CARTAGENA DE INDIAS,2025,163,215.7,42.4,47.2,43.3,39.2,44.6,26.6
113001002952,INSTITUCION EDUCATIVA DE TERNERA,OFICIAL,CARTAGENA DE INDIAS,2021,77,231.1,44.9,50.3,44.9,44.8,46.3,41.4
113001002952,INSTITUCION EDUCATIVA DE TERNERA,OFICIAL,CARTAGENA DE INDIAS,2022,71,240.6,46.9,52.8,47.0,46.1,46.9,45.0
113001002952,INSTITUCION EDUCATIVA DE TERNERA,OFICIAL,CARTAGENA DE INDIAS,2023,75,249.4,49.7,53.5,48.8,47.6,49.4,47.7
113001002952,INSTITUCION EDUCATIVA DE TERNERA,OFICIAL,CARTAGENA DE INDIAS,2024,74,249.5,49.6,54.6,48.8,46.3,51.3,46.0
113001002952,INSTITUCION EDUCATIVA DE TERNERA,OFICIAL,CARTAGENA DE INDIAS,2025,85,256.8,51.1,55.2,50.7,47.5,54.4,48.3
113001002979,INSTITUCION EDUCATIVA LA MILAGROSA,OFICIAL,CARTAGENA DE INDIAS,2021,46,226.8,46.9,48.7,43.1,42.6,45.7,39.2
113001002979,INSTITUCION EDUCATIVA LA MILAGROSA,OFICIAL,CARTAGENA DE INDIAS,2022,27,260.1,51.1,54.0,51.4,52.0,51.0,55.1
113001002979,INSTITUCION EDUCATIVA LA MILAGROSA,OFICIAL,CARTAGENA DE INDIAS,2023,33,262.0,52.6,54.7,51.5,51.0,52.0,55.5
113001002979,INSTITUCION EDUCATIVA LA MILAGROSA,OFICIAL,CARTAGENA DE INDIAS,2024,30,269.8,51.9,56.7,54.0,53.7,52.4,58.1
113001002979,INSTITUCION EDUCATIVA LA MILAGROSA,OFICIAL,CARTAGENA DE INDIAS,2025,39,279.1,59.5,56.6,54.6,53.1,54.2,61.9
113001003053,INSTITUCION EDUCATIVA SOLEDAD ACOSTA DE SAMPER,OFICIAL,CARTAGENA DE INDIAS,2021,427,263.3,52.2,56.4,50.8,51.1,53.0,61.0
113001003053,INSTITUCION EDUCATIVA SOLEDAD ACOSTA DE SAMPER,OFICIAL,CARTAGENA DE INDIAS,2022,383,281.6,55.2,59.6,55.3,55.3,55.8,68.3
113001003053,INSTITUCION EDUCATIVA SOLEDAD ACOSTA DE SAMPER,OFICIAL,CARTAGENA DE INDIAS,2023,368,289.2,57.7,60.6,56.3,56.4,59.2,70.2
113001003053,INSTITUCION EDUCATIVA SOLEDAD ACOSTA DE SAMPER,OFICIAL,CARTAGENA DE INDIAS,2024,359,294.6,59.3,61.0,58.0,57.4,59.0,71.1
113001003053,INSTITUCION EDUCATIVA SOLEDAD ACOSTA DE SAMPER,OFICIAL,CARTAGENA DE INDIAS,2025,306,308.3,64.0,62.9,60.1,59.3,62.8,76.0
113001003061,INSTITUCION EDUCATIVA HERMANO ANTONIO RAMOS DE LA SALLE,OFICIAL,CARTAGENA DE INDIAS,2021,79,261.5,51.3,56.6,50.2,50.3,54.8,58.8
113001003061,INSTITUCION EDUCATIVA HERMANO ANTONIO RAMOS DE LA SALLE,OFICIAL,CARTAGENA DE INDIAS,2022,60,275.2,54.5,58.4,53.7,52.9,57.1,64.7
113001003061,INSTITUCION EDUCATIVA HERMANO ANTONIO RAMOS DE LA SALLE,OFICIAL,CARTAGENA DE INDIAS,2023,75,269.1,53.7,56.9,52.6,51.3,56.4,58.7
113001003061,INSTITUCION EDUCATIVA HERMANO ANTONIO RAMOS DE LA SALLE,OFICIAL,CARTAGENA DE INDIAS,2024,67,282.6,58.9,59.2,55.5,51.6,59.4,64.3
113001003061,INSTITUCION EDUCATIVA HERMANO ANTONIO RAMOS DE LA SALLE,OFICIAL,CARTAGENA DE INDIAS,2025,73,285.9,61.2,59.9,54.4,52.8,58.6,64.8
113001003126,INSTITUCION EDUCATIVA FERNANDO DE LA VEGA,OFICIAL,CARTAGENA DE INDIAS,2021,31,198.9,39.0,42.5,40.3,37.3,39.9,22.1
113001003126,INSTITUCION EDUCATIVA FERNANDO DE LA VEGA,OFICIAL,CARTAGENA DE INDIAS,2022,31,204.5,40.9,43.7,40.9,37.5,42.6,23.3
113001003126,INSTITUCION EDUCATIVA FERNANDO DE LA VEGA,OFICIAL,CARTAGENA DE INDIAS,2023,29,210.8,42.1,44.7,41.8,39.7,43.3,24.3
113001003126,INSTITUCION EDUCATIVA FERNANDO DE LA VEGA,OFICIAL,CARTAGENA DE INDIAS,2024,35,216.3,42.5,45.9,43.9,39.6,46.8,27.5
113001003126,INSTITUCION EDUCATIVA FERNANDO DE LA VEGA,OFICIAL,CARTAGENA DE INDIAS,2025,29,234.3,50.4,49.1,46.1,41.6,47.7,36.1
113001003274,INSTITUCION EDUCATIVA JOSE MANUEL RODRIGUEZ TORICES,OFICIAL,CARTAGENA DE INDIAS,2021,312,234.2,47.8,50.2,45.2,44.4,45.8,43.4
113001003274,INSTITUCION EDUCATIVA JOSE MANUEL RODRIGUEZ TORICES,OFICIAL,CARTAGENA DE INDIAS,2022,288,242.3,49.8,52.1,46.5,45.5,47.7,45.5
113001003274,INSTITUCION EDUCATIVA JOSE MANUEL RODRIGUEZ TORICES,OFICIAL,CARTAGENA DE INDIAS,2023,306,251.8,52.7,52.5,49.3,47.0,50.3,48.7
113001003274,INSTITUCION EDUCATIVA JOSE MANUEL RODRIGUEZ TORICES,OFICIAL,CARTAGENA DE INDIAS,2024,324,257.4,54.2,54.4,49.6,47.8,51.5,50.7
113001003274,INSTITUCION EDUCATIVA JOSE MANUEL RODRIGUEZ TORICES,OFICIAL,CARTAGENA DE INDIAS,2025,346,257.9,54.6,54.3,50.2,47.4,51.0,49.9
113001003771,INSTITUCION EDUCATIVA LAS GAVIOTAS,OFICIAL,CARTAGENA DE INDIAS,2021,137,255.4,51.8,54.1,49.7,48.8,51.1,55.9
113001003771,INSTITUCION EDUCATIVA LAS GAVIOTAS,OFICIAL,CARTAGENA DE INDIAS,2022,145,261.7,53.6,54.5,52.6,49.3,51.1,57.6
113001003771,INSTITUCION EDUCATIVA LAS GAVIOTAS,OFICIAL,CARTAGENA DE INDIAS,2023,129,254.5,53.1,52.0,50.9,47.8,50.0,50.9
113001003771,INSTITUCION EDUCATIVA LAS GAVIOTAS,OFICIAL,CARTAGENA DE INDIAS,2024,133,262.2,54.0,55.1,51.6,49.1,52.4,53.6
113001003771,INSTITUCION EDUCATIVA LAS GAVIOTAS,OFICIAL,CARTAGENA DE INDIAS,2025,144,278.9,57.2,57.7,56.9,51.3,55.9,60.6
113001004149,INSTITUCION EDUCATIVA JUAN JOSE NIETO,OFICIAL,CARTAGENA DE INDIAS,2021,230,217.3,43.0,47.8,42.4,40.7,43.2,33.0
113001004149,INSTITUCION EDUCATIVA JUAN JOSE NIETO,OFICIAL,CARTAGENA DE INDIAS,2022,228,226.5,45.3,48.4,45.2,42.5,44.7,36.9
113001004149,INSTITUCION EDUCATIVA JUAN JOSE NIETO,OFICIAL,CARTAGENA DE INDIAS,2023,237,234.7,46.3,50.6,46.4,44.6,46.5,38.7
113001004149,INSTITUCION EDUCATIVA JUAN JOSE NIETO,OFICIAL,CARTAGENA DE INDIAS,2024,228,230.1,45.4,49.7,45.4,43.4,46.3,35.3
113001004149,INSTITUCION EDUCATIVA JUAN JOSE NIETO,OFICIAL,CARTAGENA DE INDIAS,2025,254,229.6,45.0,49.1,45.8,43.5,46.8,34.6
113001004254,INSTITUCION EDUCATIVA FULGENCIO LEQUERICA  VELEZ,OFICIAL,CARTAGENA DE INDIAS,2021,76,207.1,42.0,45.3,40.2,38.6,40.0,26.2
113001004254,INSTITUCION EDUCATIVA FULGENCIO LEQUERICA  VELEZ,OFICIAL,CARTAGENA DE INDIAS,2022,75,218.0,44.3,47.2,42.7,40.8,41.7,31.7
113001004254,INSTITUCION EDUCATIVA FULGENCIO LEQUERICA  VELEZ,OFICIAL,CARTAGENA DE INDIAS,2023,73,225.3,46.3,47.3,44.9,41.7,45.1,33.0
113001004254,INSTITUCION EDUCATIVA FULGENCIO LEQUERICA  VELEZ,OFICIAL,CARTAGENA DE INDIAS,2024,69,224.6,45.4,47.3,45.5,41.9,43.7,31.5
113001004254,INSTITUCION EDUCATIVA FULGENCIO LEQUERICA  VELEZ,OFICIAL,CARTAGENA DE INDIAS,2025,76,218.6,42.8,48.4,43.3,39.7,45.4,27.8
113001004289,INSTITUCION EDUCATIVA SAN LUCAS,OFICIAL,CARTAGENA DE INDIAS,2021,130,230.7,46.2,50.3,44.9,43.3,45.3,41.2
113001004289,INSTITUCION EDUCATIVA SAN LUCAS,OFICIAL,CARTAGENA DE INDIAS,2022,112,226.0,45.9,48.6,44.5,42.1,44.3,36.2
113001004289,INSTITUCION EDUCATIVA SAN LUCAS,OFICIAL,CARTAGENA DE INDIAS,2023,109,242.5,50.4,51.6,47.6,45.0,46.8,42.4
113001004289,INSTITUCION EDUCATIVA SAN LUCAS,OFICIAL,CARTAGENA DE INDIAS,2024,115,245.5,49.4,52.7,48.5,45.9,48.7,43.7
113001004289,INSTITUCION EDUCATIVA SAN LUCAS,OFICIAL,CARTAGENA DE INDIAS,2025,128,232.6,46.8,50.4,47.6,41.3,46.5,35.1
113001005358,INSTITUCION EDUCATIVA ALBERTO E. FERNANDEZ BAENA,OFICIAL,CARTAGENA DE INDIAS,2021,85,224.9,45.8,49.3,43.5,41.8,43.7,37.8
113001005358,INSTITUCION EDUCATIVA ALBERTO E. FERNANDEZ BAENA,OFICIAL,CARTAGENA DE INDIAS,2022,55,222.5,45.3,46.9,43.7,41.6,45.9,34.7
113001005358,INSTITUCION EDUCATIVA ALBERTO E. FERNANDEZ BAENA,OFICIAL,CARTAGENA DE INDIAS,2023,65,255.4,52.6,53.6,49.0,49.1,51.3,50.1
113001005358,INSTITUCION EDUCATIVA ALBERTO E. FERNANDEZ BAENA,OFICIAL,CARTAGENA DE INDIAS,2024,44,245.0,49.2,52.6,48.1,45.8,49.7,43.4
113001005358,INSTITUCION EDUCATIVA ALBERTO E. FERNANDEZ BAENA,OFICIAL,CARTAGENA DE INDIAS,2025,57,247.1,49.3,53.1,48.5,45.7,52.7,43.9
113001005374,INSTITUCION EDUCATIVA ANTONIA SANTOS,OFICIAL,CARTAGENA DE INDIAS,2021,120,213.6,42.0,46.7,42.3,40.0,42.5,31.0
113001005374,INSTITUCION EDUCATIVA ANTONIA SANTOS,OFICIAL,CARTAGENA DE INDIAS,2022,138,215.9,43.1,46.2,42.9,40.2,44.1,30.3
113001005374,INSTITUCION EDUCATIVA ANTONIA SANTOS,OFICIAL,CARTAGENA DE INDIAS,2023,145,221.2,42.8,47.5,44.2,42.2,45.1,31.1
113001005374,INSTITUCION EDUCATIVA ANTONIA SANTOS,OFICIAL,CARTAGENA DE INDIAS,2024,133,215.7,43.5,46.4,42.6,39.7,44.4,27.6
113001005374,INSTITUCION EDUCATIVA ANTONIA SANTOS,OFICIAL,CARTAGENA DE INDIAS,2025,134,226.5,44.6,48.6,45.4,41.8,47.8,33.4
113001005544,INSTITUCION EDUCATIVA ANTONIO NARIÑO,OFICIAL,CARTAGENA DE INDIAS,2021,56,211.5,42.3,46.0,41.9,39.3,41.5,29.6
113001005544,INSTITUCION EDUCATIVA ANTONIO NARIÑO,OFICIAL,CARTAGENA DE INDIAS,2022,69,208.4,40.2,45.2,41.7,39.9,41.1,25.9
113001005544,INSTITUCION EDUCATIVA ANTONIO NARIÑO,OFICIAL,CARTAGENA DE INDIAS,2023,73,212.5,41.4,46.2,41.4,40.6,43.9,25.6
113001005544,INSTITUCION EDUCATIVA ANTONIO NARIÑO,OFICIAL,CARTAGENA DE INDIAS,2024,71,206.2,41.7,45.1,40.1,37.8,41.7,22.4
113001005544,INSTITUCION EDUCATIVA ANTONIO NARIÑO,OFICIAL,CARTAGENA DE INDIAS,2025,87,204.7,40.0,43.6,41.8,37.5,43.5,19.6
113001006711,INSTITUCION EDUCATIVA OMAIRA SANCHEZ GARZON,OFICIAL,CARTAGENA DE INDIAS,2021,46,192.3,37.5,41.7,38.2,36.2,39.5,18.5
113001006711,INSTITUCION EDUCATIVA OMAIRA SANCHEZ GARZON,OFICIAL,CARTAGENA DE INDIAS,2022,25,198.2,37.3,43.3,40.3,37.0,41.8,20.0
113001006711,INSTITUCION EDUCATIVA OMAIRA SANCHEZ GARZON,OFICIAL,CARTAGENA DE INDIAS,2023,44,189.1,36.1,41.3,38.3,35.1,39.1,12.0
113001006711,INSTITUCION EDUCATIVA OMAIRA SANCHEZ GARZON,OFICIAL,CARTAGENA DE INDIAS,2024,54,191.2,36.3,41.7,38.8,35.2,41.1,14.5
113001006711,INSTITUCION EDUCATIVA OMAIRA SANCHEZ GARZON,OFICIAL,CARTAGENA DE INDIAS,2025,64,196.9,38.4,43.4,39.7,35.6,40.8,16.5
113001006800,INSTITUCION EDUCATIVA 20 DE JULIO,OFICIAL,CARTAGENA DE INDIAS,2021,86,233.7,45.7,50.4,45.4,46.5,43.6,42.8
113001006800,INSTITUCION EDUCATIVA 20 DE JULIO,OFICIAL,CARTAGENA DE INDIAS,2022,80,237.6,47.8,50.7,46.7,45.9,44.4,43.4
113001006800,INSTITUCION EDUCATIVA 20 DE JULIO,OFICIAL,CARTAGENA DE INDIAS,2023,87,240.4,48.3,50.4,48.1,45.3,48.6,42.5
113001006800,INSTITUCION EDUCATIVA 20 DE JULIO,OFICIAL,CARTAGENA DE INDIAS,2024,77,259.4,52.4,55.3,51.9,48.8,49.4,51.4
113001006800,INSTITUCION EDUCATIVA 20 DE JULIO,OFICIAL,CARTAGENA DE INDIAS,2025,86,254.8,52.5,54.2,51.0,46.4,50.4,48.4
113001007199,INSTITUCION EDUCATIVA FE Y ALEGRIA LAS AMERICAS,OFICIAL,CARTAGENA DE INDIAS,2021,169,207.9,40.9,45.8,41.0,39.0,40.4,27.6
113001007199,INSTITUCION EDUCATIVA FE Y ALEGRIA LAS AMERICAS,OFICIAL,CARTAGENA DE INDIAS,2022,151,208.9,40.7,44.5,41.9,39.7,42.4,26.4
113001007199,INSTITUCION EDUCATIVA FE Y ALEGRIA LAS AMERICAS,OFICIAL,CARTAGENA DE INDIAS,2023,140,220.4,44.7,46.6,43.6,41.0,45.1,29.8
113001007199,INSTITUCION EDUCATIVA FE Y ALEGRIA LAS AMERICAS,OFICIAL,CARTAGENA DE INDIAS,2024,133,221.8,42.9,47.5,44.5,42.6,44.1,30.8
113001007199,INSTITUCION EDUCATIVA FE Y ALEGRIA LAS AMERICAS,OFICIAL,CARTAGENA DE INDIAS,2025,165,225.9,47.0,48.4,45.2,40.0,45.9,32.1
113001007857,INSTITUCION EDUCATIVA LA LIBERTAD,OFICIAL,CARTAGENA DE INDIAS,2021,120,214.7,42.0,47.3,42.6,40.2,41.7,31.6
113001007857,INSTITUCION EDUCATIVA LA LIBERTAD,OFICIAL,CARTAGENA DE INDIAS,2022,147,217.7,41.9,47.0,43.6,41.4,44.1,32.0
113001007857,INSTITUCION EDUCATIVA LA LIBERTAD,OFICIAL,CARTAGENA DE INDIAS,2023,105,222.0,43.8,47.7,43.8,42.0,44.9,31.1
113001007857,INSTITUCION EDUCATIVA LA LIBERTAD,OFICIAL,CARTAGENA DE INDIAS,2024,164,214.2,43.5,46.6,42.2,38.9,43.5,26.1
113001007857,INSTITUCION EDUCATIVA LA LIBERTAD,OFICIAL,CARTAGENA DE INDIAS,2025,152,216.9,43.2,46.3,43.6,39.6,45.8,27.4
113001008268,INSTITUCION EDUCATIVA MARIA CANO,OFICIAL,CARTAGENA DE INDIAS,2021,53,226.0,44.9,48.0,44.1,43.5,46.1,39.2
113001008268,INSTITUCION EDUCATIVA MARIA CANO,OFICIAL,CARTAGENA DE INDIAS,2022,54,224.9,45.1,48.4,44.1,42.0,45.9,36.0
113001008268,INSTITUCION EDUCATIVA MARIA CANO,OFICIAL,CARTAGENA DE INDIAS,2023,51,225.3,43.8,49.2,44.0,43.2,45.1,32.9
113001008268,INSTITUCION EDUCATIVA MARIA CANO,OFICIAL,CARTAGENA DE INDIAS,2024,59,240.9,48.3,51.2,47.5,45.4,49.0,41.0
113001008268,INSTITUCION EDUCATIVA MARIA CANO,OFICIAL,CARTAGENA DE INDIAS,2025,58,242.3,48.5,50.4,48.4,46.4,48.6,41.3
113001008276,INSTITUCION EDUCATIVA PLAYAS DE ACAPULCO,OFICIAL,CARTAGENA DE INDIAS,2021,81,202.4,40.7,44.4,38.8,38.0,40.2,24.2
113001008276,INSTITUCION EDUCATIVA PLAYAS DE ACAPULCO,OFICIAL,CARTAGENA DE INDIAS,2022,76,204.4,39.5,44.3,40.1,39.6,40.8,24.1
113001008276,INSTITUCION EDUCATIVA PLAYAS DE ACAPULCO,OFICIAL,CARTAGENA DE INDIAS,2023,55,224.0,46.2,48.3,42.5,42.4,43.9,32.1
113001008276,INSTITUCION EDUCATIVA PLAYAS DE ACAPULCO,OFICIAL,CARTAGENA DE INDIAS,2024,26,244.1,48.7,53.2,48.8,44.5,49.3,41.9
113001008276,INSTITUCION EDUCATIVA PLAYAS DE ACAPULCO,OFICIAL,CARTAGENA DE INDIAS,2025,41,228.7,46.7,48.1,46.8,41.4,45.7,33.3
113001008284,INSTITUCION EDUCATIVA SAN FELIPE NERI,OFICIAL,CARTAGENA DE INDIAS,2021,109,195.1,37.7,43.3,38.1,37.1,38.4,19.6
113001008284,INSTITUCION EDUCATIVA SAN FELIPE NERI,OFICIAL,CARTAGENA DE INDIAS,2022,77,202.1,39.5,43.7,40.6,37.4,41.8,22.6
113001008284,INSTITUCION EDUCATIVA SAN FELIPE NERI,OFICIAL,CARTAGENA DE INDIAS,2023,78,208.1,41.0,44.5,42.0,38.3,43.2,23.0
113001008284,INSTITUCION EDUCATIVA SAN FELIPE NERI,OFICIAL,CARTAGENA DE INDIAS,2024,93,208.2,40.7,45.0,41.9,38.6,42.7,23.3
113001008284,INSTITUCION EDUCATIVA SAN FELIPE NERI,OFICIAL,CARTAGENA DE INDIAS,2025,97,200.3,40.8,42.8,40.7,35.3,42.0,19.5
113001009281,INSTITUCION EDUCATIVA VILLA ESTRELLA,OFICIAL,CARTAGENA DE INDIAS,2021,110,206.3,41.3,45.7,40.4,38.3,39.2,26.4
113001009281,INSTITUCION EDUCATIVA VILLA ESTRELLA,OFICIAL,CARTAGENA DE INDIAS,2022,116,223.8,44.2,49.5,44.1,41.9,43.2,34.9
113001009281,INSTITUCION EDUCATIVA VILLA ESTRELLA,OFICIAL,CARTAGENA DE INDIAS,2023,104,227.2,46.1,49.0,44.8,42.2,44.2,34.9
113001009281,INSTITUCION EDUCATIVA VILLA ESTRELLA,OFICIAL,CARTAGENA DE INDIAS,2024,126,221.2,43.2,46.0,45.4,42.3,44.3,30.8
113001009281,INSTITUCION EDUCATIVA VILLA ESTRELLA,OFICIAL,CARTAGENA DE INDIAS,2025,102,234.7,46.4,49.4,47.5,44.5,47.0,37.0
113001012427,INSTITUCION EDUCATIVA MANUELA VERGARA DE CURI,OFICIAL,CARTAGENA DE INDIAS,2021,127,197.4,40.2,42.8,39.2,36.0,38.9,20.7
113001012427,INSTITUCION EDUCATIVA MANUELA VERGARA DE CURI,OFICIAL,CARTAGENA DE INDIAS,2022,128,202.8,40.6,43.7,40.8,37.5,39.4,22.8
113001012427,INSTITUCION EDUCATIVA MANUELA VERGARA DE CURI,OFICIAL,CARTAGENA DE INDIAS,2023,130,204.9,41.4,43.6,40.3,38.4,41.9,21.7
113001012427,INSTITUCION EDUCATIVA MANUELA VERGARA DE CURI,OFICIAL,CARTAGENA DE INDIAS,2024,141,211.1,41.8,45.9,42.0,39.0,42.6,24.1
113001012427,INSTITUCION EDUCATIVA MANUELA VERGARA DE CURI,OFICIAL,CARTAGENA DE INDIAS,2025,96,201.7,39.2,43.5,41.0,37.2,41.8,19.5
113001012508,ESCUELA NORMAL SUPERIOR DE CARTAGENA DE INDIAS,OFICIAL,CARTAGENA DE INDIAS,2021,141,234.6,45.4,51.5,45.6,45.8,45.1,43.4
113001012508,ESCUELA NORMAL SUPERIOR DE CARTAGENA DE INDIAS,OFICIAL,CARTAGENA DE INDIAS,2022,151,240.9,45.7,52.8,47.2,47.0,48.6,45.1
113001012508,ESCUELA NORMAL SUPERIOR DE CARTAGENA DE INDIAS,OFICIAL,CARTAGENA DE INDIAS,2023,145,250.1,49.0,52.8,49.8,48.3,50.5,47.9
113001012508,ESCUELA NORMAL SUPERIOR DE CARTAGENA DE INDIAS,OFICIAL,CARTAGENA DE INDIAS,2024,127,254.7,49.5,54.3,50.6,49.6,50.3,49.0
113001012508,ESCUELA NORMAL SUPERIOR DE CARTAGENA DE INDIAS,OFICIAL,CARTAGENA DE INDIAS,2025,122,265.4,52.1,55.7,53.1,50.9,54.5,54.2
113001012788,INSTITUCION EDUCATIVA CIUDAD DE TUNJA,OFICIAL,CARTAGENA DE INDIAS,2021,93,211.9,42.5,46.6,42.1,38.5,41.7,30.0
113001012788,INSTITUCION EDUCATIVA CIUDAD DE TUNJA,OFICIAL,CARTAGENA DE INDIAS,2022,78,216.7,42.5,46.3,43.4,40.2,46.2,31.1
113001012788,INSTITUCION EDUCATIVA CIUDAD DE TUNJA,OFICIAL,CARTAGENA DE INDIAS,2023,75,227.5,45.5,48.0,45.0,43.2,46.8,36.0
113001012788,INSTITUCION EDUCATIVA CIUDAD DE TUNJA,OFICIAL,CARTAGENA DE INDIAS,2024,68,225.9,44.7,47.2,46.2,42.6,45.2,33.1
113001012788,INSTITUCION EDUCATIVA CIUDAD DE TUNJA,OFICIAL,CARTAGENA DE INDIAS,2025,81,227.1,45.9,48.0,45.6,41.8,46.9,34.0
113001013814,INSTITUCION EDUCATIVA BERTHA GEDEON DE BALADI,OFICIAL,CARTAGENA DE INDIAS,2021,129,254.6,52.6,54.5,48.7,48.0,50.4,56.1
113001013814,INSTITUCION EDUCATIVA BERTHA GEDEON DE BALADI,OFICIAL,CARTAGENA DE INDIAS,2022,92,263.8,53.4,56.9,51.7,48.8,53.5,58.4
113001013814,INSTITUCION EDUCATIVA BERTHA GEDEON DE BALADI,OFICIAL,CARTAGENA DE INDIAS,2023,90,261.0,54.2,54.9,51.3,48.6,51.7,54.4
113001013814,INSTITUCION EDUCATIVA BERTHA GEDEON DE BALADI,OFICIAL,CARTAGENA DE INDIAS,2024,130,254.4,50.3,54.9,50.8,47.4,50.9,49.6
113001013814,INSTITUCION EDUCATIVA BERTHA GEDEON DE BALADI,OFICIAL,CARTAGENA DE INDIAS,2025,183,232.5,47.2,48.9,46.6,42.8,48.0,35.8
113001020969,INSTITUCION EDUCATIVA FRANCISCO DE PAULA SANTANDER,OFICIAL,CARTAGENA DE INDIAS,2021,64,214.3,42.9,47.6,41.6,39.6,42.5,31.0
113001020969,INSTITUCION EDUCATIVA FRANCISCO DE PAULA SANTANDER,OFICIAL,CARTAGENA DE INDIAS,2022,54,219.9,43.9,47.5,42.8,41.8,43.5,33.0
113001020969,INSTITUCION EDUCATIVA FRANCISCO DE PAULA SANTANDER,OFICIAL,CARTAGENA DE INDIAS,2023,58,219.2,43.9,45.9,43.6,42.4,42.7,29.2
113001020969,INSTITUCION EDUCATIVA FRANCISCO DE PAULA SANTANDER,OFICIAL,CARTAGENA DE INDIAS,2024,58,219.2,44.2,46.7,44.0,40.8,43.0,28.2
113001020969,INSTITUCION EDUCATIVA FRANCISCO DE PAULA SANTANDER,OFICIAL,CARTAGENA DE INDIAS,2025,110,204.9,39.4,43.9,42.1,38.3,41.4,20.9
113001028421,INSTITUCION EDUCATIVA 14 DE FEBRERO,OFICIAL,CARTAGENA DE INDIAS,2021,61,220.6,45.5,48.5,43.4,40.7,39.6,34.8
113001028421,INSTITUCION EDUCATIVA 14 DE FEBRERO,OFICIAL,CARTAGENA DE INDIAS,2022,83,211.2,41.6,46.5,41.7,39.0,42.8,27.3
113001028421,INSTITUCION EDUCATIVA 14 DE FEBRERO,OFICIAL,CARTAGENA DE INDIAS,2023,102,219.1,44.1,46.2,43.5,41.4,43.8,29.2
113001028421,INSTITUCION EDUCATIVA 14 DE FEBRERO,OFICIAL,CARTAGENA DE INDIAS,2024,123,220.8,43.3,46.5,45.8,40.3,46.5,29.8
113001028421,INSTITUCION EDUCATIVA 14 DE FEBRERO,OFICIAL,CARTAGENA DE INDIAS,2025,103,221.8,44.2,47.3,45.9,39.4,46.3,29.3
113001028469,INSTITUCION EDUCATIVA RAFAEL NU?EZ,OFICIAL,CARTAGENA DE INDIAS,2021,67,214.6,41.9,47.4,41.6,40.9,42.7,30.9
113001028469,INSTITUCION EDUCATIVA RAFAEL NU?EZ,OFICIAL,CARTAGENA DE INDIAS,2022,66,226.3,44.7,50.5,43.2,42.9,44.7,37.2
113001028469,INSTITUCION EDUCATIVA RAFAEL NU?EZ,OFICIAL,CARTAGENA DE INDIAS,2023,65,234.9,47.9,50.2,46.0,44.4,45.4,39.2
113001028469,INSTITUCION EDUCATIVA RAFAEL NU?EZ,OFICIAL,CARTAGENA DE INDIAS,2024,59,235.4,46.2,51.4,45.5,45.2,47.5,38.8
113001028469,INSTITUCION EDUCATIVA RAFAEL NU?EZ,OFICIAL,CARTAGENA DE INDIAS,2025,58,236.6,43.1,52.3,47.9,45.7,47.9,37.6
113001028483,INSTITUCION EDUCATIVA CASD MANUELA BELTRAN,OFICIAL,CARTAGENA DE INDIAS,2021,56,229.1,45.6,50.9,44.8,42.6,44.3,40.1
113001028483,INSTITUCION EDUCATIVA CASD MANUELA BELTRAN,OFICIAL,CARTAGENA DE INDIAS,2022,48,234.6,48.0,50.6,47.0,42.0,46.5,41.5
113001028483,INSTITUCION EDUCATIVA CASD MANUELA BELTRAN,OFICIAL,CARTAGENA DE INDIAS,2023,57,244.2,50.3,52.2,48.3,44.2,49.6,44.1
113001028483,INSTITUCION EDUCATIVA CASD MANUELA BELTRAN,OFICIAL,CARTAGENA DE INDIAS,2024,50,249.2,51.9,53.1,47.4,46.7,50.8,45.9
113001028483,INSTITUCION EDUCATIVA CASD MANUELA BELTRAN,OFICIAL,CARTAGENA DE INDIAS,2025,53,234.9,48.8,50.2,46.5,41.8,49.0,36.6
113001028919,INSTITUCION EDUCATIVA NUEVO BOSQUE,OFICIAL,CARTAGENA DE INDIAS,2021,154,218.5,43.0,47.6,43.2,40.9,43.7,33.5
113001028919,INSTITUCION EDUCATIVA NUEVO BOSQUE,OFICIAL,CARTAGENA DE INDIAS,2022,139,227.8,45.7,49.5,45.6,41.9,44.3,37.3
113001028919,INSTITUCION EDUCATIVA NUEVO BOSQUE,OFICIAL,CARTAGENA DE INDIAS,2023,123,237.4,47.6,51.2,46.9,44.3,46.9,40.3
113001028919,INSTITUCION EDUCATIVA NUEVO BOSQUE,OFICIAL,CARTAGENA DE INDIAS,2024,173,227.4,45.9,48.6,45.9,41.6,45.6,33.9
113001028919,INSTITUCION EDUCATIVA NUEVO BOSQUE,OFICIAL,CARTAGENA DE INDIAS,2025,173,224.0,44.5,48.2,45.6,40.4,46.3,31.2
113001028927,INSTITUCION EDUCATIVA CIUDADELA 2000,OFICIAL,CARTAGENA DE INDIAS,2021,125,232.0,47.5,51.1,45.0,43.1,42.9,41.8
113001028927,INSTITUCION EDUCATIVA CIUDADELA 2000,OFICIAL,CARTAGENA DE INDIAS,2022,129,232.8,45.8,51.0,46.1,44.0,44.5,40.8
113001028927,INSTITUCION EDUCATIVA CIUDADELA 2000,OFICIAL,CARTAGENA DE INDIAS,2023,131,240.2,48.6,52.1,47.0,44.7,47.1,41.9
113001028927,INSTITUCION EDUCATIVA CIUDADELA 2000,OFICIAL,CARTAGENA DE INDIAS,2024,134,245.3,48.9,52.5,49.1,46.3,47.7,43.6
113001028927,INSTITUCION EDUCATIVA CIUDADELA 2000,OFICIAL,CARTAGENA DE INDIAS,2025,131,246.2,47.8,52.5,49.4,46.5,51.5,42.9
113001029095,INSTITUCION EDUCATIVA FOCO ROJO,OFICIAL,CARTAGENA DE INDIAS,2021,88,209.3,42.0,45.4,41.7,38.9,40.2,28.2
113001029095,INSTITUCION EDUCATIVA FOCO ROJO,OFICIAL,CARTAGENA DE INDIAS,2022,80,207.1,40.6,44.5,41.3,39.5,40.9,25.5
113001029095,INSTITUCION EDUCATIVA FOCO ROJO,OFICIAL,CARTAGENA DE INDIAS,2023,80,219.4,43.4,47.8,42.9,40.9,45.4,29.2
113001029095,INSTITUCION EDUCATIVA FOCO ROJO,OFICIAL,CARTAGENA DE INDIAS,2024,95,220.5,43.1,47.1,44.8,41.6,43.5,29.4
113001029095,INSTITUCION EDUCATIVA FOCO ROJO,OFICIAL,CARTAGENA DE INDIAS,2025,72,234.6,46.1,50.4,46.4,45.1,46.4,36.8
113001029851,INSTITUCION EDUCATIVA JORGE ARTEL,OFICIAL,CARTAGENA DE INDIAS,2021,106,191.9,38.8,41.4,38.3,35.1,38.2,18.3
113001029851,INSTITUCION EDUCATIVA JORGE ARTEL,OFICIAL,CARTAGENA DE INDIAS,2022,94,192.7,37.6,41.6,38.1,36.9,38.4,17.6
113001029851,INSTITUCION EDUCATIVA JORGE ARTEL,OFICIAL,CARTAGENA DE INDIAS,2023,66,198.1,39.4,42.3,39.3,37.1,40.9,16.7
113001029851,INSTITUCION EDUCATIVA JORGE ARTEL,OFICIAL,CARTAGENA DE INDIAS,2024,63,200.7,39.4,43.6,40.2,37.8,39.1,19.1
113001029851,INSTITUCION EDUCATIVA JORGE ARTEL,OFICIAL,CARTAGENA DE INDIAS,2025,61,203.7,41.1,43.2,42.2,36.0,42.4,19.7
113001029893,INSTITUCIÓN EDUCATIVA ROSEDAL,NO OFICIAL,CARTAGENA DE INDIAS,2021,93,247.1,50.6,53.0,47.8,46.4,49.0,51.7
113001029893,INSTITUCIÓN EDUCATIVA ROSEDAL,NO OFICIAL,CARTAGENA DE INDIAS,2022,97,247.5,50.1,53.5,48.8,45.5,49.6,49.4
113001029893,INSTITUCIÓN EDUCATIVA ROSEDAL,NO OFICIAL,CARTAGENA DE INDIAS,2023,116,238.3,48.2,52.4,46.2,43.3,48.8,40.4
113001029893,INSTITUCIÓN EDUCATIVA ROSEDAL,NO OFICIAL,CARTAGENA DE INDIAS,2024,107,252.1,50.4,54.3,50.6,46.5,50.1,47.1
113001029893,INSTITUCIÓN EDUCATIVA ROSEDAL,NO OFICIAL,CARTAGENA DE INDIAS,2025,100,267.4,56.5,55.5,53.2,48.6,53.9,55.1
113001030085,INSTITUCION EDUCATIVA MANDELA,OFICIAL,CARTAGENA DE INDIAS,2021,86,224.2,45.3,49.2,42.6,41.9,46.1,37.2
113001030085,INSTITUCION EDUCATIVA MANDELA,OFICIAL,CARTAGENA DE INDIAS,2022,103,213.2,43.0,45.6,42.1,38.9,45.0,28.6
113001030085,INSTITUCION EDUCATIVA MANDELA,OFICIAL,CARTAGENA DE INDIAS,2023,99,220.3,43.6,47.2,43.7,41.3,45.6,29.8
113001030085,INSTITUCION EDUCATIVA MANDELA,OFICIAL,CARTAGENA DE INDIAS,2024,96,217.4,43.7,47.0,43.1,40.0,44.0,27.7
113001030085,INSTITUCION EDUCATIVA MANDELA,OFICIAL,CARTAGENA DE INDIAS,2025,100,223.2,44.7,49.0,44.1,40.8,44.3,30.0
113001030093,INSTITUCION EDUCATIVA FUNDACION PIES DESCALZOS,OFICIAL,CARTAGENA DE INDIAS,2021,55,225.4,45.5,47.6,45.3,42.2,43.8,38.5
113001030093,INSTITUCION EDUCATIVA FUNDACION PIES DESCALZOS,OFICIAL,CARTAGENA DE INDIAS,2022,43,244.4,47.5,52.9,49.8,45.8,47.7,47.2
113001030093,INSTITUCION EDUCATIVA FUNDACION PIES DESCALZOS,OFICIAL,CARTAGENA DE INDIAS,2023,57,239.0,47.1,49.9,48.9,45.3,48.0,41.8
113001030093,INSTITUCION EDUCATIVA FUNDACION PIES DESCALZOS,OFICIAL,CARTAGENA DE INDIAS,2024,47,241.7,47.9,51.0,49.3,45.4,47.6,40.5
113001030093,INSTITUCION EDUCATIVA FUNDACION PIES DESCALZOS,OFICIAL,CARTAGENA DE INDIAS,2025,52,239.2,48.8,50.5,48.9,43.5,46.7,38.8
113001030212,INSTITUCION EDUCATIVA BICENTENARIO,OFICIAL,CARTAGENA DE INDIAS,2021,107,220.7,44.2,47.3,43.8,41.7,42.6,35.3
113001030212,INSTITUCION EDUCATIVA BICENTENARIO,OFICIAL,CARTAGENA DE INDIAS,2022,86,229.5,46.3,49.0,45.2,43.7,43.9,38.1
113001030212,INSTITUCION EDUCATIVA BICENTENARIO,OFICIAL,CARTAGENA DE INDIAS,2023,108,232.0,47.6,49.2,45.9,43.2,45.8,37.2
113001030212,INSTITUCION EDUCATIVA BICENTENARIO,OFICIAL,CARTAGENA DE INDIAS,2024,100,245.6,50.0,52.0,48.1,47.2,46.9,44.1
113001030212,INSTITUCION EDUCATIVA BICENTENARIO,OFICIAL,CARTAGENA DE INDIAS,2025,111,247.2,51.2,52.4,47.8,46.1,50.4,43.6
113001800019,INSTITUCION EDUCATIVA FUNDACION PIES DESCALZOS VILLAS DE ARANJUEZ,OFICIAL,CARTAGENA DE INDIAS,2024,19,227.9,45.2,48.4,45.6,43.3,45.2,34.5
113001800019,INSTITUCION EDUCATIVA FUNDACION PIES DESCALZOS VILLAS DE ARANJUEZ,OFICIAL,CARTAGENA DE INDIAS,2025,83,227.8,45.3,49.1,46.5,41.2,45.8,33.1
113001800123,INSTITUCION EDUCATIVA GABRIEL GARCIA MARQUEZ,OFICIAL,CARTAGENA DE INDIAS,2021,104,211.4,43.1,44.8,42.1,39.9,39.9,29.9
113001800123,INSTITUCION EDUCATIVA GABRIEL GARCIA MARQUEZ,OFICIAL,CARTAGENA DE INDIAS,2022,114,218.7,43.0,47.6,43.7,41.2,42.2,32.2
113001800123,INSTITUCION EDUCATIVA GABRIEL GARCIA MARQUEZ,OFICIAL,CARTAGENA DE INDIAS,2023,123,211.6,41.5,46.6,41.3,39.6,43.0,25.0
113001800123,INSTITUCION EDUCATIVA GABRIEL GARCIA MARQUEZ,OFICIAL,CARTAGENA DE INDIAS,2024,104,223.8,43.0,49.3,44.8,42.0,44.4,31.1
113001800123,INSTITUCION EDUCATIVA GABRIEL GARCIA MARQUEZ,OFICIAL,CARTAGENA DE INDIAS,2025,102,221.7,43.2,48.1,45.2,40.6,45.1,29.4
113001800263,INSTITUCION EDUCATIVA EL SALVADOR,OFICIAL,CARTAGENA DE INDIAS,2021,226,209.0,41.8,45.9,41.4,38.5,40.4,28.0
113001800263,INSTITUCION EDUCATIVA EL SALVADOR,OFICIAL,CARTAGENA DE INDIAS,2022,291,212.9,42.0,46.4,42.1,40.0,41.7,29.0
113001800263,INSTITUCION EDUCATIVA EL SALVADOR,OFICIAL,CARTAGENA DE INDIAS,2023,244,220.5,43.5,47.8,44.0,41.5,43.1,30.1
113001800263,INSTITUCION EDUCATIVA EL SALVADOR,OFICIAL,CARTAGENA DE INDIAS,2024,273,221.2,43.8,48.1,44.0,41.7,42.7,30.1
113001800263,INSTITUCION EDUCATIVA EL SALVADOR,OFICIAL,CARTAGENA DE INDIAS,2025,160,218.6,43.3,47.7,43.8,39.9,44.1,28.2
113001800395,INSTITUCION EDUCATIVA JUAN BAUTISTA SCALABRINI,OFICIAL,CARTAGENA DE INDIAS,2025,167,231.0,45.8,50.2,45.7,42.9,46.8,34.8
113001800990,INSTITUCION EDUCATIVA POLITECNICO DEL POZON,OFICIAL,CARTAGENA DE INDIAS,2022,19,218.8,42.6,48.2,41.9,42.5,43.7,31.9
113001800990,INSTITUCION EDUCATIVA POLITECNICO DEL POZON,OFICIAL,CARTAGENA DE INDIAS,2023,74,214.1,40.0,46.9,42.0,41.8,44.3,26.1
113001800990,INSTITUCION EDUCATIVA POLITECNICO DEL POZON,OFICIAL,CARTAGENA DE INDIAS,2024,39,223.7,44.9,48.8,43.5,42.3,43.2,30.2
113001800990,INSTITUCION EDUCATIVA POLITECNICO DEL POZON,OFICIAL,CARTAGENA DE INDIAS,2025,70,237.2,47.2,51.2,46.5,45.3,46.1,38.2
113006000664,INSTITUCIÓN EDUCATIVA SAN JOSÉ DE ACHI,OFICIAL,ACHÍ,2021,45,203.9,40.7,44.1,40.0,38.4,40.3,25.0
113006000664,INSTITUCIÓN EDUCATIVA SAN JOSÉ DE ACHI,OFICIAL,ACHÍ,2022,40,199.9,40.4,42.3,40.2,37.0,40.0,21.3
113006000664,INSTITUCIÓN EDUCATIVA SAN JOSÉ DE ACHI,OFICIAL,ACHÍ,2023,43,212.8,43.9,44.2,41.6,40.4,43.0,25.5
113006000664,INSTITUCIÓN EDUCATIVA SAN JOSÉ DE ACHI,OFICIAL,ACHÍ,2024,39,205.9,40.4,43.7,41.8,39.2,40.1,22.5
113006000664,INSTITUCIÓN EDUCATIVA SAN JOSÉ DE ACHI,OFICIAL,ACHÍ,2025,36,208.7,41.3,44.3,44.2,36.8,42.6,22.7
113006000761,INSTITUCIÓN EDUCATIVA TECNICA AGROPECUARIA RICARDO CASTELLAR BARRIOS,OFICIAL,ACHÍ,2021,66,226.7,46.4,47.5,44.3,41.6,50.0,38.8
113006000761,INSTITUCIÓN EDUCATIVA TECNICA AGROPECUARIA RICARDO CASTELLAR BARRIOS,OFICIAL,ACHÍ,2022,59,228.1,44.9,49.1,44.9,43.1,47.4,37.2
113006000761,INSTITUCIÓN EDUCATIVA TECNICA AGROPECUARIA RICARDO CASTELLAR BARRIOS,OFICIAL,ACHÍ,2023,66,231.3,46.2,48.9,44.7,44.0,50.2,36.4
113006000761,INSTITUCIÓN EDUCATIVA TECNICA AGROPECUARIA RICARDO CASTELLAR BARRIOS,OFICIAL,ACHÍ,2024,87,231.7,46.0,48.9,46.5,43.7,47.0,35.8
113006000761,INSTITUCIÓN EDUCATIVA TECNICA AGROPECUARIA RICARDO CASTELLAR BARRIOS,OFICIAL,ACHÍ,2025,51,230.1,46.9,50.2,45.4,42.3,43.8,34.6
113042001618,INSTITUCIÓN EDUCATIVA TÉCNICA AGROPECUARIA EFIGENIO MENDOZA SIERRA,OFICIAL,ARENAL,2021,64,212.0,42.1,45.9,42.5,40.0,39.6,29.6
113042001618,INSTITUCIÓN EDUCATIVA TÉCNICA AGROPECUARIA EFIGENIO MENDOZA SIERRA,OFICIAL,ARENAL,2022,68,212.9,42.0,46.2,41.2,41.9,39.4,28.4
113042001618,INSTITUCIÓN EDUCATIVA TÉCNICA AGROPECUARIA EFIGENIO MENDOZA SIERRA,OFICIAL,ARENAL,2023,78,213.6,41.8,45.5,42.5,40.9,43.1,26.3
113042001618,INSTITUCIÓN EDUCATIVA TÉCNICA AGROPECUARIA EFIGENIO MENDOZA SIERRA,OFICIAL,ARENAL,2024,59,209.9,41.3,45.7,42.2,39.2,40.3,24.2
113042001618,INSTITUCIÓN EDUCATIVA TÉCNICA AGROPECUARIA EFIGENIO MENDOZA SIERRA,OFICIAL,ARENAL,2025,93,215.7,43.1,46.6,43.0,40.3,41.6,26.2
113052000024,LICEO LAS FLORES,NO OFICIAL,ARJONA,2021,9,260.2,56.7,56.0,47.2,48.6,51.2,60.1
113052000024,LICEO LAS FLORES,NO OFICIAL,ARJONA,2022,9,279.2,55.0,58.6,55.4,54.3,56.3,66.4
113052000024,LICEO LAS FLORES,NO OFICIAL,ARJONA,2023,8,260.2,52.0,51.5,51.6,52.5,53.6,54.2
113052000024,LICEO LAS FLORES,NO OFICIAL,ARJONA,2024,11,275.5,57.8,55.8,54.6,50.8,58.7,60.2
113052000024,LICEO LAS FLORES,NO OFICIAL,ARJONA,2025,10,242.5,49.5,51.2,48.4,44.3,50.1,41.5
113052000130,INSTITUCIÓN EDUCATIVA TÉCNICA EN INFORMATICA FRANCISCO DE PAULA SANTANDER,OFICIAL,ARJONA,2021,96,221.5,45.2,46.9,44.1,41.6,42.4,35.2
113052000130,INSTITUCIÓN EDUCATIVA TÉCNICA EN INFORMATICA FRANCISCO DE PAULA SANTANDER,OFICIAL,ARJONA,2022,98,230.3,47.8,48.7,45.1,43.4,43.8,39.1
113052000130,INSTITUCIÓN EDUCATIVA TÉCNICA EN INFORMATICA FRANCISCO DE PAULA SANTANDER,OFICIAL,ARJONA,2023,115,229.2,46.9,48.9,44.1,44.2,43.7,36.1
113052000130,INSTITUCIÓN EDUCATIVA TÉCNICA EN INFORMATICA FRANCISCO DE PAULA SANTANDER,OFICIAL,ARJONA,2024,131,229.2,44.6,49.2,45.5,44.4,44.6,35.5
113052000130,INSTITUCIÓN EDUCATIVA TÉCNICA EN INFORMATICA FRANCISCO DE PAULA SANTANDER,OFICIAL,ARJONA,2025,134,244.4,50.4,52.0,48.1,45.1,49.1,42.7
113052000172,INSTITUCIÓN EDUCATIVA BENJAMIN HERRERA,OFICIAL,ARJONA,2021,147,224.3,44.6,48.8,43.7,42.9,43.4,37.2
113052000172,INSTITUCIÓN EDUCATIVA BENJAMIN HERRERA,OFICIAL,ARJONA,2022,165,231.4,46.3,49.4,45.3,44.2,45.9,39.9
113052000172,INSTITUCIÓN EDUCATIVA BENJAMIN HERRERA,OFICIAL,ARJONA,2023,135,230.0,46.3,49.7,44.8,43.3,46.0,35.9
113052000172,INSTITUCIÓN EDUCATIVA BENJAMIN HERRERA,OFICIAL,ARJONA,2024,142,233.2,46.2,49.8,46.8,43.3,48.3,36.5
113052000172,INSTITUCIÓN EDUCATIVA BENJAMIN HERRERA,OFICIAL,ARJONA,2025,113,225.4,44.3,48.5,45.6,41.5,46.1,31.6
113052000211,INSTITUCIÓN EDUCATIVA TÉCNICA  AGROINDUSTRIAL REPUBLICA DE COLOMBIA,OFICIAL,ARJONA,2021,37,207.3,41.8,45.3,40.5,39.3,38.3,26.8
113052000211,INSTITUCIÓN EDUCATIVA TÉCNICA  AGROINDUSTRIAL REPUBLICA DE COLOMBIA,OFICIAL,ARJONA,2022,74,197.0,40.1,43.0,38.6,36.4,38.0,19.8
113052000211,INSTITUCIÓN EDUCATIVA TÉCNICA  AGROINDUSTRIAL REPUBLICA DE COLOMBIA,OFICIAL,ARJONA,2023,73,201.0,40.8,42.5,40.7,37.3,38.5,19.4
113052000211,INSTITUCIÓN EDUCATIVA TÉCNICA  AGROINDUSTRIAL REPUBLICA DE COLOMBIA,OFICIAL,ARJONA,2024,79,195.9,38.7,42.8,39.4,36.3,38.0,16.5
113052000211,INSTITUCIÓN EDUCATIVA TÉCNICA  AGROINDUSTRIAL REPUBLICA DE COLOMBIA,OFICIAL,ARJONA,2025,71,198.6,39.5,43.4,39.6,36.5,39.2,17.9
113052000318,INSTITUCIÓN EDUCATIVA TÉCNICA EN ARTES Y OFICIOS MARIA MICHELSEN DE LOPEZ,OFICIAL,ARJONA,2021,84,199.4,38.0,43.5,39.5,38.6,39.2,21.0
113052000318,INSTITUCIÓN EDUCATIVA TÉCNICA EN ARTES Y OFICIOS MARIA MICHELSEN DE LOPEZ,OFICIAL,ARJONA,2022,125,195.6,38.1,41.6,39.7,37.1,39.2,19.2
113052000318,INSTITUCIÓN EDUCATIVA TÉCNICA EN ARTES Y OFICIOS MARIA MICHELSEN DE LOPEZ,OFICIAL,ARJONA,2023,81,192.5,36.2,41.7,38.7,36.4,41.6,14.1
113052000318,INSTITUCIÓN EDUCATIVA TÉCNICA EN ARTES Y OFICIOS MARIA MICHELSEN DE LOPEZ,OFICIAL,ARJONA,2024,69,200.5,38.6,42.5,41.0,38.1,40.8,19.4
113052000318,INSTITUCIÓN EDUCATIVA TÉCNICA EN ARTES Y OFICIOS MARIA MICHELSEN DE LOPEZ,OFICIAL,ARJONA,2025,107,199.5,38.8,43.7,39.7,37.4,39.7,18.3
113052000415,INSTITUCIÓN EDUCATIVA TÉCNICA INDUSTRIAL DON BOSCO,OFICIAL,ARJONA,2021,175,213.5,43.6,46.1,42.3,39.9,39.8,30.6
113052000415,INSTITUCIÓN EDUCATIVA TÉCNICA INDUSTRIAL DON BOSCO,OFICIAL,ARJONA,2022,160,218.7,43.4,46.9,43.9,41.3,42.4,32.1
113052000415,INSTITUCIÓN EDUCATIVA TÉCNICA INDUSTRIAL DON BOSCO,OFICIAL,ARJONA,2023,175,229.0,45.6,48.9,45.6,43.5,44.6,34.9
113052000415,INSTITUCIÓN EDUCATIVA TÉCNICA INDUSTRIAL DON BOSCO,OFICIAL,ARJONA,2024,148,235.4,47.0,50.0,47.6,44.0,45.9,37.8
113052000415,INSTITUCIÓN EDUCATIVA TÉCNICA INDUSTRIAL DON BOSCO,OFICIAL,ARJONA,2025,183,232.2,47.6,49.4,45.8,43.0,46.1,35.4
113052000431,INSTITUCIÓN EDUCATIVA CATALINA HERRERA,OFICIAL,ARJONA,2021,112,209.2,41.2,46.0,41.4,39.9,38.7,28.0
113052000431,INSTITUCIÓN EDUCATIVA CATALINA HERRERA,OFICIAL,ARJONA,2022,97,207.8,40.6,45.0,41.7,39.6,39.8,25.9
113052000431,INSTITUCIÓN EDUCATIVA CATALINA HERRERA,OFICIAL,ARJONA,2023,113,211.2,41.2,45.1,42.5,40.5,41.4,25.1
113052000431,INSTITUCIÓN EDUCATIVA CATALINA HERRERA,OFICIAL,ARJONA,2024,82,210.7,41.4,45.8,42.0,39.8,40.6,25.5
113052000431,INSTITUCIÓN EDUCATIVA CATALINA HERRERA,OFICIAL,ARJONA,2025,62,229.3,45.2,49.7,45.7,43.3,44.4,34.3
113052000440,INSTITUCIÓN EDUCATIVA TÉCNICA AGROPECUARIA Y ACUÍCOLA DE PUERTO BADEL,OFICIAL,ARJONA,2022,38,202.6,40.9,41.7,41.9,37.2,41.3,22.5
113052000440,INSTITUCIÓN EDUCATIVA TÉCNICA AGROPECUARIA Y ACUÍCOLA DE PUERTO BADEL,OFICIAL,ARJONA,2023,31,197.4,39.1,43.1,39.8,35.2,41.5,16.1
113052000440,INSTITUCIÓN EDUCATIVA TÉCNICA AGROPECUARIA Y ACUÍCOLA DE PUERTO BADEL,OFICIAL,ARJONA,2024,35,190.5,38.3,40.6,39.4,33.9,38.5,13.7
113052000440,INSTITUCIÓN EDUCATIVA TÉCNICA AGROPECUARIA Y ACUÍCOLA DE PUERTO BADEL,OFICIAL,ARJONA,2025,32,212.7,44.8,44.9,43.4,37.2,42.1,24.2
113052800153,INSTITUCIÓN EDUCATIVA TÉCNICA INDUSTRIAL DON BOSCO,OFICIAL,ARJONA,2025,1,211.0,41.0,51.0,37.0,38.0,48.0,21.0
113140000115,INSTITUCIÓN EDUCATIVA FRANCISCO DE PAULA SANTANDER,OFICIAL,CALAMAR,2021,62,196.5,37.4,43.3,39.0,37.4,39.6,20.2
113140000115,INSTITUCIÓN EDUCATIVA FRANCISCO DE PAULA SANTANDER,OFICIAL,CALAMAR,2022,80,194.9,36.7,42.0,39.8,36.8,41.0,18.8
113140000115,INSTITUCIÓN EDUCATIVA FRANCISCO DE PAULA SANTANDER,OFICIAL,CALAMAR,2023,89,206.0,38.3,44.9,41.5,39.9,41.7,22.0
113140000115,INSTITUCIÓN EDUCATIVA FRANCISCO DE PAULA SANTANDER,OFICIAL,CALAMAR,2024,89,202.4,39.5,43.6,40.2,38.1,42.1,20.5
113140000115,INSTITUCIÓN EDUCATIVA FRANCISCO DE PAULA SANTANDER,OFICIAL,CALAMAR,2025,85,215.2,42.6,47.8,42.2,39.6,42.9,26.4
113140000191,INSTITUCIÓN EDUCATIVA TÉCNICA  AGROINDUSTRIAL DE CALAMAR,OFICIAL,CALAMAR,2021,87,196.6,38.4,42.5,39.3,37.5,37.8,20.6
113140000191,INSTITUCIÓN EDUCATIVA TÉCNICA  AGROINDUSTRIAL DE CALAMAR,OFICIAL,CALAMAR,2022,99,198.2,37.9,43.3,40.1,37.1,40.0,20.2
113140000191,INSTITUCIÓN EDUCATIVA TÉCNICA  AGROINDUSTRIAL DE CALAMAR,OFICIAL,CALAMAR,2023,78,196.2,37.8,43.3,39.2,36.7,38.9,16.1
113140000191,INSTITUCIÓN EDUCATIVA TÉCNICA  AGROINDUSTRIAL DE CALAMAR,OFICIAL,CALAMAR,2024,75,210.3,42.2,44.4,42.9,39.1,40.9,24.1
113140000191,INSTITUCIÓN EDUCATIVA TÉCNICA  AGROINDUSTRIAL DE CALAMAR,OFICIAL,CALAMAR,2025,72,201.6,40.9,43.2,40.1,36.8,41.6,19.1
113188000028,INSTITUCIÓN EDUCATIVA TÉCNICA AGROAMBIENTAL SANTA ROSA DE LIMA,OFICIAL,CICUCO,2021,55,213.0,41.5,46.3,42.2,41.1,39.9,29.6
113188000028,INSTITUCIÓN EDUCATIVA TÉCNICA AGROAMBIENTAL SANTA ROSA DE LIMA,OFICIAL,CICUCO,2022,47,215.4,43.1,45.6,42.4,42.1,40.1,30.6
113188000028,INSTITUCIÓN EDUCATIVA TÉCNICA AGROAMBIENTAL SANTA ROSA DE LIMA,OFICIAL,CICUCO,2023,61,221.1,44.3,46.9,44.0,42.4,41.8,30.3
113188000028,INSTITUCIÓN EDUCATIVA TÉCNICA AGROAMBIENTAL SANTA ROSA DE LIMA,OFICIAL,CICUCO,2024,35,232.8,45.5,50.5,46.5,44.5,44.2,36.1
113188000028,INSTITUCIÓN EDUCATIVA TÉCNICA AGROAMBIENTAL SANTA ROSA DE LIMA,OFICIAL,CICUCO,2025,35,245.9,50.4,52.8,48.8,45.1,47.9,44.1
113188000036,INSTITUCIÓN EDUCATIVA TÉCNICA ACUÍCOLA NUESTRA SEÑORA DE MONTECLARO,OFICIAL,CICUCO,2021,88,224.0,44.4,47.3,45.1,43.2,42.3,36.9
113188000036,INSTITUCIÓN EDUCATIVA TÉCNICA ACUÍCOLA NUESTRA SEÑORA DE MONTECLARO,OFICIAL,CICUCO,2022,75,230.9,46.4,49.1,46.7,43.7,42.7,39.3
113188000036,INSTITUCIÓN EDUCATIVA TÉCNICA ACUÍCOLA NUESTRA SEÑORA DE MONTECLARO,OFICIAL,CICUCO,2023,75,247.0,51.1,52.4,48.8,46.3,46.5,45.7
113188000036,INSTITUCIÓN EDUCATIVA TÉCNICA ACUÍCOLA NUESTRA SEÑORA DE MONTECLARO,OFICIAL,CICUCO,2024,73,234.6,47.6,49.6,46.3,43.8,48.1,36.8
113188000036,INSTITUCIÓN EDUCATIVA TÉCNICA ACUÍCOLA NUESTRA SEÑORA DE MONTECLARO,OFICIAL,CICUCO,2025,51,237.2,47.5,51.3,47.1,44.4,45.5,38.1
113244000010,INSTITUCIÓN EDUCATIVA MANUEL EDMUNDO MENDOZA,OFICIAL,EL CARMEN DE BOLÍVAR,2021,66,208.5,41.3,46.1,40.5,39.6,39.2,27.4
113244000010,INSTITUCIÓN EDUCATIVA MANUEL EDMUNDO MENDOZA,OFICIAL,EL CARMEN DE BOLÍVAR,2022,84,211.7,41.8,46.2,41.5,40.0,41.8,27.7
113244000010,INSTITUCIÓN EDUCATIVA MANUEL EDMUNDO MENDOZA,OFICIAL,EL CARMEN DE BOLÍVAR,2023,89,221.5,44.9,47.5,42.9,42.5,42.6,30.7
113244000010,INSTITUCIÓN EDUCATIVA MANUEL EDMUNDO MENDOZA,OFICIAL,EL CARMEN DE BOLÍVAR,2024,57,224.8,45.0,48.8,43.5,42.5,44.9,32.0
113244000010,INSTITUCIÓN EDUCATIVA MANUEL EDMUNDO MENDOZA,OFICIAL,EL CARMEN DE BOLÍVAR,2025,69,223.8,44.9,47.4,45.6,41.3,44.3,31.5
113244000125,INSTITUCIÓN EDUCATIVA TÉCNICA DE PROMOCIÓN SOCIAL,OFICIAL,EL CARMEN DE BOLÍVAR,2021,61,208.1,40.6,45.6,41.1,39.9,39.7,28.2
113244000125,INSTITUCIÓN EDUCATIVA TÉCNICA DE PROMOCIÓN SOCIAL,OFICIAL,EL CARMEN DE BOLÍVAR,2022,65,208.6,41.9,44.2,42.4,39.4,38.6,25.8
113244000125,INSTITUCIÓN EDUCATIVA TÉCNICA DE PROMOCIÓN SOCIAL,OFICIAL,EL CARMEN DE BOLÍVAR,2023,58,215.6,42.8,45.2,43.5,41.0,42.8,26.4
113244000125,INSTITUCIÓN EDUCATIVA TÉCNICA DE PROMOCIÓN SOCIAL,OFICIAL,EL CARMEN DE BOLÍVAR,2024,46,223.1,45.1,47.5,45.4,41.5,42.0,30.9
113244000125,INSTITUCIÓN EDUCATIVA TÉCNICA DE PROMOCIÓN SOCIAL,OFICIAL,EL CARMEN DE BOLÍVAR,2025,71,210.7,42.8,44.8,42.5,38.9,41.1,23.4
113244000338,INSTITUCIÓN EDUCATIVA TÉCNICA  GABRIELA MISTRAL,OFICIAL,EL CARMEN DE BOLÍVAR,2021,46,227.8,46.1,49.5,44.7,43.7,40.4,39.2
113244000338,INSTITUCIÓN EDUCATIVA TÉCNICA  GABRIELA MISTRAL,OFICIAL,EL CARMEN DE BOLÍVAR,2022,47,220.8,43.6,48.1,44.7,41.4,40.6,33.1
113244000338,INSTITUCIÓN EDUCATIVA TÉCNICA  GABRIELA MISTRAL,OFICIAL,EL CARMEN DE BOLÍVAR,2023,56,221.7,43.4,46.9,44.9,42.4,43.5,30.5
113244000338,INSTITUCIÓN EDUCATIVA TÉCNICA  GABRIELA MISTRAL,OFICIAL,EL CARMEN DE BOLÍVAR,2024,60,228.9,46.0,49.4,45.0,43.3,44.3,33.7
113244000338,INSTITUCIÓN EDUCATIVA TÉCNICA  GABRIELA MISTRAL,OFICIAL,EL CARMEN DE BOLÍVAR,2025,56,221.6,44.4,47.8,44.8,40.6,42.9,29.3
113244000397,INSTITUCIÓN EDUCATIVA MARIA INMACULADA,OFICIAL,EL CARMEN DE BOLÍVAR,2021,66,217.0,43.7,47.2,42.6,41.7,39.0,32.5
113244000397,INSTITUCIÓN EDUCATIVA MARIA INMACULADA,OFICIAL,EL CARMEN DE BOLÍVAR,2022,70,218.8,43.5,46.5,44.4,41.9,40.0,32.7
113244000397,INSTITUCIÓN EDUCATIVA MARIA INMACULADA,OFICIAL,EL CARMEN DE BOLÍVAR,2023,54,231.7,47.5,48.9,44.4,45.5,43.8,36.8
113244000397,INSTITUCIÓN EDUCATIVA MARIA INMACULADA,OFICIAL,EL CARMEN DE BOLÍVAR,2024,81,231.8,45.6,50.7,45.5,44.4,44.0,35.8
113244000397,INSTITUCIÓN EDUCATIVA MARIA INMACULADA,OFICIAL,EL CARMEN DE BOLÍVAR,2025,76,238.4,48.9,50.8,47.2,45.3,43.2,38.6
113244000591,INSTITUCIÓN EDUCATIVA ESPIRITU SANTO,OFICIAL,EL CARMEN DE BOLÍVAR,2021,58,252.0,48.5,55.1,48.6,50.3,47.6,54.5
113244000591,INSTITUCIÓN EDUCATIVA ESPIRITU SANTO,OFICIAL,EL CARMEN DE BOLÍVAR,2022,64,258.6,51.0,54.9,50.4,50.6,51.7,55.9
113244000591,INSTITUCIÓN EDUCATIVA ESPIRITU SANTO,OFICIAL,EL CARMEN DE BOLÍVAR,2023,65,258.4,51.6,54.8,50.5,50.1,51.0,52.4
113244000591,INSTITUCIÓN EDUCATIVA ESPIRITU SANTO,OFICIAL,EL CARMEN DE BOLÍVAR,2024,65,278.7,57.0,58.1,55.0,53.7,53.3,62.9
113244000591,INSTITUCIÓN EDUCATIVA ESPIRITU SANTO,OFICIAL,EL CARMEN DE BOLÍVAR,2025,62,282.1,58.1,58.3,56.1,53.7,55.0,63.6
113244000877,INSTITUCIÓN EDUCATIVA TÉCNICA Y DE PARTICIPACION COMUNITARIA JULIO CESAR TURBAY,OFICIAL,EL CARMEN DE BOLÍVAR,2021,45,190.0,37.4,42.5,37.1,35.3,37.2,17.1
113244000877,INSTITUCIÓN EDUCATIVA TÉCNICA Y DE PARTICIPACION COMUNITARIA JULIO CESAR TURBAY,OFICIAL,EL CARMEN DE BOLÍVAR,2022,67,194.2,37.1,41.7,39.2,36.8,40.7,17.8
113244000877,INSTITUCIÓN EDUCATIVA TÉCNICA Y DE PARTICIPACION COMUNITARIA JULIO CESAR TURBAY,OFICIAL,EL CARMEN DE BOLÍVAR,2023,76,194.6,37.6,42.4,38.7,37.0,38.7,15.1
113244000877,INSTITUCIÓN EDUCATIVA TÉCNICA Y DE PARTICIPACION COMUNITARIA JULIO CESAR TURBAY,OFICIAL,EL CARMEN DE BOLÍVAR,2024,79,189.6,36.1,41.4,37.6,36.5,38.4,14.2
113244000877,INSTITUCIÓN EDUCATIVA TÉCNICA Y DE PARTICIPACION COMUNITARIA JULIO CESAR TURBAY,OFICIAL,EL CARMEN DE BOLÍVAR,2025,59,202.4,39.9,44.6,40.7,36.8,40.0,19.7
113244000982,INSTITUCIÒN EDUCATIVA TÈCNICA ECOLÒGICA EMMA CECILIA ARNOLD,OFICIAL,EL CARMEN DE BOLÍVAR,2021,45,204.4,41.6,43.8,40.3,38.2,40.0,24.9
113244000982,INSTITUCIÒN EDUCATIVA TÈCNICA ECOLÒGICA EMMA CECILIA ARNOLD,OFICIAL,EL CARMEN DE BOLÍVAR,2022,32,214.9,40.9,46.5,43.3,41.6,41.8,30.6
113244000982,INSTITUCIÒN EDUCATIVA TÈCNICA ECOLÒGICA EMMA CECILIA ARNOLD,OFICIAL,EL CARMEN DE BOLÍVAR,2023,33,216.3,43.1,46.1,42.9,41.4,41.8,27.1
113244000982,INSTITUCIÒN EDUCATIVA TÈCNICA ECOLÒGICA EMMA CECILIA ARNOLD,OFICIAL,EL CARMEN DE BOLÍVAR,2024,34,216.1,44.5,45.7,43.5,38.5,45.3,26.9
113244000982,INSTITUCIÒN EDUCATIVA TÈCNICA ECOLÒGICA EMMA CECILIA ARNOLD,OFICIAL,EL CARMEN DE BOLÍVAR,2025,26,215.6,45.6,46.0,43.8,36.2,46.1,25.3
113244001041,INSTITUCIÓN EDUCATIVA TÉCNICA  AGROPECUARIA GEOVANNY CRISTINI CRISTINI,OFICIAL,EL CARMEN DE BOLÍVAR,2021,60,202.2,41.1,43.6,39.8,38.1,37.8,23.3
113244001041,INSTITUCIÓN EDUCATIVA TÉCNICA  AGROPECUARIA GEOVANNY CRISTINI CRISTINI,OFICIAL,EL CARMEN DE BOLÍVAR,2022,61,195.8,40.0,42.1,39.4,35.5,37.9,19.0
113244001041,INSTITUCIÓN EDUCATIVA TÉCNICA  AGROPECUARIA GEOVANNY CRISTINI CRISTINI,OFICIAL,EL CARMEN DE BOLÍVAR,2023,75,205.5,41.0,43.6,40.7,38.7,41.7,21.1
113244001041,INSTITUCIÓN EDUCATIVA TÉCNICA  AGROPECUARIA GEOVANNY CRISTINI CRISTINI,OFICIAL,EL CARMEN DE BOLÍVAR,2024,66,198.3,37.6,43.1,40.3,37.4,40.3,17.3
113244001041,INSTITUCIÓN EDUCATIVA TÉCNICA  AGROPECUARIA GEOVANNY CRISTINI CRISTINI,OFICIAL,EL CARMEN DE BOLÍVAR,2025,76,204.7,41.8,44.6,41.5,36.4,39.5,20.5
113244003272,INSTITUCIÓN EDUCATIVA TÉCNICA INDUSTRIAL JUAN FEDERICO HOLLMAN,OFICIAL,EL CARMEN DE BOLÍVAR,2021,103,220.6,44.6,48.3,43.5,41.7,39.5,34.6
113244003272,INSTITUCIÓN EDUCATIVA TÉCNICA INDUSTRIAL JUAN FEDERICO HOLLMAN,OFICIAL,EL CARMEN DE BOLÍVAR,2022,145,215.8,43.7,45.7,44.5,40.0,39.2,30.1
113244003272,INSTITUCIÓN EDUCATIVA TÉCNICA INDUSTRIAL JUAN FEDERICO HOLLMAN,OFICIAL,EL CARMEN DE BOLÍVAR,2023,129,224.4,44.1,47.7,44.8,43.3,43.6,32.3
113244003272,INSTITUCIÓN EDUCATIVA TÉCNICA INDUSTRIAL JUAN FEDERICO HOLLMAN,OFICIAL,EL CARMEN DE BOLÍVAR,2024,80,241.3,50.0,49.8,49.2,45.1,45.2,40.7
113244003272,INSTITUCIÓN EDUCATIVA TÉCNICA INDUSTRIAL JUAN FEDERICO HOLLMAN,OFICIAL,EL CARMEN DE BOLÍVAR,2025,108,244.8,53.3,50.5,49.4,43.0,47.8,42.2
113248000057,INSTITUCIÓN EDUCATIVA TÉCNICA AGROPECUARIAL DE EL GUAMO,OFICIAL,EL GUAMO,2021,58,210.7,42.0,45.9,42.1,39.1,40.5,29.0
113248000057,INSTITUCIÓN EDUCATIVA TÉCNICA AGROPECUARIAL DE EL GUAMO,OFICIAL,EL GUAMO,2022,68,225.2,44.7,48.6,45.4,42.8,41.3,35.9
113248000057,INSTITUCIÓN EDUCATIVA TÉCNICA AGROPECUARIAL DE EL GUAMO,OFICIAL,EL GUAMO,2023,55,214.1,43.9,44.7,43.2,39.7,42.3,26.1
113248000057,INSTITUCIÓN EDUCATIVA TÉCNICA AGROPECUARIAL DE EL GUAMO,OFICIAL,EL GUAMO,2024,56,227.8,46.5,47.7,45.8,43.4,42.0,33.1
113248000057,INSTITUCIÓN EDUCATIVA TÉCNICA AGROPECUARIAL DE EL GUAMO,OFICIAL,EL GUAMO,2025,57,240.0,50.4,50.5,47.9,44.1,45.4,39.8
113430000003,INST EDUC LICEO JOAQUIN F. VELEZ,OFICIAL,MAGANGUÉ,2021,148,213.1,42.7,45.8,42.7,39.7,41.5,30.4
113430000003,INST EDUC LICEO JOAQUIN F. VELEZ,OFICIAL,MAGANGUÉ,2022,180,218.4,44.4,46.2,44.3,40.7,40.7,32.0
113430000003,INST EDUC LICEO JOAQUIN F. VELEZ,OFICIAL,MAGANGUÉ,2023,185,220.5,45.0,47.1,43.6,41.2,42.6,29.9
113430000003,INST EDUC LICEO JOAQUIN F. VELEZ,OFICIAL,MAGANGUÉ,2024,149,223.8,44.6,48.6,45.4,40.8,43.5,30.7
113430000003,INST EDUC LICEO JOAQUIN F. VELEZ,OFICIAL,MAGANGUÉ,2025,130,224.4,46.5,48.4,44.7,40.2,44.1,30.7
113430000143,INST EDUC NSTRA SRA DE FATIMA,OFICIAL,MAGANGUÉ,2021,120,240.0,49.1,51.3,46.8,45.4,46.1,46.3
113430000143,INST EDUC NSTRA SRA DE FATIMA,OFICIAL,MAGANGUÉ,2022,103,253.4,51.3,52.7,50.9,47.9,50.4,52.9
113430000143,INST EDUC NSTRA SRA DE FATIMA,OFICIAL,MAGANGUÉ,2023,105,250.2,50.7,53.6,49.7,46.8,47.9,48.0
113430000143,INST EDUC NSTRA SRA DE FATIMA,OFICIAL,MAGANGUÉ,2024,117,248.4,50.9,52.4,48.7,46.1,51.7,45.0
113430000143,INST EDUC NSTRA SRA DE FATIMA,OFICIAL,MAGANGUÉ,2025,102,261.0,53.0,55.5,51.3,48.9,52.5,51.3
113430000631,I.E. SAN JOSE NO 2,OFICIAL,MAGANGUÉ,2021,104,228.9,46.8,49.0,45.7,42.6,42.7,39.9
113430000631,I.E. SAN JOSE NO 2,OFICIAL,MAGANGUÉ,2022,96,247.2,48.3,52.6,49.7,47.3,48.7,48.8
113430000631,I.E. SAN JOSE NO 2,OFICIAL,MAGANGUÉ,2023,85,245.5,50.5,51.5,49.1,45.1,50.0,45.5
113430000631,I.E. SAN JOSE NO 2,OFICIAL,MAGANGUÉ,2024,106,244.7,49.9,52.4,48.0,45.9,47.2,42.8
113430000631,SAN JOSE NO 2,OFICIAL,MAGANGUÉ,2025,105,238.5,49.1,50.7,48.1,42.9,48.1,38.7
113430001379,INST EDUC MANUEL ATENCIA ORDO¿EZ,OFICIAL,MAGANGUÉ,2021,160,206.2,41.3,44.8,41.5,37.7,40.4,25.9
113430001379,INST EDUC MANUEL ATENCIA ORDO¿EZ,OFICIAL,MAGANGUÉ,2022,134,209.8,41.8,45.1,42.1,39.5,40.0,27.1
113430001379,INST EDUC MANUEL ATENCIA ORDO¿EZ,OFICIAL,MAGANGUÉ,2023,133,220.7,43.7,48.0,43.3,41.3,44.8,30.3
113430001379,INST EDUC MANUEL ATENCIA ORDO¿EZ,OFICIAL,MAGANGUÉ,2024,110,213.5,43.0,46.3,42.6,38.5,43.7,25.7
113430001379,INST EDUC MANUEL ATENCIA ORDO¿EZ,OFICIAL,MAGANGUÉ,2025,87,214.4,43.3,47.8,41.7,38.5,43.3,25.2
113430002171,INST EDUC COMUNAL DE VERSALLES,OFICIAL,MAGANGUÉ,2021,84,222.0,45.2,47.8,44.2,41.4,41.7,36.0
113430002171,INST EDUC COMUNAL DE VERSALLES,OFICIAL,MAGANGUÉ,2022,91,229.9,47.0,47.6,46.3,43.9,43.2,38.6
113430002171,INST EDUC COMUNAL DE VERSALLES,OFICIAL,MAGANGUÉ,2023,105,234.8,48.8,49.4,46.7,43.4,45.7,38.7
113430002171,INST EDUC COMUNAL DE VERSALLES,OFICIAL,MAGANGUÉ,2024,88,232.9,47.1,49.5,46.8,43.8,44.4,36.7
113430002171,INST EDUC COMUNAL DE VERSALLES,OFICIAL,MAGANGUÉ,2025,81,231.0,48.2,49.5,45.0,42.0,46.7,34.5
113430002189,INST EDUC SAN MATEO,OFICIAL,MAGANGUÉ,2021,101,251.3,51.4,53.7,48.8,47.5,49.4,53.8
113430002189,INST EDUC SAN MATEO,OFICIAL,MAGANGUÉ,2022,90,271.9,55.7,57.6,53.4,51.7,51.5,63.0
113430002189,INST EDUC SAN MATEO,OFICIAL,MAGANGUÉ,2023,110,258.4,53.3,55.8,50.4,47.5,50.8,52.6
113430002189,INST EDUC SAN MATEO,OFICIAL,MAGANGUÉ,2024,91,268.8,55.2,57.2,53.9,49.7,50.9,57.4
113430002189,INST EDUC SAN MATEO,OFICIAL,MAGANGUÉ,2025,101,257.9,55.5,54.5,49.9,45.6,54.1,49.1
113430003070,INST EDUC LICEO MODERNO MAGANGUE,OFICIAL,MAGANGUÉ,2021,62,222.2,43.9,48.1,45.0,41.2,43.0,36.4
113430003070,INST EDUC LICEO MODERNO MAGANGUE,OFICIAL,MAGANGUÉ,2022,73,227.9,45.5,47.8,46.6,43.0,43.9,37.7
113430003070,INST EDUC LICEO MODERNO MAGANGUE,OFICIAL,MAGANGUÉ,2023,69,256.0,52.7,52.4,51.2,48.9,50.0,50.7
113430003070,INST EDUC LICEO MODERNO MAGANGUE,OFICIAL,MAGANGUÉ,2024,40,275.8,56.0,56.5,55.4,53.8,52.0,62.2
113430003070,INST EDUC LICEO MODERNO MAGANGUE,OFICIAL,MAGANGUÉ,2025,44,270.0,57.2,54.2,53.3,51.0,54.7,55.8
113430003096,I.E. SAN JOSE NO 1,OFICIAL,MAGANGUÉ,2021,218,211.9,42.1,46.3,41.7,39.7,41.6,29.4
113430003096,I.E. SAN JOSE NO 1,OFICIAL,MAGANGUÉ,2022,105,244.3,49.7,52.1,48.3,45.9,47.4,48.2
113430003096,I.E. SAN JOSE NO 1,OFICIAL,MAGANGUÉ,2023,171,242.6,48.6,52.1,48.0,45.8,46.9,43.2
113430003096,I.E. SAN JOSE NO 1,OFICIAL,MAGANGUÉ,2024,189,232.1,46.7,50.2,46.0,43.1,45.9,37.1
113430003096,I.E. SAN JOSE NO 1,OFICIAL,MAGANGUÉ,2025,158,235.9,47.6,50.6,46.4,44.2,46.8,38.1
113433000021,INSTITUCIÓN EDUCATIVA CAMILO TORRES DE MAHATES,OFICIAL,MAHATES,2021,71,204.2,41.2,44.5,40.9,37.5,38.2,25.1
113433000021,INSTITUCIÓN EDUCATIVA CAMILO TORRES DE MAHATES,OFICIAL,MAHATES,2022,82,200.2,39.7,43.4,40.3,37.2,38.6,21.7
113433000021,INSTITUCIÓN EDUCATIVA CAMILO TORRES DE MAHATES,OFICIAL,MAHATES,2023,73,213.5,42.6,46.2,42.2,40.0,42.2,26.3
113433000021,INSTITUCIÓN EDUCATIVA CAMILO TORRES DE MAHATES,OFICIAL,MAHATES,2024,72,206.7,40.8,45.5,41.6,37.6,41.5,21.5
113433000021,INSTITUCIÓN EDUCATIVA CAMILO TORRES DE MAHATES,OFICIAL,MAHATES,2025,52,223.1,45.0,48.7,44.0,40.8,44.5,30.5
113433000268,INSTITUCIÓN EDUCATIVA TÉCNICA AGROPECUARIA  LAZARO MARTINEZ OLIER,OFICIAL,MAHATES,2021,78,192.7,37.3,42.1,38.3,36.4,38.9,19.2
113433000268,INSTITUCIÓN EDUCATIVA TÉCNICA AGROPECUARIA  LAZARO MARTINEZ OLIER,OFICIAL,MAHATES,2022,124,194.3,36.9,42.5,39.4,36.7,38.8,19.2
113433000268,INSTITUCIÓN EDUCATIVA TÉCNICA AGROPECUARIA  LAZARO MARTINEZ OLIER,OFICIAL,MAHATES,2023,112,198.7,38.7,42.8,40.1,37.2,40.3,18.3
113433000268,INSTITUCIÓN EDUCATIVA TÉCNICA AGROPECUARIA  LAZARO MARTINEZ OLIER,OFICIAL,MAHATES,2024,100,195.5,38.1,42.0,39.6,36.2,40.6,17.3
113433000268,INSTITUCIÓN EDUCATIVA TÉCNICA AGROPECUARIA  LAZARO MARTINEZ OLIER,OFICIAL,MAHATES,2025,99,202.0,40.8,43.8,40.7,36.9,38.7,19.6
113442000076,INSTITUCIÓN EDUCATIVA SAN LUIS BELTRAN,OFICIAL,MARÍA LA BAJA,2021,126,189.7,36.7,41.4,37.8,35.8,38.3,17.4
113442000076,INSTITUCIÓN EDUCATIVA SAN LUIS BELTRAN,OFICIAL,MARÍA LA BAJA,2022,110,193.8,37.6,41.5,39.4,36.7,38.1,17.8
113442000076,INSTITUCIÓN EDUCATIVA SAN LUIS BELTRAN,OFICIAL,MARÍA LA BAJA,2023,130,192.3,37.4,41.1,38.7,36.3,39.6,14.8
113442000076,INSTITUCIÓN EDUCATIVA SAN LUIS BELTRAN,OFICIAL,MARÍA LA BAJA,2024,162,187.2,36.1,39.8,38.6,34.6,39.3,11.8
113442000076,INSTITUCIÓN EDUCATIVA SAN LUIS BELTRAN,OFICIAL,MARÍA LA BAJA,2025,158,190.2,36.4,42.2,38.6,34.2,40.1,13.3
113442000181,INSTITUCIÓN EDUCATIVA RAFAEL URIBE URIBE,OFICIAL,MARÍA LA BAJA,2021,98,213.5,44.2,46.3,42.2,39.0,39.9,30.7
113442000181,INSTITUCIÓN EDUCATIVA RAFAEL URIBE URIBE,OFICIAL,MARÍA LA BAJA,2022,92,233.6,45.9,50.6,47.0,44.8,42.3,41.0
113442000181,INSTITUCIÓN EDUCATIVA RAFAEL URIBE URIBE,OFICIAL,MARÍA LA BAJA,2023,90,237.1,47.1,50.5,47.5,45.1,45.7,39.9
113442000181,INSTITUCIÓN EDUCATIVA RAFAEL URIBE URIBE,OFICIAL,MARÍA LA BAJA,2024,88,242.0,49.1,50.8,50.2,44.4,45.4,41.5
113442000181,INSTITUCIÓN EDUCATIVA RAFAEL URIBE URIBE,OFICIAL,MARÍA LA BAJA,2025,96,228.1,46.4,49.6,45.9,40.7,45.1,32.7
113442000297,INSTITUCIÓN EDUCATIVA TÉCNICA ACUICOLA SAN FRANCISCO DE ASIS,OFICIAL,MARÍA LA BAJA,2021,68,192.7,38.6,42.6,38.0,35.1,37.8,18.4
113442000297,INSTITUCIÓN EDUCATIVA TÉCNICA ACUICOLA SAN FRANCISCO DE ASIS,OFICIAL,MARÍA LA BAJA,2022,56,197.1,38.4,41.4,41.1,36.7,39.8,20.1
113442000297,INSTITUCIÓN EDUCATIVA TÉCNICA ACUICOLA SAN FRANCISCO DE ASIS,OFICIAL,MARÍA LA BAJA,2023,45,216.4,44.1,46.1,42.4,41.1,41.5,27.6
113442000297,INSTITUCIÓN EDUCATIVA TÉCNICA ACUICOLA SAN FRANCISCO DE ASIS,OFICIAL,MARÍA LA BAJA,2024,52,198.5,39.0,43.2,40.4,37.2,36.7,17.9
113442000297,INSTITUCIÓN EDUCATIVA TÉCNICA ACUICOLA SAN FRANCISCO DE ASIS,OFICIAL,MARÍA LA BAJA,2025,50,200.2,40.1,43.6,40.8,35.7,40.0,17.3
113442000653,INSTITUCIÓN EDUCATIVA TÉCNICA AGROPECUARIA DE DESARROLLO RURAL DE MARIALABAJA,OFICIAL,MARÍA LA BAJA,2021,94,206.5,42.4,44.3,40.9,37.8,40.7,25.8
113442000653,INSTITUCIÓN EDUCATIVA TÉCNICA AGROPECUARIA DE DESARROLLO RURAL DE MARIALABAJA,OFICIAL,MARÍA LA BAJA,2022,101,211.1,41.6,46.0,41.8,39.9,41.0,27.8
113442000653,INSTITUCIÓN EDUCATIVA TÉCNICA AGROPECUARIA DE DESARROLLO RURAL DE MARIALABAJA,OFICIAL,MARÍA LA BAJA,2023,86,209.7,40.7,45.8,42.6,38.8,41.5,23.9
113442000653,INSTITUCIÓN EDUCATIVA TÉCNICA AGROPECUARIA DE DESARROLLO RURAL DE MARIALABAJA,OFICIAL,MARÍA LA BAJA,2024,88,207.0,39.7,46.0,40.8,39.1,41.2,22.5
113442000653,INSTITUCIÓN EDUCATIVA TÉCNICA AGROPECUARIA DE DESARROLLO RURAL DE MARIALABAJA,OFICIAL,MARÍA LA BAJA,2025,87,214.7,41.9,46.5,42.9,40.1,44.4,25.7
113442000718,INSTITUCIÓN EDUCATIVA TÉCNICA AGROINDUSTRIAL DE SAN PABLO,OFICIAL,MARÍA LA BAJA,2021,56,196.0,39.0,42.1,39.0,36.9,38.4,19.8
113442000718,INSTITUCIÓN EDUCATIVA TÉCNICA AGROINDUSTRIAL DE SAN PABLO,OFICIAL,MARÍA LA BAJA,2022,45,204.1,39.4,43.5,41.5,39.6,38.3,23.6
113442000718,INSTITUCIÓN EDUCATIVA TÉCNICA AGROINDUSTRIAL DE SAN PABLO,OFICIAL,MARÍA LA BAJA,2023,60,213.0,42.3,46.3,41.6,41.0,40.0,25.2
113442000718,INSTITUCIÓN EDUCATIVA TÉCNICA AGROINDUSTRIAL DE SAN PABLO,OFICIAL,MARÍA LA BAJA,2024,64,193.2,37.0,41.6,40.5,36.3,36.1,15.3
113442000718,INSTITUCIÓN EDUCATIVA TÉCNICA AGROINDUSTRIAL DE SAN PABLO,OFICIAL,MARÍA LA BAJA,2025,49,206.6,40.9,44.2,41.6,38.5,40.9,20.7
113468000015,INSTITUCIÓN EDUCATIVA NORMAL SUPERIOR DE MOMPOX,OFICIAL,MOMPÓS,2021,148,230.6,47.4,49.8,45.1,43.7,42.0,40.8
113468000015,INSTITUCIÓN EDUCATIVA NORMAL SUPERIOR DE MOMPOX,OFICIAL,MOMPÓS,2022,118,233.2,46.5,50.8,45.9,44.2,44.1,40.3
113468000015,INSTITUCIÓN EDUCATIVA NORMAL SUPERIOR DE MOMPOX,OFICIAL,MOMPÓS,2023,146,233.1,47.5,50.3,46.1,43.4,44.3,37.7
113468000015,INSTITUCIÓN EDUCATIVA NORMAL SUPERIOR DE MOMPOX,OFICIAL,MOMPÓS,2024,111,247.0,48.8,52.8,49.1,47.7,46.6,44.5
113468000015,INSTITUCIÓN EDUCATIVA NORMAL SUPERIOR DE MOMPOX,OFICIAL,MOMPÓS,2025,140,242.3,48.8,52.5,48.1,44.5,47.9,40.7
113468000899,INSTITUCIÓN EDUCATIVA TÉCNICA AGROPECUARIA Y ORFEBRERIA TOMASA NAJERA,OFICIAL,MOMPÓS,2021,86,208.4,41.0,46.0,40.5,39.8,40.1,27.2
113468000899,INSTITUCIÓN EDUCATIVA TÉCNICA AGROPECUARIA Y ORFEBRERIA TOMASA NAJERA,OFICIAL,MOMPÓS,2022,89,207.6,41.1,44.3,42.3,39.1,39.8,25.5
113468000899,INSTITUCIÓN EDUCATIVA TÉCNICA AGROPECUARIA Y ORFEBRERIA TOMASA NAJERA,OFICIAL,MOMPÓS,2023,91,215.3,43.3,46.6,42.6,39.7,43.3,27.5
113468000899,INSTITUCIÓN EDUCATIVA TÉCNICA AGROPECUARIA Y ORFEBRERIA TOMASA NAJERA,OFICIAL,MOMPÓS,2024,85,213.3,42.0,46.5,42.5,40.0,41.6,25.2
113468000899,INSTITUCIÓN EDUCATIVA TÉCNICA AGROPECUARIA Y ORFEBRERIA TOMASA NAJERA,OFICIAL,MOMPÓS,2025,85,228.3,45.5,50.2,45.7,41.4,45.0,33.2
113468001038,INSTITUCIÓN EDUCATIVA TÉCNICA COLEGIO NACIONAL PINILLOS,OFICIAL,MOMPÓS,2021,60,223.6,44.2,48.4,43.3,43.5,43.2,37.2
113468001038,INSTITUCIÓN EDUCATIVA TÉCNICA COLEGIO NACIONAL PINILLOS,OFICIAL,MOMPÓS,2022,112,213.7,43.7,46.2,43.0,37.8,43.5,28.9
113468001038,INSTITUCIÓN EDUCATIVA TÉCNICA COLEGIO NACIONAL PINILLOS,OFICIAL,MOMPÓS,2023,101,219.0,45.1,46.8,43.4,40.1,43.4,28.5
113468001038,INSTITUCIÓN EDUCATIVA TÉCNICA COLEGIO NACIONAL PINILLOS,OFICIAL,MOMPÓS,2024,90,215.8,44.3,46.7,43.4,38.5,42.6,27.7
113468001038,INSTITUCIÓN EDUCATIVA TÉCNICA COLEGIO NACIONAL PINILLOS,OFICIAL,MOMPÓS,2025,78,226.4,46.1,49.1,45.4,40.6,45.3,32.4
113549000010,INSTITUCIÓN EDUCATIVA MANUEL FRANCISCO OBREGON,OFICIAL,PINILLOS,2021,93,203.6,40.8,44.9,41.0,37.2,37.6,24.3
113549000010,INSTITUCIÓN EDUCATIVA MANUEL FRANCISCO OBREGON,OFICIAL,PINILLOS,2022,105,207.4,41.2,44.8,41.2,39.5,39.4,25.4
113549000010,INSTITUCIÓN EDUCATIVA MANUEL FRANCISCO OBREGON,OFICIAL,PINILLOS,2023,122,203.5,39.9,44.3,40.5,38.4,39.9,20.5
113549000010,INSTITUCIÓN EDUCATIVA MANUEL FRANCISCO OBREGON,OFICIAL,PINILLOS,2024,75,205.3,39.6,44.6,42.2,37.7,41.5,20.7
113549000010,INSTITUCIÓN EDUCATIVA MANUEL FRANCISCO OBREGON,OFICIAL,PINILLOS,2025,83,205.8,40.7,44.4,41.3,37.8,42.1,20.6
113580000044,INSTITUCIÓN EDUCATIVA TÉCNICA AGROPECUARIA HÉCTOR MANUEL VIDES BALLESTEROS,OFICIAL,REGIDOR,2021,30,188.0,36.5,40.7,37.4,36.2,36.6,15.9
113580000044,INSTITUCIÓN EDUCATIVA TÉCNICA AGROPECUARIA HÉCTOR MANUEL VIDES BALLESTEROS,OFICIAL,REGIDOR,2022,47,182.8,34.0,39.5,37.7,34.6,38.0,12.8
113580000044,INSTITUCIÓN EDUCATIVA TÉCNICA AGROPECUARIA HÉCTOR MANUEL VIDES BALLESTEROS,OFICIAL,REGIDOR,2024,36,207.6,41.0,44.8,42.1,38.4,40.6,23.1
113580000044,INSTITUCIÓN EDUCATIVA TÉCNICA AGROPECUARIA HÉCTOR MANUEL VIDES BALLESTEROS,OFICIAL,REGIDOR,2025,49,195.0,39.4,41.7,39.4,35.8,37.8,15.4
113600000691,INSTITUCIÓN EDUCATIVA DE RIO VIEJO,OFICIAL,RÍO VIEJO,2021,57,204.4,40.8,44.9,39.4,38.6,40.5,24.9
113600000691,INSTITUCIÓN EDUCATIVA DE RIO VIEJO,OFICIAL,RÍO VIEJO,2022,59,214.6,44.0,45.9,41.0,41.5,40.5,30.1
113600000691,INSTITUCIÓN EDUCATIVA DE RIO VIEJO,OFICIAL,RÍO VIEJO,2023,38,229.7,47.6,48.9,44.1,44.1,43.6,36.6
113600000691,INSTITUCIÓN EDUCATIVA DE RIO VIEJO,OFICIAL,RÍO VIEJO,2024,75,212.8,43.8,46.1,40.4,40.3,41.7,24.9
113600000691,INSTITUCIÓN EDUCATIVA DE RIO VIEJO,OFICIAL,RÍO VIEJO,2025,52,203.9,39.3,45.0,41.4,38.2,38.4,19.6
113647000125,INSTITUCION EDUCATIVA MAURICIO NELSON VISBAL,OFICIAL,SAN ESTANISLAO,2021,151,192.9,37.3,41.7,39.1,36.3,38.7,19.8
113647000125,INSTITUCION EDUCATIVA MAURICIO NELSON VISBAL,OFICIAL,SAN ESTANISLAO,2022,104,192.6,37.4,41.8,39.2,35.7,38.5,17.3
113647000125,INSTITUCION EDUCATIVA MAURICIO NELSON VISBAL,OFICIAL,SAN ESTANISLAO,2023,148,201.6,39.1,43.5,40.0,38.4,41.4,19.6
113647000125,INSTITUCION EDUCATIVA MAURICIO NELSON VISBAL,OFICIAL,SAN ESTANISLAO,2024,129,202.8,39.1,43.7,40.7,38.2,42.1,20.4
113647000125,INSTITUCION EDUCATIVA MAURICIO NELSON VISBAL,OFICIAL,SAN ESTANISLAO,2025,111,202.3,40.1,44.4,40.4,36.3,42.8,20.2
113647000133,INSTITUCION EDUCATIVA FRANCISCO  DE PAULA SANTANDER,OFICIAL,SAN ESTANISLAO,2021,40,193.8,38.8,43.0,38.9,34.7,37.8,18.6
113647000133,INSTITUCION EDUCATIVA FRANCISCO  DE PAULA SANTANDER,OFICIAL,SAN ESTANISLAO,2022,33,199.8,39.8,42.8,41.5,36.7,37.6,22.9
113647000133,INSTITUCION EDUCATIVA FRANCISCO  DE PAULA SANTANDER,OFICIAL,SAN ESTANISLAO,2023,43,200.1,41.0,42.9,40.7,35.6,39.9,18.0
113647000133,INSTITUCION EDUCATIVA FRANCISCO  DE PAULA SANTANDER,OFICIAL,SAN ESTANISLAO,2024,37,199.7,40.6,41.8,41.0,36.5,39.6,19.1
113647000133,INSTITUCION EDUCATIVA FRANCISCO  DE PAULA SANTANDER,OFICIAL,SAN ESTANISLAO,2025,35,209.0,43.2,45.3,41.8,37.1,40.9,22.5
113650000489,INSTITUCIÓN EDUCATIVA TÉCNICA AGROPECUARIA DE SAN FERNANDO,OFICIAL,SAN FERNANDO,2021,34,214.7,43.4,46.2,43.8,38.7,42.2,31.8
113650000489,INSTITUCIÓN EDUCATIVA TÉCNICA AGROPECUARIA DE SAN FERNANDO,OFICIAL,SAN FERNANDO,2022,80,216.5,43.9,46.2,43.7,40.1,41.0,30.4
113650000489,INSTITUCIÓN EDUCATIVA TÉCNICA AGROPECUARIA DE SAN FERNANDO,OFICIAL,SAN FERNANDO,2023,66,204.4,40.6,43.6,41.3,37.7,42.2,21.1
113650000489,INSTITUCIÓN EDUCATIVA TÉCNICA AGROPECUARIA DE SAN FERNANDO,OFICIAL,SAN FERNANDO,2024,56,212.4,41.5,45.4,43.0,39.3,44.4,25.3
113650000489,INSTITUCIÓN EDUCATIVA TÉCNICA AGROPECUARIA DE SAN FERNANDO,OFICIAL,SAN FERNANDO,2025,38,212.0,42.4,45.6,45.1,36.8,41.3,23.6
113654000173,INSTITUCIÓN EDUCATIVA TÉCNICA AGRÍCOLA DE SAN JACINTO,OFICIAL,SAN JACINTO,2021,53,216.3,43.5,46.1,43.2,40.4,42.9,32.2
113654000173,INSTITUCIÓN EDUCATIVA TÉCNICA AGRÍCOLA DE SAN JACINTO,OFICIAL,SAN JACINTO,2022,52,208.5,44.2,44.0,41.3,38.0,39.5,26.0
113654000173,INSTITUCIÓN EDUCATIVA TÉCNICA AGRÍCOLA DE SAN JACINTO,OFICIAL,SAN JACINTO,2023,54,238.6,50.6,51.1,47.8,42.2,45.5,41.0
113654000173,INSTITUCIÓN EDUCATIVA TÉCNICA AGRÍCOLA DE SAN JACINTO,OFICIAL,SAN JACINTO,2024,54,229.1,48.8,47.8,45.8,41.8,43.4,34.4
113654000173,INSTITUCIÓN EDUCATIVA TÉCNICA AGRÍCOLA DE SAN JACINTO,OFICIAL,SAN JACINTO,2025,56,239.5,50.6,49.4,48.5,43.1,48.3,38.8
113654000327,INSTITUCIÓN EDUCATIVA PIO XII,OFICIAL,SAN JACINTO,2021,189,231.8,47.1,49.7,46.0,43.7,43.2,41.1
113654000327,INSTITUCIÓN EDUCATIVA PIO XII,OFICIAL,SAN JACINTO,2022,159,259.9,54.9,53.7,50.8,49.1,50.3,53.4
113654000327,INSTITUCIÓN EDUCATIVA PIO XII,OFICIAL,SAN JACINTO,2023,205,252.5,53.2,52.5,49.0,48.1,48.2,48.7
113654000327,INSTITUCIÓN EDUCATIVA PIO XII,OFICIAL,SAN JACINTO,2024,192,248.9,50.9,52.4,49.6,46.7,48.5,44.7
113654000327,INSTITUCIÓN EDUCATIVA PIO XII,OFICIAL,SAN JACINTO,2025,158,258.0,53.3,54.0,50.3,47.8,54.4,48.8
113657000018,INSTITUCIÓN EDUCATIVA  NORMAL SUPERIOR MONTES DE MARÍA,OFICIAL,SAN JUAN NEPOMUCENO,2021,203,240.2,47.8,52.9,46.5,45.5,46.5,46.5
113657000018,INSTITUCIÓN EDUCATIVA  NORMAL SUPERIOR MONTES DE MARÍA,OFICIAL,SAN JUAN NEPOMUCENO,2022,207,250.6,50.2,53.3,48.7,49.2,47.1,50.6
113657000018,INSTITUCIÓN EDUCATIVA  NORMAL SUPERIOR MONTES DE MARÍA,OFICIAL,SAN JUAN NEPOMUCENO,2023,182,262.1,53.1,55.0,51.5,51.3,48.8,54.3
113657000018,INSTITUCIÓN EDUCATIVA  NORMAL SUPERIOR MONTES DE MARÍA,OFICIAL,SAN JUAN NEPOMUCENO,2024,189,255.6,51.1,54.1,50.0,49.8,49.3,49.4
113657000018,INSTITUCIÓN EDUCATIVA  NORMAL SUPERIOR MONTES DE MARÍA,OFICIAL,SAN JUAN NEPOMUCENO,2025,188,257.3,53.0,54.4,50.2,49.1,49.0,49.8
113657000107,INSTITUCION EDUCATIVA TECNICA RODOLFO BARRIOS CABRERA,OFICIAL,SAN JUAN NEPOMUCENO,2021,55,201.0,39.2,44.0,40.6,37.7,37.9,23.0
113657000107,INSTITUCION EDUCATIVA TECNICA RODOLFO BARRIOS CABRERA,OFICIAL,SAN JUAN NEPOMUCENO,2022,65,204.0,40.9,44.2,40.3,38.4,39.0,23.1
113657000107,INSTITUCION EDUCATIVA TECNICA RODOLFO BARRIOS CABRERA,OFICIAL,SAN JUAN NEPOMUCENO,2023,52,217.3,44.5,45.8,43.2,40.7,43.0,28.8
113657000107,INSTITUCION EDUCATIVA TECNICA RODOLFO BARRIOS CABRERA,OFICIAL,SAN JUAN NEPOMUCENO,2024,69,208.4,42.5,44.0,41.7,38.6,41.3,23.2
113657000107,INSTITUCION EDUCATIVA TECNICA RODOLFO BARRIOS CABRERA,OFICIAL,SAN JUAN NEPOMUCENO,2025,73,211.8,42.4,45.2,43.0,38.8,42.5,24.5
113657000522,INSTITUCIÓN EDUCATIVA TÉCNICA EN SISTEMAS LA FLORESTA,OFICIAL,SAN JUAN NEPOMUCENO,2021,36,194.2,40.2,42.4,37.7,35.4,38.0,19.2
113657000522,INSTITUCIÓN EDUCATIVA TÉCNICA EN SISTEMAS LA FLORESTA,OFICIAL,SAN JUAN NEPOMUCENO,2022,27,202.1,40.4,43.0,41.7,36.9,39.5,22.6
113657000522,INSTITUCIÓN EDUCATIVA TÉCNICA EN SISTEMAS LA FLORESTA,OFICIAL,SAN JUAN NEPOMUCENO,2023,27,214.9,45.2,44.4,41.7,41.1,41.2,26.9
113657000522,INSTITUCIÓN EDUCATIVA TÉCNICA EN SISTEMAS LA FLORESTA,OFICIAL,SAN JUAN NEPOMUCENO,2024,41,215.9,44.2,46.2,43.4,39.3,41.8,26.7
113657000522,INSTITUCIÓN EDUCATIVA TÉCNICA EN SISTEMAS LA FLORESTA,OFICIAL,SAN JUAN NEPOMUCENO,2025,39,199.9,40.7,43.2,40.1,35.9,39.9,17.7
113657000590,INSTITUCIÓN EDUCATIVA ACADÉMICA Y TÉCNICA EN GESTIÓN EMPRESARIAL DIÓGENES A. ARRIETA,OFICIAL,SAN JUAN NEPOMUCENO,2021,106,195.0,39.7,41.2,39.9,35.3,38.5,20.0
113657000590,INSTITUCIÓN EDUCATIVA ACADÉMICA Y TÉCNICA EN GESTIÓN EMPRESARIAL DIÓGENES A. ARRIETA,OFICIAL,SAN JUAN NEPOMUCENO,2022,125,211.9,41.9,45.6,42.5,40.2,40.3,27.9
113657000590,INSTITUCIÓN EDUCATIVA ACADÉMICA Y TÉCNICA EN GESTIÓN EMPRESARIAL DIÓGENES A. ARRIETA,OFICIAL,SAN JUAN NEPOMUCENO,2023,104,213.4,41.9,45.4,42.7,40.6,42.8,26.3
113657000590,INSTITUCIÓN EDUCATIVA ACADÉMICA Y TÉCNICA EN GESTIÓN EMPRESARIAL DIÓGENES A. ARRIETA,OFICIAL,SAN JUAN NEPOMUCENO,2024,110,207.7,41.0,44.5,42.1,39.1,39.8,22.7
113657000590,INSTITUCIÓN EDUCATIVA ACADÉMICA Y TÉCNICA EN GESTIÓN EMPRESARIAL DIÓGENES A. ARRIETA,OFICIAL,SAN JUAN NEPOMUCENO,2025,59,202.3,40.1,44.3,40.9,36.5,40.5,18.8
113667000016,INSTITUCIÓN EDUCATIVA TÉCNICA AGROPECUARIA Y MINERA DE SAN MARTÍN DE LOBA,OFICIAL,SAN MARTÍN DE LOBA,2021,101,212.9,42.0,45.7,42.6,40.8,40.2,29.0
113667000016,INSTITUCIÓN EDUCATIVA TÉCNICA AGROPECUARIA Y MINERA DE SAN MARTÍN DE LOBA,OFICIAL,SAN MARTÍN DE LOBA,2022,95,210.3,40.5,45.6,42.2,40.6,40.0,27.6
113667000016,INSTITUCIÓN EDUCATIVA TÉCNICA AGROPECUARIA Y MINERA DE SAN MARTÍN DE LOBA,OFICIAL,SAN MARTÍN DE LOBA,2023,103,216.8,43.2,46.8,42.8,40.9,42.8,28.4
113667000016,INSTITUCIÓN EDUCATIVA TÉCNICA AGROPECUARIA Y MINERA DE SAN MARTÍN DE LOBA,OFICIAL,SAN MARTÍN DE LOBA,2024,116,208.9,41.3,43.9,42.6,39.6,41.1,23.6
113667000016,INSTITUCIÓN EDUCATIVA TÉCNICA AGROPECUARIA Y MINERA DE SAN MARTÍN DE LOBA,OFICIAL,SAN MARTÍN DE LOBA,2025,95,218.7,43.2,47.3,43.9,41.1,42.3,28.3
113670001171,INSTITUCIÓN EDUCATIVA TÉCNICA LA INTEGRADA,OFICIAL,SAN PABLO,2021,131,214.2,42.5,46.6,42.4,40.8,40.3,30.8
113670001171,INSTITUCIÓN EDUCATIVA TÉCNICA LA INTEGRADA,OFICIAL,SAN PABLO,2022,125,221.3,45.8,47.2,43.7,41.3,41.6,33.8
113670001171,INSTITUCIÓN EDUCATIVA TÉCNICA LA INTEGRADA,OFICIAL,SAN PABLO,2023,147,218.5,43.8,48.3,42.5,40.6,42.7,28.7
113670001171,INSTITUCIÓN EDUCATIVA TÉCNICA LA INTEGRADA,OFICIAL,SAN PABLO,2024,197,225.1,45.7,48.6,44.0,42.5,43.1,31.9
113670001171,INSTITUCIÓN EDUCATIVA TÉCNICA LA INTEGRADA,OFICIAL,SAN PABLO,2025,161,223.1,46.4,47.6,44.5,40.3,43.6,29.5
113673000028,INSTITUCIÓN EDUCATIVA TÉCNICA AGROPECUARIA SOSTENIBLE Y AMBIENTAL  FELIPE SANTIAGO ESCOBAR,OFICIAL,SANTA CATALINA,2021,65,220.8,44.6,46.9,44.1,42.3,40.3,34.9
113673000028,INSTITUCIÓN EDUCATIVA TÉCNICA AGROPECUARIA SOSTENIBLE Y AMBIENTAL  FELIPE SANTIAGO ESCOBAR,OFICIAL,SANTA CATALINA,2022,75,218.9,42.2,47.4,43.4,42.4,43.0,31.7
113673000028,INSTITUCIÓN EDUCATIVA TÉCNICA AGROPECUARIA SOSTENIBLE Y AMBIENTAL  FELIPE SANTIAGO ESCOBAR,OFICIAL,SANTA CATALINA,2023,87,228.5,44.0,49.2,45.8,44.1,45.1,34.3
113673000028,INSTITUCIÓN EDUCATIVA TÉCNICA AGROPECUARIA SOSTENIBLE Y AMBIENTAL  FELIPE SANTIAGO ESCOBAR,OFICIAL,SANTA CATALINA,2024,84,241.6,50.2,50.3,48.4,44.9,46.7,41.3
113673000028,INSTITUCIÓN EDUCATIVA TÉCNICA AGROPECUARIA SOSTENIBLE Y AMBIENTAL  FELIPE SANTIAGO ESCOBAR,OFICIAL,SANTA CATALINA,2025,92,225.0,44.7,49.2,45.3,40.6,45.5,31.1
113683000051,INSTITUCIÓN EDUCATIVA TÉCNICA AGROPECUARIA Y EN SISTEMAS NUESTRA SEÑORA DEL CARMEN,OFICIAL,SANTA ROSA,2021,111,203.6,41.0,43.7,40.8,38.3,38.3,24.6
113683000051,INSTITUCIÓN EDUCATIVA TÉCNICA AGROPECUARIA Y EN SISTEMAS NUESTRA SEÑORA DEL CARMEN,OFICIAL,SANTA ROSA,2022,89,204.4,40.8,44.2,41.4,37.3,40.1,23.2
113683000051,INSTITUCIÓN EDUCATIVA TÉCNICA AGROPECUARIA Y EN SISTEMAS NUESTRA SEÑORA DEL CARMEN,OFICIAL,SANTA ROSA,2023,109,218.4,42.3,47.7,43.5,41.5,42.9,28.8
113683000051,INSTITUCIÓN EDUCATIVA TÉCNICA AGROPECUARIA Y EN SISTEMAS NUESTRA SEÑORA DEL CARMEN,OFICIAL,SANTA ROSA,2024,78,223.8,45.2,47.5,45.4,41.1,44.4,31.3
113683000051,INSTITUCIÓN EDUCATIVA TÉCNICA AGROPECUARIA Y EN SISTEMAS NUESTRA SEÑORA DEL CARMEN,OFICIAL,SANTA ROSA,2025,94,220.6,44.4,47.8,43.6,40.3,45.1,28.6
113683000085,INSTITUCION EDUCATIVA SANTA ROSA DE LIMA,OFICIAL,SANTA ROSA,2021,111,200.8,40.7,43.5,40.2,36.8,38.4,22.8
113683000085,INSTITUCION EDUCATIVA SANTA ROSA DE LIMA,OFICIAL,SANTA ROSA,2022,91,211.2,42.8,45.4,42.3,38.9,41.0,27.3
113683000085,INSTITUCION EDUCATIVA SANTA ROSA DE LIMA,OFICIAL,SANTA ROSA,2023,114,213.6,42.3,46.2,42.0,40.6,42.0,26.5
113683000085,INSTITUCION EDUCATIVA SANTA ROSA DE LIMA,OFICIAL,SANTA ROSA,2024,135,214.5,43.6,45.2,42.6,40.0,42.9,25.8
113683000085,INSTITUCION EDUCATIVA SANTA ROSA DE LIMA,OFICIAL,SANTA ROSA,2025,94,221.4,44.1,47.2,44.2,41.0,45.9,29.5
113683000727,CENTRO EDUCATIVO DE CHIRICOCO,OFICIAL,SANTA ROSA,2025,9,184.7,36.1,41.1,35.7,34.6,39.0,14.9
113688010909,INSTITUCION EDUCATIVA TECNICO COMERCIAL MARIA INMACULADA,OFICIAL,SANTA ROSA DEL SUR,2021,68,269.8,56.4,55.9,52.6,51.8,51.5,64.6
113688010909,INSTITUCION EDUCATIVA TECNICO COMERCIAL MARIA INMACULADA,OFICIAL,SANTA ROSA DEL SUR,2022,66,273.8,58.6,57.0,53.3,51.7,50.2,64.6
113688010909,INSTITUCION EDUCATIVA TECNICO COMERCIAL MARIA INMACULADA,OFICIAL,SANTA ROSA DEL SUR,2023,82,269.2,56.4,57.6,53.1,49.4,50.5,60.0
113688010909,INSTITUCION EDUCATIVA TECNICO COMERCIAL MARIA INMACULADA,OFICIAL,SANTA ROSA DEL SUR,2024,79,273.5,59.7,55.6,53.9,51.0,50.6,60.0
113688010909,INSTITUCION EDUCATIVA TECNICO COMERCIAL MARIA INMACULADA,OFICIAL,SANTA ROSA DEL SUR,2025,86,284.6,64.2,58.3,55.6,51.2,51.9,65.3
113688011051,INSTITUCION EDUCATIVA TECNICA EN INFORMATICA MARIA MONTESSORI,OFICIAL,SANTA ROSA DEL SUR,2021,85,271.8,56.8,56.4,53.7,51.9,50.5,65.5
113688011051,INSTITUCION EDUCATIVA TECNICA EN INFORMATICA MARIA MONTESSORI,OFICIAL,SANTA ROSA DEL SUR,2022,74,275.6,57.6,56.0,54.4,52.6,55.0,65.4
113688011051,INSTITUCION EDUCATIVA TECNICA EN INFORMATICA MARIA MONTESSORI,OFICIAL,SANTA ROSA DEL SUR,2023,89,279.8,59.5,57.3,55.1,52.6,54.0,65.4
113688011051,INSTITUCION EDUCATIVA TECNICA EN INFORMATICA MARIA MONTESSORI,OFICIAL,SANTA ROSA DEL SUR,2024,98,282.2,59.8,57.3,55.7,54.0,53.1,63.9
113688011051,INSTITUCION EDUCATIVA TECNICA EN INFORMATICA MARIA MONTESSORI,OFICIAL,SANTA ROSA DEL SUR,2025,92,292.5,63.3,59.7,57.3,54.7,55.2,68.7
113744002329,INSTITUCIÓN EDUCATIVA TÉCNICA AGROPECUARIA Y COMERCIAL EUTIMIO GUTIERREZ MANJON,OFICIAL,SIMITÍ,2021,51,240.4,50.3,51.8,47.4,44.1,44.2,46.9
113744002329,INSTITUCIÓN EDUCATIVA TÉCNICA AGROPECUARIA Y COMERCIAL EUTIMIO GUTIERREZ MANJON,OFICIAL,SIMITÍ,2022,63,240.9,49.7,50.7,48.7,45.8,41.6,44.9
113744002329,INSTITUCIÓN EDUCATIVA TÉCNICA AGROPECUARIA Y COMERCIAL EUTIMIO GUTIERREZ MANJON,OFICIAL,SIMITÍ,2023,63,251.5,53.1,52.0,51.0,46.7,45.4,49.4
113744002329,INSTITUCIÓN EDUCATIVA TÉCNICA AGROPECUARIA Y COMERCIAL EUTIMIO GUTIERREZ MANJON,OFICIAL,SIMITÍ,2024,68,256.5,52.4,53.4,52.5,48.3,47.1,50.1
113744002329,INSTITUCIÓN EDUCATIVA TÉCNICA AGROPECUARIA Y COMERCIAL EUTIMIO GUTIERREZ MANJON,OFICIAL,SIMITÍ,2025,46,264.9,55.9,54.5,54.5,48.7,47.8,54.4
113760000018,INSTITUCION EDUCATIVA TECNICA AGROPISCICOLA LICEO DEL DIQUE ENRIQUE CASTILLO JIMENEZ,OFICIAL,SOPLAVIENTO,2021,74,189.5,37.8,41.4,38.4,34.4,37.0,16.7
113760000018,INSTITUCION EDUCATIVA TECNICA AGROPISCICOLA LICEO DEL DIQUE ENRIQUE CASTILLO JIMENEZ,OFICIAL,SOPLAVIENTO,2022,76,204.7,41.6,43.0,41.2,38.5,39.6,23.7
113760000018,INSTITUCION EDUCATIVA TECNICA AGROPISCICOLA LICEO DEL DIQUE ENRIQUE CASTILLO JIMENEZ,OFICIAL,SOPLAVIENTO,2023,79,211.5,45.0,44.8,42.1,38.0,40.1,24.3
113760000018,INSTITUCION EDUCATIVA TECNICA AGROPISCICOLA LICEO DEL DIQUE ENRIQUE CASTILLO JIMENEZ,OFICIAL,SOPLAVIENTO,2024,78,206.0,41.7,44.8,41.6,37.2,39.8,22.5
113760000018,INSTITUCION EDUCATIVA TECNICA AGROPISCICOLA LICEO DEL DIQUE ENRIQUE CASTILLO JIMENEZ,OFICIAL,SOPLAVIENTO,2025,63,208.0,42.0,45.7,41.4,37.0,42.6,22.2
113760000131,INSTITUCION EDUCATIVA SIMON ALMANZA JULIO,OFICIAL,SOPLAVIENTO,2021,44,201.2,41.0,43.8,40.7,36.5,37.5,22.0
113760000131,INSTITUCION EDUCATIVA SIMON ALMANZA JULIO,OFICIAL,SOPLAVIENTO,2022,39,207.3,44.9,43.9,40.8,37.1,38.2,24.6
113760000131,INSTITUCION EDUCATIVA SIMON ALMANZA JULIO,OFICIAL,SOPLAVIENTO,2023,37,224.4,46.8,49.0,43.0,42.0,41.3,32.1
113760000131,INSTITUCION EDUCATIVA SIMON ALMANZA JULIO,OFICIAL,SOPLAVIENTO,2024,30,211.8,44.2,44.8,43.3,37.4,41.3,24.3
113760000131,INSTITUCION EDUCATIVA SIMON ALMANZA JULIO,OFICIAL,SOPLAVIENTO,2025,40,217.2,44.3,48.2,43.0,38.6,43.4,29.5
113836000021,INSTITUCION EDUCATIVA CRISANTO LUQUE,OFICIAL,TURBACO,2021,180,233.8,48.2,50.5,45.9,43.3,44.2,42.9
113836000021,INSTITUCION EDUCATIVA CRISANTO LUQUE,OFICIAL,TURBACO,2022,233,240.9,47.9,52.5,48.1,45.4,44.8,45.3
113836000021,INSTITUCION EDUCATIVA CRISANTO LUQUE,OFICIAL,TURBACO,2023,175,249.2,50.3,53.0,48.7,47.4,49.9,47.0
113836000021,INSTITUCION EDUCATIVA CRISANTO LUQUE,OFICIAL,TURBACO,2024,221,261.3,52.3,56.1,52.6,48.7,50.3,52.2
113836000021,INSTITUCION EDUCATIVA CRISANTO LUQUE,OFICIAL,TURBACO,2025,221,250.0,52.3,51.6,49.8,46.1,50.6,44.8
113836000039,INSTITUCION EDUCATIVA CUARTA POZA DE MANGA,OFICIAL,TURBACO,2021,84,227.5,45.1,49.9,43.8,43.2,45.3,38.7
113836000039,INSTITUCION EDUCATIVA CUARTA POZA DE MANGA,OFICIAL,TURBACO,2022,63,247.6,48.1,52.9,48.7,47.3,53.0,49.3
113836000039,INSTITUCION EDUCATIVA CUARTA POZA DE MANGA,OFICIAL,TURBACO,2023,69,262.4,53.2,55.7,52.1,48.7,53.2,55.4
113836000039,INSTITUCION EDUCATIVA CUARTA POZA DE MANGA,OFICIAL,TURBACO,2024,76,267.3,56.8,55.8,53.1,48.0,54.2,56.3
113836000039,INSTITUCIÓN EDUCATIVA CUARTA POZA DE MANGA,OFICIAL,TURBACO,2025,64,270.9,58.0,54.9,54.5,49.2,54.7,57.4
113836000071,INSTITUCION EDUCATIVA TECNICA ALFONSO LOPEZ PUMAREJO,OFICIAL,TURBACO,2021,87,214.8,43.8,46.1,42.9,39.4,41.8,31.4
113836000071,INSTITUCION EDUCATIVA TECNICA ALFONSO LOPEZ PUMAREJO,OFICIAL,TURBACO,2022,80,225.1,46.0,47.8,44.4,42.7,42.7,35.7
113836000071,INSTITUCION EDUCATIVA TECNICA ALFONSO LOPEZ PUMAREJO,OFICIAL,TURBACO,2023,79,222.0,44.4,46.8,43.5,43.0,44.0,31.3
113836000071,INSTITUCION EDUCATIVA TECNICA ALFONSO LOPEZ PUMAREJO,OFICIAL,TURBACO,2024,65,234.1,46.6,49.0,46.9,45.1,45.8,37.2
113836000071,INSTITUCION EDUCATIVA TECNICA ALFONSO LOPEZ PUMAREJO,OFICIAL,TURBACO,2025,53,243.3,51.7,51.2,47.5,44.1,49.1,40.7
113836000241,INSTITUCION EDUCATIVA  DOCENTE DE TURBACO,OFICIAL,TURBACO,2021,253,251.7,50.7,53.9,49.7,47.5,49.1,53.5
113836000241,INSTITUCION EDUCATIVA  DOCENTE DE TURBACO,OFICIAL,TURBACO,2022,300,254.5,51.3,54.3,49.3,48.8,50.6,52.7
113836000241,INSTITUCION EDUCATIVA  DOCENTE DE TURBACO,OFICIAL,TURBACO,2023,227,261.0,52.7,54.6,51.7,49.7,52.4,53.9
113836000241,INSTITUCION EDUCATIVA  DOCENTE DE TURBACO,OFICIAL,TURBACO,2024,212,265.5,53.5,56.3,53.5,49.6,52.0,55.4
113836000241,INSTITUCION EDUCATIVA  DOCENTE DE TURBACO,OFICIAL,TURBACO,2025,211,276.3,57.2,57.1,55.0,51.2,56.7,59.7
113836000373,INSTITUCION EDUCATIVA FELIPE SANTIAGO ESCOBAR,OFICIAL,TURBACO,2021,52,208.2,43.2,44.7,41.5,38.3,38.2,27.1
113836000373,INSTITUCION EDUCATIVA FELIPE SANTIAGO ESCOBAR,OFICIAL,TURBACO,2022,39,222.7,45.6,49.4,44.0,39.5,43.2,34.2
113836000373,INSTITUCION EDUCATIVA FELIPE SANTIAGO ESCOBAR,OFICIAL,TURBACO,2023,39,231.1,46.1,49.6,46.2,42.9,46.3,37.0
113836000373,INSTITUCION EDUCATIVA FELIPE SANTIAGO ESCOBAR,OFICIAL,TURBACO,2024,42,240.6,48.4,52.6,47.5,45.4,44.6,42.4
113836000373,INSTITUCION EDUCATIVA FELIPE SANTIAGO ESCOBAR,OFICIAL,TURBACO,2025,72,222.9,44.9,49.3,43.9,40.4,43.8,30.2
113836000781,INSTITUCIÓN EDUCATIVA TÉCNICA AGROPECUARIA LA BUENA ESPERANZA,OFICIAL,TURBACO,2021,85,201.1,40.1,43.3,40.8,37.2,38.4,23.1
113836000781,INSTITUCIÓN EDUCATIVA TÉCNICA AGROPECUARIA LA BUENA ESPERANZA,OFICIAL,TURBACO,2022,102,207.0,41.2,44.5,41.9,38.9,38.6,25.6
113836000781,INSTITUCIÓN EDUCATIVA TÉCNICA AGROPECUARIA LA BUENA ESPERANZA,OFICIAL,TURBACO,2023,88,203.6,40.6,43.9,41.0,37.6,39.8,20.7
113836000781,INSTITUCIÓN EDUCATIVA TÉCNICA AGROPECUARIA LA BUENA ESPERANZA,OFICIAL,TURBACO,2024,111,212.2,42.4,45.4,43.1,39.6,40.3,26.2
113836000781,INSTITUCIÓN EDUCATIVA TÉCNICA AGROPECUARIA LA BUENA ESPERANZA,OFICIAL,TURBACO,2025,111,206.8,41.3,44.7,42.4,37.1,41.0,21.3
113838000010,INSTITUCIÓN EDUCATIVA MARCOS FIDEL SUAREZ,OFICIAL,TURBANÁ,2021,69,212.6,45.7,46.0,41.1,38.5,39.2,29.8
113838000010,INSTITUCIÓN EDUCATIVA MARCOS FIDEL SUAREZ,OFICIAL,TURBANÁ,2022,67,207.4,41.7,44.3,41.4,39.1,39.6,25.2
113838000010,INSTITUCIÓN EDUCATIVA MARCOS FIDEL SUAREZ,OFICIAL,TURBANÁ,2023,124,209.1,41.9,45.1,40.9,39.9,40.2,23.2
113838000010,INSTITUCIÓN EDUCATIVA MARCOS FIDEL SUAREZ,OFICIAL,TURBANÁ,2024,93,215.3,43.2,45.5,43.3,40.9,41.2,28.0
113838000010,INSTITUCIÓN EDUCATIVA MARCOS FIDEL SUAREZ,OFICIAL,TURBANÁ,2025,99,212.0,42.2,45.7,41.9,39.6,42.3,24.2
113838000087,INSTITUCIÓN EDUCATIVA TÉCNICA INDUSTRIAL DE TURBANA,OFICIAL,TURBANÁ,2021,70,214.2,43.6,46.1,42.2,39.4,42.5,30.5
113838000087,INSTITUCIÓN EDUCATIVA TÉCNICA INDUSTRIAL DE TURBANA,OFICIAL,TURBANÁ,2022,73,218.9,43.4,47.9,42.9,40.7,44.2,32.0
113838000087,INSTITUCIÓN EDUCATIVA TÉCNICA INDUSTRIAL DE TURBANA,OFICIAL,TURBANÁ,2023,77,210.9,43.2,44.8,41.7,39.2,42.0,24.9
113838000087,INSTITUCIÓN EDUCATIVA TÉCNICA INDUSTRIAL DE TURBANA,OFICIAL,TURBANÁ,2024,83,220.4,43.5,47.5,43.6,41.2,45.4,29.2
113838000087,INSTITUCIÓN EDUCATIVA TÉCNICA INDUSTRIAL DE TURBANA,OFICIAL,TURBANÁ,2025,61,244.5,50.7,52.0,47.1,45.2,50.5,42.4
113873000006,INSTITUCIÓN EDUCATIVA TÉCNICA INDUSTRIAL MOISES CABEZA JUNCO,OFICIAL,VILLANUEVA,2021,104,217.1,46.2,45.6,42.4,40.2,41.5,32.8
113873000006,INSTITUCIÓN EDUCATIVA TÉCNICA INDUSTRIAL MOISES CABEZA JUNCO,OFICIAL,VILLANUEVA,2022,153,211.4,42.9,45.6,41.2,39.8,40.9,27.9
113873000006,INSTITUCIÓN EDUCATIVA TÉCNICA INDUSTRIAL MOISES CABEZA JUNCO,OFICIAL,VILLANUEVA,2023,188,213.7,43.8,45.5,42.0,39.7,42.6,26.2
113873000006,INSTITUCIÓN EDUCATIVA TÉCNICA INDUSTRIAL MOISES CABEZA JUNCO,OFICIAL,VILLANUEVA,2024,143,217.2,43.3,46.3,43.0,40.8,44.0,27.2
113873000006,INSTITUCIÓN EDUCATIVA TÉCNICA INDUSTRIAL MOISES CABEZA JUNCO,OFICIAL,VILLANUEVA,2025,141,221.2,44.8,48.0,43.7,39.9,45.9,29.1
113873000103,INSTITUCIÓN EDUCATIVA TÉCNICA AGROPECUARIA DE VILLANUEVA,OFICIAL,VILLANUEVA,2021,91,198.7,39.4,43.3,40.6,35.9,39.1,21.4
113873000103,INSTITUCIÓN EDUCATIVA TÉCNICA AGROPECUARIA DE VILLANUEVA,OFICIAL,VILLANUEVA,2022,113,200.6,39.6,42.7,41.0,37.4,39.7,21.7
113873000103,INSTITUCIÓN EDUCATIVA TÉCNICA AGROPECUARIA DE VILLANUEVA,OFICIAL,VILLANUEVA,2023,86,201.7,39.9,42.7,41.6,37.0,40.9,19.8
113873000103,INSTITUCIÓN EDUCATIVA TÉCNICA AGROPECUARIA DE VILLANUEVA,OFICIAL,VILLANUEVA,2024,81,208.3,41.4,43.6,43.4,38.2,41.7,23.1
113873000103,INSTITUCIÓN EDUCATIVA TÉCNICA AGROPECUARIA DE VILLANUEVA,OFICIAL,VILLANUEVA,2025,88,203.3,40.5,43.7,41.7,36.3,41.9,19.9
113894000031,INSTITUCIÓN EDUCATIVA TÉCNICA ACUÍCOLA SAGRADO CORAZON DE JESÚS,OFICIAL,ZAMBRANO,2021,52,206.1,41.5,44.5,41.3,38.5,38.3,26.0
113894000031,INSTITUCIÓN EDUCATIVA TÉCNICA ACUÍCOLA SAGRADO CORAZON DE JESÚS,OFICIAL,ZAMBRANO,2022,58,201.6,39.9,43.3,40.8,38.3,37.1,22.1
113894000031,INSTITUCIÓN EDUCATIVA TÉCNICA ACUÍCOLA SAGRADO CORAZON DE JESÚS,OFICIAL,ZAMBRANO,2023,54,198.5,38.5,42.0,40.1,38.4,39.1,18.1
113894000031,INSTITUCIÓN EDUCATIVA TÉCNICA ACUÍCOLA SAGRADO CORAZON DE JESÚS,OFICIAL,ZAMBRANO,2024,28,202.9,39.7,44.6,41.5,37.4,38.1,19.4
113894000031,INSTITUCIÓN EDUCATIVA TÉCNICA ACUÍCOLA SAGRADO CORAZON DE JESÚS,OFICIAL,ZAMBRANO,2025,33,204.8,40.9,45.0,41.0,36.8,41.4,20.3
113894000065,INSTITUCIÓN EDUCATIVA TÉCNICA EN INFORMATICA ANIBAL NOGUERA MENDOZA,OFICIAL,ZAMBRANO,2021,36,213.6,42.2,45.4,43.0,41.3,39.6,29.2
113894000065,INSTITUCIÓN EDUCATIVA TÉCNICA EN INFORMATICA ANIBAL NOGUERA MENDOZA,OFICIAL,ZAMBRANO,2022,60,215.6,42.7,46.4,43.0,41.5,39.7,29.7
113894000065,INSTITUCIÓN EDUCATIVA TÉCNICA EN INFORMATICA ANIBAL NOGUERA MENDOZA,OFICIAL,ZAMBRANO,2023,53,222.1,44.7,47.4,45.0,41.2,42.8,31.2
113894000065,INSTITUCIÓN EDUCATIVA TÉCNICA EN INFORMATICA ANIBAL NOGUERA MENDOZA,OFICIAL,ZAMBRANO,2024,65,228.0,45.9,49.2,46.2,41.8,43.4,33.6
113894000065,INSTITUCIÓN EDUCATIVA TÉCNICA EN INFORMATICA ANIBAL NOGUERA MENDOZA,OFICIAL,ZAMBRANO,2025,81,224.6,46.3,48.0,44.7,40.9,44.1,30.9
213001000059,INSTITUCION EDUCATIVA ISLAS DEL ROSARIO,OFICIAL,CARTAGENA DE INDIAS,2021,14,181.1,33.9,39.1,37.7,32.8,40.6,12.7
213001000059,INSTITUCION EDUCATIVA ISLAS DEL ROSARIO,OFICIAL,CARTAGENA DE INDIAS,2022,12,177.7,32.3,38.3,36.6,34.1,37.8,8.3
213001000059,INSTITUCION EDUCATIVA ISLAS DEL ROSARIO,OFICIAL,CARTAGENA DE INDIAS,2023,11,174.1,32.5,38.8,35.4,31.5,38.5,5.2
213001000059,INSTITUCION EDUCATIVA ISLAS DEL ROSARIO,OFICIAL,CARTAGENA DE INDIAS,2024,13,204.8,40.2,44.5,42.1,36.6,42.3,20.8
213001000059,INSTITUCION EDUCATIVA ISLAS DEL ROSARIO,OFICIAL,CARTAGENA DE INDIAS,2025,11,206.1,41.7,44.2,42.2,35.9,43.5,22.0
213001000075,INSTITUCION EDUCATIVA PUERTO REY,OFICIAL,CARTAGENA DE INDIAS,2021,47,185.0,35.3,41.2,37.1,34.7,36.1,16.3
213001000075,INSTITUCION EDUCATIVA PUERTO REY,OFICIAL,CARTAGENA DE INDIAS,2022,36,193.3,38.2,41.5,38.4,36.4,39.1,17.8
213001000075,INSTITUCION EDUCATIVA PUERTO REY,OFICIAL,CARTAGENA DE INDIAS,2023,41,193.8,37.6,42.3,38.1,37.4,37.7,14.7
213001000075,INSTITUCION EDUCATIVA PUERTO REY,OFICIAL,CARTAGENA DE INDIAS,2024,40,191.0,37.6,41.5,38.2,35.7,37.5,14.4
213001000075,INSTITUCION EDUCATIVA PUERTO REY,OFICIAL,CARTAGENA DE INDIAS,2025,58,193.1,39.4,42.7,38.6,33.9,37.9,14.7
213001000091,INSTITUCION EDUCATIVA DE ISLA FUERTE,OFICIAL,CARTAGENA DE INDIAS,2021,17,200.0,41.6,42.8,41.1,33.7,42.5,21.6
213001000091,INSTITUCION EDUCATIVA DE ISLA FUERTE,OFICIAL,CARTAGENA DE INDIAS,2022,14,200.0,41.8,43.6,38.6,35.1,42.8,20.1
213001000091,INSTITUCION EDUCATIVA DE ISLA FUERTE,OFICIAL,CARTAGENA DE INDIAS,2023,17,210.7,40.9,45.5,42.7,38.9,43.6,24.3
213001000091,INSTITUCION EDUCATIVA DE ISLA FUERTE,OFICIAL,CARTAGENA DE INDIAS,2024,11,214.0,44.1,46.8,41.7,39.9,39.0,25.5
213001000091,INSTITUCION EDUCATIVA DE ISLA FUERTE,OFICIAL,CARTAGENA DE INDIAS,2025,13,218.3,42.5,47.2,45.0,40.5,41.8,26.7
213001000245,INSTITUCION EDUCATIVA TIERRA BAJA,OFICIAL,CARTAGENA DE INDIAS,2021,31,220.2,44.7,51.1,41.2,39.9,42.1,34.5
213001000245,INSTITUCION EDUCATIVA TIERRA BAJA,OFICIAL,CARTAGENA DE INDIAS,2022,20,245.0,49.1,50.4,49.1,48.3,46.0,47.8
213001000245,INSTITUCION EDUCATIVA TIERRA BAJA,OFICIAL,CARTAGENA DE INDIAS,2023,27,242.4,46.9,51.1,48.1,47.7,48.8,43.5
213001000245,INSTITUCION EDUCATIVA TIERRA BAJA,OFICIAL,CARTAGENA DE INDIAS,2024,14,250.3,50.6,52.6,49.8,47.3,50.2,46.1
213001000245,INSTITUCION EDUCATIVA TIERRA BAJA,OFICIAL,CARTAGENA DE INDIAS,2025,21,275.4,53.3,59.3,53.7,53.0,57.9,61.0
213001001250,INSTITUCION EDUCATIVA DE TIERRA BOMBA,OFICIAL,CARTAGENA DE INDIAS,2021,52,181.9,34.4,40.3,37.5,34.0,34.6,13.2
213001001250,INSTITUCION EDUCATIVA DE TIERRA BOMBA,OFICIAL,CARTAGENA DE INDIAS,2022,73,183.6,34.0,39.9,38.6,34.0,37.7,13.2
213001001250,INSTITUCION EDUCATIVA DE TIERRA BOMBA,OFICIAL,CARTAGENA DE INDIAS,2023,53,186.7,36.1,39.5,37.1,35.6,40.5,12.6
213001001250,INSTITUCION EDUCATIVA DE TIERRA BOMBA,OFICIAL,CARTAGENA DE INDIAS,2024,44,185.0,35.5,40.5,37.0,34.0,39.9,11.0
213001001250,INSTITUCION EDUCATIVA DE TIERRA BOMBA,OFICIAL,CARTAGENA DE INDIAS,2025,72,188.0,35.6,41.4,38.4,34.3,39.8,13.6
213001001292,INSTITUCION ETNOEDUCATIVA DE SANTA ANA,OFICIAL,CARTAGENA DE INDIAS,2021,85,180.4,34.0,39.7,36.9,33.0,38.4,12.4
213001001292,INSTITUCION ETNOEDUCATIVA DE SANTA ANA,OFICIAL,CARTAGENA DE INDIAS,2022,48,182.1,34.8,38.1,37.8,34.0,39.6,11.8
213001001292,INSTITUCION ETNOEDUCATIVA DE SANTA ANA,OFICIAL,CARTAGENA DE INDIAS,2023,66,197.2,38.5,43.3,38.9,36.5,41.2,16.9
213001001292,INSTITUCION ETNOEDUCATIVA DE SANTA ANA,OFICIAL,CARTAGENA DE INDIAS,2024,76,201.2,38.9,44.3,40.3,37.1,41.6,19.5
213001001292,INSTITUCION ETNOEDUCATIVA DE SANTA ANA,OFICIAL,CARTAGENA DE INDIAS,2025,81,194.6,37.8,42.1,39.0,36.1,40.8,15.2
213001001306,INSTITUCION EDUCATIVA DE PONTEZUELA,OFICIAL,CARTAGENA DE INDIAS,2021,70,189.1,37.7,40.8,37.5,35.0,39.0,17.5
213001001306,INSTITUCION EDUCATIVA DE PONTEZUELA,OFICIAL,CARTAGENA DE INDIAS,2022,57,198.4,38.9,42.8,39.7,38.1,37.6,22.1
213001001306,INSTITUCION EDUCATIVA DE PONTEZUELA,OFICIAL,CARTAGENA DE INDIAS,2023,33,211.2,42.0,45.4,41.9,40.1,41.3,24.5
213001001306,INSTITUCION EDUCATIVA DE PONTEZUELA,OFICIAL,CARTAGENA DE INDIAS,2024,47,201.1,38.7,43.2,41.1,38.1,39.8,20.6
213001001306,INSTITUCION EDUCATIVA DE PONTEZUELA,OFICIAL,CARTAGENA DE INDIAS,2025,60,210.5,41.6,45.5,42.5,38.5,43.0,23.4
213001001632,INSTITUCION EDUCATIVA DE LETICIA,OFICIAL,CARTAGENA DE INDIAS,2021,17,194.5,38.5,43.2,39.0,34.8,39.2,20.3
213001001632,INSTITUCION EDUCATIVA DE LETICIA,OFICIAL,CARTAGENA DE INDIAS,2022,12,188.6,36.7,40.2,38.5,35.2,38.6,15.0
213001001632,INSTITUCION EDUCATIVA DE LETICIA,OFICIAL,CARTAGENA DE INDIAS,2023,12,196.1,37.2,44.7,39.6,35.3,39.8,16.4
213001001632,INSTITUCION EDUCATIVA DE LETICIA,OFICIAL,CARTAGENA DE INDIAS,2024,12,200.2,42.2,42.3,38.2,36.8,42.1,18.0
213001001632,INSTITUCION EDUCATIVA DE LETICIA,OFICIAL,CARTAGENA DE INDIAS,2025,8,200.4,40.5,43.5,39.9,35.4,44.0,17.9
213001001900,INSTITUCION EDUCATIVA DE ARARCA,OFICIAL,CARTAGENA DE INDIAS,2021,17,188.6,37.4,40.8,38.0,33.7,41.2,16.1
213001001900,INSTITUCION EDUCATIVA DE ARARCA,OFICIAL,CARTAGENA DE INDIAS,2022,12,190.6,37.2,41.6,37.9,35.2,39.6,16.4
213001001900,INSTITUCION EDUCATIVA DE ARARCA,OFICIAL,CARTAGENA DE INDIAS,2023,15,195.5,38.6,42.7,37.5,37.4,40.5,19.2
213001001900,INSTITUCION EDUCATIVA DE ARARCA,OFICIAL,CARTAGENA DE INDIAS,2024,20,183.7,34.5,38.5,36.2,36.8,40.0,11.9
213001001900,INSTITUCION EDUCATIVA DE ARARCA,OFICIAL,CARTAGENA DE INDIAS,2025,22,184.3,35.1,40.4,38.0,33.2,39.1,11.8
213001001942,INSTITUCION EDUCATIVA LUIS FELIPE CABRERA DE BARU,OFICIAL,CARTAGENA DE INDIAS,2021,42,185.2,36.0,40.0,37.5,33.7,39.8,15.5
213001001942,INSTITUCION EDUCATIVA LUIS FELIPE CABRERA DE BARU,OFICIAL,CARTAGENA DE INDIAS,2022,51,197.0,37.6,42.9,39.4,36.8,42.0,20.1
213001001942,INSTITUCION EDUCATIVA LUIS FELIPE CABRERA DE BARU,OFICIAL,CARTAGENA DE INDIAS,2023,43,206.0,37.2,44.4,41.4,41.7,41.6,24.0
213001001942,INSTITUCION EDUCATIVA LUIS FELIPE CABRERA DE BARU,OFICIAL,CARTAGENA DE INDIAS,2024,38,191.6,36.2,42.8,38.7,35.4,39.2,15.1
213001001942,INSTITUCION EDUCATIVA LUIS FELIPE CABRERA DE BARU,OFICIAL,CARTAGENA DE INDIAS,2025,41,209.5,42.4,46.2,41.7,36.9,42.9,23.1
213001002531,INSTITUCION EDUCATIVA MANZANILLO DEL MAR,OFICIAL,CARTAGENA DE INDIAS,2021,17,195.2,38.6,42.2,40.1,35.9,37.1,19.5
213001002531,INSTITUCION EDUCATIVA MANZANILLO DEL MAR,OFICIAL,CARTAGENA DE INDIAS,2022,15,206.9,39.3,44.4,41.6,40.1,41.9,25.4
213001002531,INSTITUCION EDUCATIVA MANZANILLO DEL MAR,OFICIAL,CARTAGENA DE INDIAS,2023,23,221.3,44.8,45.8,44.8,42.4,41.6,30.9
213001002531,INSTITUCION EDUCATIVA MANZANILLO DEL MAR,OFICIAL,CARTAGENA DE INDIAS,2024,12,198.4,36.7,41.6,42.4,37.3,41.9,16.8
213001002531,INSTITUCION EDUCATIVA MANZANILLO DEL MAR,OFICIAL,CARTAGENA DE INDIAS,2025,17,215.5,39.8,45.8,45.8,40.2,45.8,25.9
213001002809,INSTITUCION EDUCATIVA DE BAYUNCA,OFICIAL,CARTAGENA DE INDIAS,2021,236,209.8,42.0,45.5,41.5,39.8,39.3,28.7
213001002809,INSTITUCION EDUCATIVA DE BAYUNCA,OFICIAL,CARTAGENA DE INDIAS,2022,221,212.3,42.2,45.4,43.1,39.8,40.5,28.2
213001002809,INSTITUCION EDUCATIVA DE BAYUNCA,OFICIAL,CARTAGENA DE INDIAS,2023,220,220.0,43.7,47.4,44.1,40.8,44.0,30.0
213001002809,INSTITUCION EDUCATIVA DE BAYUNCA,OFICIAL,CARTAGENA DE INDIAS,2024,251,216.8,42.3,47.0,43.8,40.4,42.9,27.8
213001002809,INSTITUCION EDUCATIVA DE BAYUNCA,OFICIAL,CARTAGENA DE INDIAS,2025,239,219.0,42.2,47.5,44.7,40.5,44.8,28.3
213001002949,INSTITUCION EDUCATIVA SAN JOSE CA?O DEL ORO,OFICIAL,CARTAGENA DE INDIAS,2021,39,210.2,46.2,44.8,41.7,35.4,42.1,29.1
213001002949,INSTITUCION EDUCATIVA SAN JOSE CA?O DEL ORO,OFICIAL,CARTAGENA DE INDIAS,2022,24,211.6,43.2,44.6,42.5,38.5,44.0,28.9
213001002949,INSTITUCION EDUCATIVA SAN JOSE CA?O DEL ORO,OFICIAL,CARTAGENA DE INDIAS,2023,42,214.5,43.0,46.4,42.4,39.5,43.8,26.5
213001002949,INSTITUCION EDUCATIVA SAN JOSE CA?O DEL ORO,OFICIAL,CARTAGENA DE INDIAS,2024,40,207.3,40.6,45.4,41.6,37.6,43.3,21.3
213001002949,INSTITUCION EDUCATIVA SAN JOSE CA?O DEL ORO,OFICIAL,CARTAGENA DE INDIAS,2025,18,215.5,43.9,47.5,42.8,37.9,43.7,25.0
213001007231,INSTITUCION EDUCATIVA SAN FRANCISCO DE ASIS,OFICIAL,CARTAGENA DE INDIAS,2021,224,205.8,40.7,45.3,41.0,38.4,39.0,26.4
213001007231,INSTITUCION EDUCATIVA SAN FRANCISCO DE ASIS,OFICIAL,CARTAGENA DE INDIAS,2022,172,215.5,42.4,46.7,43.8,39.5,42.9,30.3
213001007231,INSTITUCION EDUCATIVA SAN FRANCISCO DE ASIS,OFICIAL,CARTAGENA DE INDIAS,2023,215,218.2,44.6,46.1,42.8,41.1,43.5,28.6
213001007231,INSTITUCION EDUCATIVA SAN FRANCISCO DE ASIS,OFICIAL,CARTAGENA DE INDIAS,2024,277,224.8,44.2,48.7,44.6,42.2,45.1,32.6
213001007231,INSTITUCION EDUCATIVA SAN FRANCISCO DE ASIS,OFICIAL,CARTAGENA DE INDIAS,2025,293,212.8,42.4,46.3,42.5,38.2,45.1,25.4
213001007401,INSTITUCION EDUCATIVA SANTA CRUZ DEL ISLOTE,OFICIAL,CARTAGENA DE INDIAS,2021,11,161.6,27.7,36.3,33.4,32.3,31.5,5.6
213001007401,INSTITUCION EDUCATIVA SANTA CRUZ DEL ISLOTE,OFICIAL,CARTAGENA DE INDIAS,2022,11,175.1,32.5,38.0,37.8,31.7,35.0,8.0
213001007401,INSTITUCION EDUCATIVA SANTA CRUZ DEL ISLOTE,OFICIAL,CARTAGENA DE INDIAS,2023,5,196.4,39.4,40.4,40.6,36.6,39.6,15.2
213001007401,INSTITUCION EDUCATIVA SANTA CRUZ DEL ISLOTE,OFICIAL,CARTAGENA DE INDIAS,2024,13,190.9,33.2,41.5,40.5,36.5,41.5,16.5
213001007401,INSTITUCION EDUCATIVA SANTA CRUZ DEL ISLOTE,OFICIAL,CARTAGENA DE INDIAS,2025,11,180.8,34.2,39.3,37.5,32.5,39.8,7.5
213001007533,INSTITUCION EDUCATIVA NUEVA ESPERANZA ARROYO GRANDE,OFICIAL,CARTAGENA DE INDIAS,2021,50,198.9,38.3,43.2,39.4,39.1,37.3,22.6
213001007533,INSTITUCION EDUCATIVA NUEVA ESPERANZA ARROYO GRANDE,OFICIAL,CARTAGENA DE INDIAS,2022,50,202.0,38.7,43.8,40.4,39.3,38.8,24.8
213001007533,INSTITUCION EDUCATIVA NUEVA ESPERANZA ARROYO GRANDE,OFICIAL,CARTAGENA DE INDIAS,2023,48,210.5,40.9,44.9,41.5,40.6,44.0,24.5
213001007533,INSTITUCION EDUCATIVA NUEVA ESPERANZA ARROYO GRANDE,OFICIAL,CARTAGENA DE INDIAS,2024,39,207.8,39.7,44.8,41.3,41.0,40.1,23.4
213001007533,INSTITUCION EDUCATIVA NUEVA ESPERANZA ARROYO GRANDE,OFICIAL,CARTAGENA DE INDIAS,2025,46,199.8,38.8,42.7,40.6,37.5,41.2,19.1
213001007797,INSTITUCION EDUCATIVA SAN JUAN DE DAMASCO,OFICIAL,CARTAGENA DE INDIAS,2021,74,208.1,41.1,45.1,40.9,39.4,41.8,27.6
213001007797,INSTITUCION EDUCATIVA SAN JUAN DE DAMASCO,OFICIAL,CARTAGENA DE INDIAS,2022,51,229.4,45.3,50.5,45.1,42.6,45.6,38.7
213001007797,INSTITUCION EDUCATIVA SAN JUAN DE DAMASCO,OFICIAL,CARTAGENA DE INDIAS,2023,80,233.8,46.3,50.9,45.2,44.2,47.8,37.5
213001007797,INSTITUCION EDUCATIVA SAN JUAN DE DAMASCO,OFICIAL,CARTAGENA DE INDIAS,2024,64,233.5,46.6,49.7,46.0,44.4,47.0,36.5
213001007797,INSTITUCION EDUCATIVA SAN JUAN DE DAMASCO,OFICIAL,CARTAGENA DE INDIAS,2025,66,235.9,49.2,49.7,45.9,43.0,49.7,37.6
213001009048,INSTITUCION EDUCATIVA TECNICA DE PASACABALLOS,OFICIAL,CARTAGENA DE INDIAS,2021,95,211.3,42.6,45.6,42.0,38.4,43.6,29.5
213001009048,INSTITUCION EDUCATIVA TECNICA DE PASACABALLOS,OFICIAL,CARTAGENA DE INDIAS,2022,90,211.4,41.9,46.1,41.5,38.9,44.3,27.9
213001009048,INSTITUCION EDUCATIVA TECNICA DE PASACABALLOS,OFICIAL,CARTAGENA DE INDIAS,2023,123,237.9,47.3,49.6,48.5,44.9,47.2,40.4
213001009048,INSTITUCION EDUCATIVA TECNICA DE PASACABALLOS,OFICIAL,CARTAGENA DE INDIAS,2024,102,229.6,44.4,49.6,45.8,43.0,48.2,34.4
213001009048,INSTITUCION EDUCATIVA TECNICA DE PASACABALLOS,OFICIAL,CARTAGENA DE INDIAS,2025,77,229.9,45.6,49.6,44.6,42.8,49.9,33.5
213001009056,INSTITUCION EDUCATIVA NUESTRA SEÑORA DEL BUEN AIRE,OFICIAL,CARTAGENA DE INDIAS,2021,54,202.7,41.6,43.0,41.2,36.7,39.4,24.3
213001009056,INSTITUCION EDUCATIVA NUESTRA SEÑORA DEL BUEN AIRE,OFICIAL,CARTAGENA DE INDIAS,2022,53,205.3,41.0,44.6,41.7,37.6,39.4,24.2
213001009056,INSTITUCION EDUCATIVA NUESTRA SEÑORA DEL BUEN AIRE,OFICIAL,CARTAGENA DE INDIAS,2023,57,224.4,45.0,46.8,44.6,43.7,43.1,32.3
213001009056,INSTITUCION EDUCATIVA NUESTRA SEÑORA DEL BUEN AIRE,OFICIAL,CARTAGENA DE INDIAS,2024,51,223.6,45.1,47.3,45.4,41.7,43.0,31.2
213001009056,INSTITUCION EDUCATIVA NUESTRA SEÑORA DEL BUEN AIRE,OFICIAL,CARTAGENA DE INDIAS,2025,59,211.4,41.5,45.7,42.4,38.3,45.7,23.9
213001027020,INSTITUCION EDUCATIVA DOMINGO BENKOS BIOHO,OFICIAL,CARTAGENA DE INDIAS,2021,98,188.0,37.4,39.9,38.4,34.2,38.9,16.3
213001027020,INSTITUCION EDUCATIVA DOMINGO BENKOS BIOHO,OFICIAL,CARTAGENA DE INDIAS,2022,56,192.2,37.0,41.1,40.0,35.5,38.9,17.5
213001027020,INSTITUCION EDUCATIVA DOMINGO BENKOS BIOHO,OFICIAL,CARTAGENA DE INDIAS,2023,74,192.0,36.9,40.6,39.6,36.0,40.1,15.0
213001027020,INSTITUCION EDUCATIVA DOMINGO BENKOS BIOHO,OFICIAL,CARTAGENA DE INDIAS,2024,92,195.6,37.1,42.1,39.8,37.0,40.3,17.1
213001027020,INSTITUCION EDUCATIVA DOMINGO BENKOS BIOHO,OFICIAL,CARTAGENA DE INDIAS,2025,73,200.2,37.8,44.1,41.1,36.3,42.5,18.5
213006000057,INSTITUCIÓN EDUCATIVA DE RIO NUEVO,OFICIAL,ACHÍ,2021,8,202.1,40.4,44.9,39.8,37.9,37.0,22.1
213006000057,INSTITUCIÓN EDUCATIVA DE RIO NUEVO,OFICIAL,ACHÍ,2022,13,201.5,39.7,44.4,40.8,36.6,39.5,21.8
213006000057,INSTITUCIÓN EDUCATIVA DE RIO NUEVO,OFICIAL,ACHÍ,2023,24,240.8,46.8,51.7,47.2,47.5,46.2,42.2
213006000057,INSTITUCIÓN EDUCATIVA DE RIO NUEVO,OFICIAL,ACHÍ,2024,21,218.4,44.2,45.7,43.5,42.2,40.6,27.7
213006000057,INSTITUCIÓN EDUCATIVA DE RIO NUEVO,OFICIAL,ACHÍ,2025,26,205.9,41.5,43.3,41.5,39.4,38.1,20.5
213006000065,INSTITUCIÓN EDUCATIVA DE BUENAVISTA,OFICIAL,ACHÍ,2021,19,197.5,38.4,44.4,38.7,36.8,38.3,20.3
213006000065,INSTITUCIÓN EDUCATIVA DE BUENAVISTA,OFICIAL,ACHÍ,2022,21,187.0,37.5,39.3,37.9,35.3,36.2,13.3
213006000065,INSTITUCIÓN EDUCATIVA DE BUENAVISTA,OFICIAL,ACHÍ,2023,13,194.1,38.9,40.9,40.2,34.8,40.2,14.2
213006000065,INSTITUCIÓN EDUCATIVA DE BUENAVISTA,OFICIAL,ACHÍ,2024,17,187.3,35.5,40.9,38.4,35.1,37.2,12.0
213006000065,INSTITUCIÓN EDUCATIVA DE BUENAVISTA,OFICIAL,ACHÍ,2025,14,192.1,35.6,43.6,40.1,33.2,41.9,14.9
213006000103,INSTITUCIÓN EDUCATIVA TÉCNICA AGROINDUSTRIAL NUEVA GENERACIÓN DE ASTILLEROS,OFICIAL,SAN JACINTO DEL CAUCA,2021,13,214.2,42.9,47.9,43.2,38.5,39.1,32.4
213006000103,INSTITUCIÓN EDUCATIVA TÉCNICA AGROINDUSTRIAL NUEVA GENERACIÓN DE ASTILLEROS,OFICIAL,SAN JACINTO DEL CAUCA,2022,21,209.4,42.6,46.5,39.6,38.8,41.8,26.2
213006000103,INSTITUCIÓN EDUCATIVA TÉCNICA AGROINDUSTRIAL NUEVA GENERACIÓN DE ASTILLEROS,OFICIAL,SAN JACINTO DEL CAUCA,2023,28,205.9,40.0,44.3,40.3,40.2,41.0,21.0
213006000103,INSTITUCIÓN EDUCATIVA TÉCNICA AGROINDUSTRIAL NUEVA GENERACIÓN DE ASTILLEROS,OFICIAL,SAN JACINTO DEL CAUCA,2024,13,217.9,41.3,47.1,45.9,40.4,42.3,27.2
213006000103,INSTITUCIÓN EDUCATIVA TÉCNICA AGROINDUSTRIAL NUEVA GENERACIÓN DE ASTILLEROS,OFICIAL,SAN JACINTO DEL CAUCA,2025,22,217.2,39.9,48.1,44.0,42.4,41.4,26.4
213006000154,INSTITUCIÓN EDUCATIVA DE GUACAMAYO,OFICIAL,ACHÍ,2021,18,188.9,37.0,41.5,37.7,34.6,38.8,15.4
213006000154,INSTITUCIÓN EDUCATIVA DE GUACAMAYO,OFICIAL,ACHÍ,2022,14,196.8,36.6,42.6,38.9,39.3,39.4,19.1
213006000154,INSTITUCIÓN EDUCATIVA DE GUACAMAYO,OFICIAL,ACHÍ,2023,13,202.5,43.2,42.9,39.5,36.2,40.8,19.6
213006000154,INSTITUCIÓN EDUCATIVA DE GUACAMAYO,OFICIAL,ACHÍ,2024,10,196.7,36.6,41.4,40.7,39.1,37.5,18.4
213006000154,INSTITUCIÓN EDUCATIVA DE GUACAMAYO,OFICIAL,ACHÍ,2025,15,197.7,36.6,44.0,40.6,37.0,39.3,17.3
213006000171,INSTITUCIÓN EDUCATIVA TÉCNICA AGROPECUARIA Y MINERA DE MONTECRISTO,OFICIAL,MONTECRISTO,2021,46,213.9,43.9,45.1,42.9,40.5,39.0,31.2
213006000171,INSTITUCIÓN EDUCATIVA TÉCNICA AGROPECUARIA Y MINERA DE MONTECRISTO,OFICIAL,MONTECRISTO,2022,47,210.1,42.5,45.1,41.7,40.4,37.4,26.4
213006000171,INSTITUCIÓN EDUCATIVA TÉCNICA AGROPECUARIA Y MINERA DE MONTECRISTO,OFICIAL,MONTECRISTO,2023,64,213.3,43.2,45.3,42.6,39.8,41.8,25.7
213006000171,INSTITUCIÓN EDUCATIVA TÉCNICA AGROPECUARIA Y MINERA DE MONTECRISTO,OFICIAL,MONTECRISTO,2024,74,213.0,41.2,46.5,42.3,41.5,39.5,25.9
213006000171,INSTITUCIÓN EDUCATIVA TÉCNICA AGROPECUARIA Y MINERA DE MONTECRISTO,OFICIAL,MONTECRISTO,2025,63,225.9,47.0,48.1,44.6,41.9,42.3,31.2
213006000251,INSTITUCIÓN EDUCATIVA DE GALLEGO,OFICIAL,ACHÍ,2021,9,173.1,33.3,37.0,34.4,33.7,34.8,8.0
213006000251,INSTITUCIÓN EDUCATIVA DE GALLEGO,OFICIAL,ACHÍ,2022,9,213.8,41.1,44.8,44.2,41.1,42.3,28.7
213006000251,INSTITUCIÓN EDUCATIVA DE GALLEGO,OFICIAL,ACHÍ,2023,9,222.9,45.2,47.2,42.0,44.7,41.9,30.8
213006000251,INSTITUCIÓN EDUCATIVA DE GALLEGO,OFICIAL,ACHÍ,2025,12,205.6,39.2,46.2,39.5,41.4,36.0,21.1
213006000278,INSTITUCIÓN EDUCATIVA DE REGENCIA,OFICIAL,MONTECRISTO,2022,9,199.8,43.3,44.3,36.0,36.6,38.4,20.9
213006000278,INSTITUCIÓN EDUCATIVA DE REGENCIA,OFICIAL,MONTECRISTO,2023,8,195.8,39.0,40.6,38.5,37.4,42.4,15.9
213006000278,INSTITUCIÓN EDUCATIVA DE REGENCIA,OFICIAL,MONTECRISTO,2024,17,195.5,38.9,42.6,38.7,35.6,40.7,14.9
213006000278,INSTITUCIÓN EDUCATIVA DE REGENCIA,OFICIAL,MONTECRISTO,2025,19,206.8,42.3,44.9,40.7,38.0,40.4,20.8
213006001088,INSTITUCIÓN EDUCATIVA TÉCNICA AGROPECUARIA LOS NISPEROS,OFICIAL,ACHÍ,2021,25,201.3,40.5,43.6,40.2,37.0,39.2,23.3
213006001088,INSTITUCIÓN EDUCATIVA TÉCNICA AGROPECUARIA LOS NISPEROS,OFICIAL,ACHÍ,2022,26,207.9,42.4,43.9,41.5,39.1,39.8,25.6
213006001088,INSTITUCIÓN EDUCATIVA TÉCNICA AGROPECUARIA LOS NISPEROS,OFICIAL,ACHÍ,2023,22,218.9,43.5,44.8,44.0,42.5,45.0,29.5
213006001088,INSTITUCIÓN EDUCATIVA TÉCNICA AGROPECUARIA LOS NISPEROS,OFICIAL,ACHÍ,2024,28,205.5,41.1,45.1,40.0,38.5,40.1,21.1
213006001088,INSTITUCIÓN EDUCATIVA TÉCNICA AGROPECUARIA LOS NISPEROS,OFICIAL,ACHÍ,2025,19,218.5,42.6,47.2,42.8,41.3,46.9,28.4
213006001185,INSTITUCIÓN EDUCATIVA SANTA LUCIA,OFICIAL,ACHÍ,2021,6,196.2,36.7,45.5,38.0,36.2,41.3,20.2
213006001185,INSTITUCIÓN EDUCATIVA SANTA LUCIA,OFICIAL,ACHÍ,2022,12,189.5,34.1,40.8,38.5,38.7,36.6,14.5
213006001185,INSTITUCIÓN EDUCATIVA SANTA LUCIA,OFICIAL,ACHÍ,2023,15,192.2,38.2,40.8,37.9,35.7,42.1,13.2
213006001185,INSTITUCIÓN EDUCATIVA SANTA LUCIA,OFICIAL,ACHÍ,2024,7,201.7,38.9,41.6,40.1,40.4,41.4,16.9
213006001185,INSTITUCIÓN EDUCATIVA SANTA LUCIA,OFICIAL,ACHÍ,2025,17,183.0,34.5,41.2,37.9,33.2,35.1,8.7
213006001452,INSTITUCIÓN EDUCATIVA TÉCNICA AGROPECUARIA DE PLAYA ALTA,OFICIAL,ACHÍ,2021,30,199.2,39.7,43.0,40.3,36.5,39.2,21.7
213006001452,INSTITUCIÓN EDUCATIVA TÉCNICA AGROPECUARIA DE PLAYA ALTA,OFICIAL,ACHÍ,2022,24,186.1,37.2,40.2,37.8,33.6,37.5,13.6
213006001452,INSTITUCIÓN EDUCATIVA TÉCNICA AGROPECUARIA DE PLAYA ALTA,OFICIAL,ACHÍ,2023,17,214.9,39.0,46.3,45.6,41.2,42.1,27.0
213006001452,INSTITUCIÓN EDUCATIVA TÉCNICA AGROPECUARIA DE PLAYA ALTA,OFICIAL,ACHÍ,2024,13,210.8,42.2,46.8,41.6,38.9,40.0,22.9
213006001452,INSTITUCIÓN EDUCATIVA TÉCNICA AGROPECUARIA DE PLAYA ALTA,OFICIAL,ACHÍ,2025,24,220.8,45.9,46.5,45.2,38.3,46.0,28.7
213006001649,INSTITUCION EDUCATIVA PLACIDO RETAMOZA,OFICIAL,SAN JACINTO DEL CAUCA,2021,46,207.2,40.5,45.3,41.1,39.8,38.5,26.5
213006001649,INSTITUCION EDUCATIVA PLACIDO RETAMOZA,OFICIAL,SAN JACINTO DEL CAUCA,2022,53,197.3,38.9,41.4,40.8,37.1,38.5,19.9
213006001649,INSTITUCION EDUCATIVA PLACIDO RETAMOZA,OFICIAL,SAN JACINTO DEL CAUCA,2023,41,208.3,41.5,44.7,40.6,40.4,39.8,22.8
213006001649,INSTITUCION EDUCATIVA PLACIDO RETAMOZA,OFICIAL,SAN JACINTO DEL CAUCA,2024,53,203.0,39.4,43.4,41.5,38.5,38.9,20.0
213006001649,INSTITUCION EDUCATIVA PLACIDO RETAMOZA,OFICIAL,SAN JACINTO DEL CAUCA,2025,51,215.2,44.1,46.9,42.4,39.3,41.0,24.3
213006001746,INSTITUCIÓN EDUCATIVA TÉCNICA AGROPECUARIA DE GALINDO,OFICIAL,SAN JACINTO DEL CAUCA,2021,23,183.6,36.3,40.0,37.3,33.6,35.3,12.2
213006001746,INSTITUCIÓN EDUCATIVA TÉCNICA AGROPECUARIA DE GALINDO,OFICIAL,SAN JACINTO DEL CAUCA,2022,12,197.5,41.3,39.6,40.6,36.8,38.0,18.8
213006001746,INSTITUCIÓN EDUCATIVA TÉCNICA AGROPECUARIA DE GALINDO,OFICIAL,SAN JACINTO DEL CAUCA,2023,21,192.8,39.4,42.2,38.0,35.0,36.9,13.1
213006001746,INSTITUCIÓN EDUCATIVA TÉCNICA AGROPECUARIA DE GALINDO,OFICIAL,SAN JACINTO DEL CAUCA,2024,16,205.7,41.5,44.6,40.4,39.2,37.8,20.4
213006001746,INSTITUCIÓN EDUCATIVA TÉCNICA AGROPECUARIA DE GALINDO,OFICIAL,SAN JACINTO DEL CAUCA,2025,12,216.9,44.8,46.4,44.3,39.1,40.1,26.0
213006001797,INSTITUCIÓN EDUCATIVA SAN MIGUEL DE TRES CRUCES,OFICIAL,ACHÍ,2021,26,197.2,39.7,43.2,39.1,36.5,37.4,21.7
213006001797,INSTITUCIÓN EDUCATIVA SAN MIGUEL DE TRES CRUCES,OFICIAL,ACHÍ,2022,32,196.0,38.0,42.4,39.0,37.3,39.5,19.4
213006001797,INSTITUCIÓN EDUCATIVA SAN MIGUEL DE TRES CRUCES,OFICIAL,ACHÍ,2023,22,194.6,36.4,43.8,38.7,36.2,40.7,16.2
213006001797,INSTITUCIÓN EDUCATIVA SAN MIGUEL DE TRES CRUCES,OFICIAL,ACHÍ,2024,29,204.1,39.0,44.5,42.1,38.4,38.2,19.9
213006001797,INSTITUCIÓN EDUCATIVA SAN MIGUEL DE TRES CRUCES,OFICIAL,ACHÍ,2025,17,207.5,40.9,44.8,41.6,38.4,42.7,22.1
213006001975,INSTITUCIÓN EDUCATIVA TÉCNICA  AGROPECUARIA DE  PUERTO VENECIA,OFICIAL,ACHÍ,2021,45,209.5,41.3,44.5,42.9,38.8,42.4,28.8
213006001975,INSTITUCIÓN EDUCATIVA TÉCNICA  AGROPECUARIA DE  PUERTO VENECIA,OFICIAL,ACHÍ,2022,59,215.6,44.6,44.2,44.2,39.9,41.7,30.2
213006001975,INSTITUCIÓN EDUCATIVA TÉCNICA  AGROPECUARIA DE  PUERTO VENECIA,OFICIAL,ACHÍ,2023,42,218.5,42.8,46.6,43.8,42.0,42.6,29.0
213006001975,INSTITUCIÓN EDUCATIVA TÉCNICA  AGROPECUARIA DE  PUERTO VENECIA,OFICIAL,ACHÍ,2024,64,214.2,43.2,46.2,43.9,38.5,41.3,26.7
213006001975,INSTITUCIÓN EDUCATIVA TÉCNICA  AGROPECUARIA DE  PUERTO VENECIA,OFICIAL,ACHÍ,2025,58,233.8,47.7,48.8,47.9,42.6,46.8,36.1
213006002475,INSTITUCION EDUCATIVA DE TENCHE,OFICIAL,SAN JACINTO DEL CAUCA,2021,13,222.1,47.2,47.8,42.9,41.0,40.2,35.1
213006002475,INSTITUCION EDUCATIVA DE TENCHE,OFICIAL,SAN JACINTO DEL CAUCA,2022,22,237.3,48.6,50.6,47.3,45.1,42.1,42.5
213006002475,INSTITUCION EDUCATIVA DE TENCHE,OFICIAL,SAN JACINTO DEL CAUCA,2023,13,236.8,48.7,49.8,48.3,43.6,44.8,40.5
213006002475,INSTITUCION EDUCATIVA DE TENCHE,OFICIAL,SAN JACINTO DEL CAUCA,2024,21,224.1,46.3,46.9,46.7,41.9,37.5,30.1
213006002475,INSTITUCION EDUCATIVA DE TENCHE,OFICIAL,SAN JACINTO DEL CAUCA,2025,23,224.4,45.7,48.5,45.2,41.0,42.5,31.1
213052000070,INSTITUCIÓN EDUCATIVA DE GAMBOTE,OFICIAL,ARJONA,2021,18,203.3,41.8,42.0,41.7,37.4,39.8,24.8
213052000070,INSTITUCIÓN EDUCATIVA DE GAMBOTE,OFICIAL,ARJONA,2022,18,202.7,42.3,43.1,41.5,35.8,39.0,22.7
213052000070,INSTITUCIÓN EDUCATIVA DE GAMBOTE,OFICIAL,ARJONA,2023,12,205.2,40.5,41.9,42.2,39.7,40.3,20.1
213052000070,INSTITUCIÓN EDUCATIVA DE GAMBOTE,OFICIAL,ARJONA,2024,13,205.9,40.5,44.8,43.1,35.4,44.3,20.4
213052000070,INSTITUCIÓN EDUCATIVA DE GAMBOTE,OFICIAL,ARJONA,2025,26,209.4,42.5,45.5,41.8,37.2,43.3,22.5
213052000355,INSTITUCIÓN EDUCATIVA TÉCNICA AGROPECUARIA  DE SINCERIN,OFICIAL,ARJONA,2021,21,215.6,45.0,45.5,44.0,39.4,39.0,31.4
213052000355,INSTITUCIÓN EDUCATIVA TÉCNICA AGROPECUARIA  DE SINCERIN,OFICIAL,ARJONA,2022,37,236.4,49.7,50.6,48.4,43.1,39.7,42.4
213052000355,INSTITUCIÓN EDUCATIVA TÉCNICA AGROPECUARIA  DE SINCERIN,OFICIAL,ARJONA,2023,27,229.5,49.1,47.9,48.3,40.3,40.4,35.4
213052000355,INSTITUCIÓN EDUCATIVA TÉCNICA AGROPECUARIA  DE SINCERIN,OFICIAL,ARJONA,2024,30,225.1,47.9,46.9,46.6,39.7,41.9,30.0
213052000355,INSTITUCIÓN EDUCATIVA TÉCNICA AGROPECUARIA  DE SINCERIN,OFICIAL,ARJONA,2025,31,227.1,50.2,48.0,44.7,39.8,42.7,32.4
213052000461,INSTITUCIÓN EDUCATIVA TÉCNICA ACUÍCOLA DE ROCHA,OFICIAL,ARJONA,2021,51,181.4,36.0,39.4,37.2,32.9,35.0,11.3
213052000461,INSTITUCIÓN EDUCATIVA TÉCNICA ACUÍCOLA DE ROCHA,OFICIAL,ARJONA,2022,49,190.7,37.0,40.9,39.4,35.6,37.0,16.1
213052000461,INSTITUCIÓN EDUCATIVA TÉCNICA ACUÍCOLA DE ROCHA,OFICIAL,ARJONA,2023,39,192.2,37.5,40.1,39.7,35.7,40.5,13.4
213052000461,INSTITUCIÓN EDUCATIVA TÉCNICA ACUÍCOLA DE ROCHA,OFICIAL,ARJONA,2024,32,185.6,35.3,40.6,39.1,33.1,37.7,10.5
213052000461,INSTITUCIÓN EDUCATIVA TÉCNICA ACUÍCOLA DE ROCHA,OFICIAL,ARJONA,2025,37,200.5,39.4,43.4,41.0,36.5,40.8,17.4
213074000081,INSTITUCIÓN EDUCATIVA TÉCNICA AGROPECUARIA JORGE ELIECER GAITAN,OFICIAL,BARRANCO DE LOBA,2021,9,181.0,35.8,38.2,37.6,33.1,36.4,11.4
213074000081,INSTITUCIÓN EDUCATIVA TÉCNICA AGROPECUARIA JORGE ELIECER GAITAN,OFICIAL,BARRANCO DE LOBA,2022,17,205.1,41.5,43.9,41.5,38.4,37.1,22.8
213074000081,INSTITUCIÓN EDUCATIVA TÉCNICA AGROPECUARIA JORGE ELIECER GAITAN,OFICIAL,BARRANCO DE LOBA,2023,9,218.3,48.8,46.6,40.8,40.7,37.4,27.7
213074000081,INSTITUCIÓN EDUCATIVA TÉCNICA AGROPECUARIA JORGE ELIECER GAITAN,OFICIAL,BARRANCO DE LOBA,2024,8,212.9,43.8,45.8,44.6,36.9,40.4,23.2
213074000081,INSTITUCIÓN EDUCATIVA TÉCNICA AGROPECUARIA JORGE ELIECER GAITAN,OFICIAL,BARRANCO DE LOBA,2025,10,205.2,40.3,46.8,40.7,36.6,40.6,20.2
213074000171,INSTITUCIÓN EDUCATIVA  SAGRADO CORAZÓN DE JESÚS,OFICIAL,ALTOS DEL ROSARIO,2021,23,199.7,40.1,43.8,41.3,35.4,37.6,21.3
213074000171,INSTITUCIÓN EDUCATIVA  SAGRADO CORAZÓN DE JESÚS,OFICIAL,ALTOS DEL ROSARIO,2022,26,215.8,45.4,46.0,41.4,40.7,40.3,29.9
213074000171,INSTITUCIÓN EDUCATIVA  SAGRADO CORAZÓN DE JESÚS,OFICIAL,ALTOS DEL ROSARIO,2023,22,203.6,39.6,43.0,41.9,39.1,38.6,20.0
213074000171,INSTITUCIÓN EDUCATIVA  SAGRADO CORAZÓN DE JESÚS,OFICIAL,ALTOS DEL ROSARIO,2024,34,205.3,40.3,43.5,42.8,37.8,41.0,21.1
213074000171,INSTITUCIÓN EDUCATIVA  SAGRADO CORAZÓN DE JESÚS,OFICIAL,ALTOS DEL ROSARIO,2025,24,201.0,40.3,42.8,40.7,36.8,40.5,17.7
213074000189,INSTITUCIÓN EDUCATIVA DE SAN ISIDRO,OFICIAL,ALTOS DEL ROSARIO,2022,18,197.5,40.9,41.8,38.9,36.7,38.3,20.5
213074000189,INSTITUCIÓN EDUCATIVA DE SAN ISIDRO,OFICIAL,ALTOS DEL ROSARIO,2023,15,185.3,35.0,40.9,36.2,35.1,40.9,9.7
213074000189,INSTITUCIÓN EDUCATIVA DE SAN ISIDRO,OFICIAL,ALTOS DEL ROSARIO,2024,14,188.3,35.6,41.0,37.9,36.6,35.9,12.9
213074000189,INSTITUCIÓN EDUCATIVA DE SAN ISIDRO,OFICIAL,ALTOS DEL ROSARIO,2025,19,195.4,36.6,43.7,41.3,34.8,39.1,14.8
213074000847,INSTITUCIÓN EDUCATIVA TECNICA AGROPECUARIA Y PESQUERA SEGUNDO AMARIS MATUTE,OFICIAL,BARRANCO DE LOBA,2021,27,188.1,35.6,40.9,37.9,36.0,37.7,15.1
213074000847,INSTITUCIÓN EDUCATIVA TECNICA AGROPECUARIA Y PESQUERA SEGUNDO AMARIS MATUTE,OFICIAL,BARRANCO DE LOBA,2022,39,198.3,40.3,42.0,40.3,36.7,37.7,21.1
213074000847,INSTITUCIÓN EDUCATIVA TECNICA AGROPECUARIA Y PESQUERA SEGUNDO AMARIS MATUTE,OFICIAL,BARRANCO DE LOBA,2023,37,187.0,36.5,40.5,37.4,35.0,37.9,10.6
213074000847,INSTITUCIÓN EDUCATIVA TECNICA AGROPECUARIA Y PESQUERA SEGUNDO AMARIS MATUTE,OFICIAL,BARRANCO DE LOBA,2024,30,217.8,43.3,46.8,45.1,39.6,42.2,28.7
213074000847,INSTITUCIÓN EDUCATIVA TECNICA AGROPECUARIA Y PESQUERA SEGUNDO AMARIS MATUTE,OFICIAL,BARRANCO DE LOBA,2025,37,196.6,39.5,44.0,38.1,35.4,40.3,15.8
213074000961,INSTITUCIÓN EDUCATIVA ALEJANDRO DURAN DIAZ,OFICIAL,ALTOS DEL ROSARIO,2021,47,201.1,41.8,42.4,41.0,36.2,38.5,21.9
213074000961,INSTITUCIÓN EDUCATIVA ALEJANDRO DURAN DIAZ,OFICIAL,ALTOS DEL ROSARIO,2022,37,218.6,46.4,45.7,42.9,41.0,40.1,32.1
213074000961,INSTITUCIÓN EDUCATIVA ALEJANDRO DURAN DIAZ,OFICIAL,ALTOS DEL ROSARIO,2023,48,207.4,40.6,45.1,41.6,39.2,39.5,21.7
213074000961,INSTITUCIÓN EDUCATIVA ALEJANDRO DURAN DIAZ,OFICIAL,ALTOS DEL ROSARIO,2024,56,213.9,42.4,46.7,42.2,40.3,41.1,26.0
213074000961,INSTITUCIÓN EDUCATIVA ALEJANDRO DURAN DIAZ,OFICIAL,ALTOS DEL ROSARIO,2025,53,207.5,40.8,44.8,43.8,36.9,40.9,21.7
213074001029,INSTITUCIÓN EDUCATIVA TÉCNICA AGROPECUARIA Y ACUÍCOLA LUIS GUILLERMO VIDES ESCOBAR,OFICIAL,BARRANCO DE LOBA,2021,31,198.4,40.5,43.5,38.4,36.6,39.0,21.3
213074001029,INSTITUCIÓN EDUCATIVA TÉCNICA AGROPECUARIA Y ACUÍCOLA LUIS GUILLERMO VIDES ESCOBAR,OFICIAL,BARRANCO DE LOBA,2022,42,197.7,39.0,43.2,39.2,36.9,38.8,19.1
213074001029,INSTITUCIÓN EDUCATIVA TÉCNICA AGROPECUARIA Y ACUÍCOLA LUIS GUILLERMO VIDES ESCOBAR,OFICIAL,BARRANCO DE LOBA,2023,22,190.5,36.3,41.3,38.0,36.2,39.6,13.9
213074001029,INSTITUCIÓN EDUCATIVA TÉCNICA AGROPECUARIA Y ACUÍCOLA LUIS GUILLERMO VIDES ESCOBAR,OFICIAL,BARRANCO DE LOBA,2024,20,209.7,40.4,43.7,41.1,42.1,43.2,23.0
213074001029,INSTITUCIÓN EDUCATIVA TÉCNICA AGROPECUARIA Y ACUÍCOLA LUIS GUILLERMO VIDES ESCOBAR,OFICIAL,BARRANCO DE LOBA,2025,20,211.7,42.2,44.2,43.7,38.6,44.1,23.2
213074001088,INSTITUCIÓN EDUCATIVA LAS DELICIAS MINAS DE SANTA CRUZ,OFICIAL,BARRANCO DE LOBA,2021,22,221.3,48.1,47.8,42.2,40.3,40.1,36.1
213074001088,INSTITUCIÓN EDUCATIVA LAS DELICIAS MINAS DE SANTA CRUZ,OFICIAL,BARRANCO DE LOBA,2022,19,210.2,44.9,44.4,41.3,38.9,37.9,26.7
213074001088,INSTITUCIÓN EDUCATIVA LAS DELICIAS MINAS DE SANTA CRUZ,OFICIAL,BARRANCO DE LOBA,2023,15,204.7,42.7,43.9,40.1,37.9,38.1,20.8
213074001088,INSTITUCIÓN EDUCATIVA LAS DELICIAS MINAS DE SANTA CRUZ,OFICIAL,BARRANCO DE LOBA,2024,31,213.9,44.5,46.6,41.6,38.9,41.6,24.9
213074001088,INSTITUCIÓN EDUCATIVA LAS DELICIAS MINAS DE SANTA CRUZ,OFICIAL,BARRANCO DE LOBA,2025,24,204.7,40.7,43.9,42.1,36.5,42.3,19.5
213074001177,INSTITUCIÓN EDUCATIVA DE PUEBLITO MEJIA,OFICIAL,BARRANCO DE LOBA,2021,9,210.0,41.1,44.9,40.7,40.9,43.0,28.9
213074001177,INSTITUCIÓN EDUCATIVA DE PUEBLITO MEJIA,OFICIAL,BARRANCO DE LOBA,2022,11,185.9,33.7,40.0,37.1,37.4,38.8,13.9
213074001177,INSTITUCIÓN EDUCATIVA DE PUEBLITO MEJIA,OFICIAL,BARRANCO DE LOBA,2023,13,202.2,38.5,42.0,39.9,41.3,40.4,19.4
213074001177,INSTITUCIÓN EDUCATIVA DE PUEBLITO MEJIA,OFICIAL,BARRANCO DE LOBA,2024,10,193.7,35.1,43.5,40.2,37.4,35.0,14.8
213074001177,INSTITUCIÓN EDUCATIVA DE PUEBLITO MEJIA,OFICIAL,BARRANCO DE LOBA,2025,17,210.4,38.3,45.7,43.5,40.9,41.6,24.0
213140000101,INSTITUCION EDUCATIVA DE MACHADO,OFICIAL,ARROYOHONDO,2021,15,202.3,39.1,44.1,41.0,38.1,39.0,22.8
213140000101,INSTITUCION EDUCATIVA DE MACHADO,OFICIAL,ARROYOHONDO,2022,9,192.2,39.6,42.8,37.6,33.8,38.9,16.6
213140000101,INSTITUCION EDUCATIVA DE MACHADO,OFICIAL,ARROYOHONDO,2023,10,197.7,38.9,40.9,40.8,37.6,39.5,17.6
213140000101,INSTITUCION EDUCATIVA DE MACHADO,OFICIAL,ARROYOHONDO,2024,16,184.4,35.4,39.9,37.6,34.7,36.9,11.4
213140000101,INSTITUCION EDUCATIVA DE MACHADO,OFICIAL,ARROYOHONDO,2025,8,209.8,43.6,45.5,41.9,36.1,44.1,21.9
213140000268,INSTITUCIÓN EDUCATIVA TÉCNICA DE ARROYO HONDO ROBERTO BOTERO MORALES,OFICIAL,ARROYOHONDO,2021,68,209.1,40.9,45.4,40.8,40.5,41.1,27.9
213140000268,INSTITUCIÓN EDUCATIVA TÉCNICA DE ARROYO HONDO ROBERTO BOTERO MORALES,OFICIAL,ARROYOHONDO,2022,85,207.8,39.9,43.9,41.8,40.5,41.8,25.3
213140000268,INSTITUCIÓN EDUCATIVA TÉCNICA DE ARROYO HONDO ROBERTO BOTERO MORALES,OFICIAL,ARROYOHONDO,2023,75,204.2,39.6,43.9,41.5,37.7,42.9,21.5
213140000268,INSTITUCIÓN EDUCATIVA TÉCNICA DE ARROYO HONDO ROBERTO BOTERO MORALES,OFICIAL,ARROYOHONDO,2024,63,205.4,40.7,43.6,41.4,37.8,43.7,21.5
213140000268,INSTITUCIÓN EDUCATIVA TÉCNICA DE ARROYO HONDO ROBERTO BOTERO MORALES,OFICIAL,ARROYOHONDO,2025,67,209.0,41.0,46.0,41.7,38.1,42.7,22.4
213140000365,INSTITUCIÓN EDUCATIVA TÉCNICA AGROPECUARIA DE EL YUCAL,OFICIAL,CALAMAR,2021,31,182.5,37.3,38.6,36.8,33.1,37.4,12.8
213140000365,INSTITUCIÓN EDUCATIVA TÉCNICA AGROPECUARIA DE EL YUCAL,OFICIAL,CALAMAR,2022,33,190.5,36.8,40.0,39.3,36.4,37.9,16.0
213140000365,INSTITUCIÓN EDUCATIVA TÉCNICA AGROPECUARIA DE EL YUCAL,OFICIAL,CALAMAR,2023,30,199.8,41.4,41.5,39.6,37.0,40.8,18.6
213140000365,INSTITUCIÓN EDUCATIVA TÉCNICA AGROPECUARIA DE EL YUCAL,OFICIAL,CALAMAR,2024,30,195.5,39.3,39.7,41.6,36.4,37.2,16.2
213140000365,INSTITUCIÓN EDUCATIVA TÉCNICA AGROPECUARIA DE EL YUCAL,OFICIAL,CALAMAR,2025,39,193.5,37.9,41.3,39.6,35.7,39.5,14.3
213160000060,INSTITUCIÓN EDUCATIVA LA VICTORIA,OFICIAL,CANTAGALLO,2023,9,227.6,47.1,49.1,43.6,43.4,41.6,33.2
213160000060,INSTITUCIÓN EDUCATIVA LA VICTORIA,OFICIAL,CANTAGALLO,2024,16,207.1,41.6,45.4,41.0,38.5,39.1,22.2
213160000060,INSTITUCIÓN EDUCATIVA LA VICTORIA,OFICIAL,CANTAGALLO,2025,5,222.4,44.4,48.2,42.8,43.4,41.8,28.8
213188000057,INSTITUCIÓN EDUCATIVA SAN FRANCISCO DE LOBA,OFICIAL,CICUCO,2021,15,236.5,49.5,49.1,48.2,44.1,42.3,45.1
213188000057,INSTITUCIÓN EDUCATIVA SAN FRANCISCO DE LOBA,OFICIAL,CICUCO,2022,18,224.1,47.6,47.1,44.9,41.3,39.4,34.9
213188000057,INSTITUCIÓN EDUCATIVA SAN FRANCISCO DE LOBA,OFICIAL,CICUCO,2023,21,226.0,47.0,46.1,45.4,42.6,44.5,34.0
213188000057,INSTITUCIÓN EDUCATIVA SAN FRANCISCO DE LOBA,OFICIAL,CICUCO,2024,26,239.9,49.4,49.7,50.4,43.6,44.6,40.7
213188000057,INSTITUCIÓN EDUCATIVA SAN FRANCISCO DE LOBA,OFICIAL,CICUCO,2025,16,220.4,45.6,48.1,44.9,38.2,42.8,29.5
213212000021,INSTITUCIÓN EDUCATIVA TÉCNICA  AGROPECUARIA  LUIS VILLAFAÑE PAREJA,OFICIAL,CÓRDOBA,2021,26,199.3,41.5,42.8,39.4,36.2,38.6,21.2
213212000021,INSTITUCIÓN EDUCATIVA TÉCNICA  AGROPECUARIA  LUIS VILLAFAÑE PAREJA,OFICIAL,CÓRDOBA,2022,39,210.3,42.6,43.8,43.2,39.3,39.7,28.1
213212000021,INSTITUCIÓN EDUCATIVA TÉCNICA  AGROPECUARIA  LUIS VILLAFAÑE PAREJA,OFICIAL,CÓRDOBA,2023,26,226.0,49.3,46.5,44.3,41.7,42.4,34.4
213212000021,INSTITUCIÓN EDUCATIVA TÉCNICA  AGROPECUARIA  LUIS VILLAFAÑE PAREJA,OFICIAL,CÓRDOBA,2024,15,241.9,52.3,51.3,47.5,44.3,42.9,39.9
213212000021,INSTITUCIÓN EDUCATIVA TÉCNICA  AGROPECUARIA  LUIS VILLAFAÑE PAREJA,OFICIAL,CÓRDOBA,2025,32,243.5,53.3,49.7,48.2,44.8,45.2,41.3
213212000063,INSTITUCIÓN EDUCATIVA TÉCNICA  EN INFORMÀTICA DE SINCELEJITO,OFICIAL,CÓRDOBA,2021,23,203.9,40.9,44.4,41.7,36.2,40.4,23.7
213212000063,INSTITUCIÓN EDUCATIVA TÉCNICA  EN INFORMÀTICA DE SINCELEJITO,OFICIAL,CÓRDOBA,2022,23,224.1,44.2,47.7,46.1,42.5,41.0,34.6
213212000063,INSTITUCIÓN EDUCATIVA TÉCNICA  EN INFORMÀTICA DE SINCELEJITO,OFICIAL,CÓRDOBA,2023,29,220.6,43.5,46.3,43.9,42.9,43.3,29.8
213212000063,INSTITUCIÓN EDUCATIVA TÉCNICA  EN INFORMÀTICA DE SINCELEJITO,OFICIAL,CÓRDOBA,2024,26,221.3,43.0,47.5,44.6,42.2,43.3,29.3
213212000063,INSTITUCIÓN EDUCATIVA TÉCNICA  EN INFORMÀTICA DE SINCELEJITO,OFICIAL,CÓRDOBA,2025,29,213.4,42.3,46.0,42.3,39.9,43.0,26.2
213212000080,INSTITUCIÓN EDUCATIVA TÉCNICA AGROINDUSTRIAL DE GUAYMARAL,OFICIAL,CÓRDOBA,2021,21,237.0,45.8,53.0,46.7,44.4,46.5,46.1
213212000080,INSTITUCIÓN EDUCATIVA TÉCNICA AGROINDUSTRIAL DE GUAYMARAL,OFICIAL,CÓRDOBA,2022,13,209.1,41.1,44.4,41.7,41.6,37.2,26.2
213212000080,INSTITUCIÓN EDUCATIVA TÉCNICA AGROINDUSTRIAL DE GUAYMARAL,OFICIAL,CÓRDOBA,2023,26,215.2,41.2,46.4,42.1,42.3,43.5,26.8
213212000080,INSTITUCIÓN EDUCATIVA TÉCNICA AGROINDUSTRIAL DE GUAYMARAL,OFICIAL,CÓRDOBA,2024,23,240.8,48.5,49.8,47.7,47.7,44.7,40.2
213212000080,INSTITUCIÓN EDUCATIVA TÉCNICA AGROINDUSTRIAL DE GUAYMARAL,OFICIAL,CÓRDOBA,2025,19,228.6,43.5,49.7,46.7,43.8,43.3,33.2
213212000101,INSTITUCIÓN EDUCATIVA SANTA LUCIA,OFICIAL,CÓRDOBA,2021,6,182.8,35.5,37.8,36.2,35.8,38.8,11.2
213212000101,INSTITUCIÓN EDUCATIVA SANTA LUCIA,OFICIAL,CÓRDOBA,2022,16,203.1,41.0,43.2,40.6,39.2,35.7,22.8
213212000101,INSTITUCIÓN EDUCATIVA SANTA LUCIA,OFICIAL,CÓRDOBA,2023,18,193.2,40.1,41.2,38.8,35.2,36.7,14.4
213212000101,INSTITUCIÓN EDUCATIVA SANTA LUCIA,OFICIAL,CÓRDOBA,2024,14,202.3,41.9,42.8,39.8,37.9,39.1,17.4
213212000101,INSTITUCIÓN EDUCATIVA SANTA LUCIA,OFICIAL,CÓRDOBA,2025,26,208.2,41.5,45.5,41.9,37.7,41.8,22.1
213212000331,"INSTITUCIÓN EDUCATIVA TÉCNICA  AGROPECUARIA, ECOLÓGICA E INFORMÁTICA RAFAEL NUÑEZ",OFICIAL,CÓRDOBA,2021,43,208.4,42.7,44.1,42.5,37.8,40.9,27.0
213212000331,"INSTITUCIÓN EDUCATIVA TÉCNICA  AGROPECUARIA, ECOLÓGICA E INFORMÁTICA RAFAEL NUÑEZ",OFICIAL,CÓRDOBA,2022,31,203.4,40.4,44.1,41.2,37.2,40.2,23.6
213212000331,"INSTITUCIÓN EDUCATIVA TÉCNICA  AGROPECUARIA, ECOLÓGICA E INFORMÁTICA RAFAEL NUÑEZ",OFICIAL,CÓRDOBA,2023,20,226.2,47.4,47.0,44.3,43.4,42.0,33.8
213212000331,"INSTITUCIÓN EDUCATIVA TÉCNICA  AGROPECUARIA, ECOLÓGICA E INFORMÁTICA RAFAEL NUÑEZ",OFICIAL,CÓRDOBA,2024,18,227.4,45.5,49.7,46.5,40.2,45.1,32.9
213212000331,"INSTITUCIÓN EDUCATIVA TÉCNICA  AGROPECUARIA, ECOLÓGICA E INFORMÁTICA RAFAEL NUÑEZ",OFICIAL,CÓRDOBA,2025,29,226.2,48.9,47.2,44.6,41.3,41.5,30.8
213212000373,INSTITUCIÓN EDUCATIVA TÉCNICA   AGROPECUARIA DE TACAMOCHO,OFICIAL,CÓRDOBA,2021,42,201.6,42.6,43.3,40.1,35.4,39.7,22.7
213212000373,INSTITUCIÓN EDUCATIVA TÉCNICA   AGROPECUARIA DE TACAMOCHO,OFICIAL,CÓRDOBA,2022,24,207.2,40.2,43.8,42.7,39.0,41.5,24.9
213212000373,INSTITUCIÓN EDUCATIVA TÉCNICA   AGROPECUARIA DE TACAMOCHO,OFICIAL,CÓRDOBA,2023,33,197.4,38.4,42.0,40.4,37.0,39.6,16.6
213212000373,INSTITUCIÓN EDUCATIVA TÉCNICA   AGROPECUARIA DE TACAMOCHO,OFICIAL,CÓRDOBA,2024,18,205.6,39.7,45.0,42.6,37.5,40.4,22.2
213212000373,INSTITUCIÓN EDUCATIVA TÉCNICA   AGROPECUARIA DE TACAMOCHO,OFICIAL,CÓRDOBA,2025,30,210.9,44.0,44.5,43.0,38.5,38.6,22.8
213244000359,INSTITUCIÓN EDUCATIVA EL HOBO,OFICIAL,EL CARMEN DE BOLÍVAR,2021,25,213.3,42.7,45.8,42.8,40.7,38.7,29.6
213244000359,INSTITUCIÓN EDUCATIVA EL HOBO,OFICIAL,EL CARMEN DE BOLÍVAR,2022,51,213.7,44.3,45.7,42.0,40.1,39.1,29.2
213244000359,INSTITUCIÓN EDUCATIVA EL HOBO,OFICIAL,EL CARMEN DE BOLÍVAR,2023,40,224.2,47.4,45.8,43.8,42.5,44.4,31.9
213244000359,INSTITUCIÓN EDUCATIVA EL HOBO,OFICIAL,EL CARMEN DE BOLÍVAR,2024,30,218.5,42.9,47.4,42.8,41.9,43.5,26.8
213244000359,INSTITUCIÓN EDUCATIVA EL HOBO,OFICIAL,EL CARMEN DE BOLÍVAR,2025,31,246.7,50.8,52.4,48.8,45.6,48.5,43.5
213244000367,INSTITUCIÓN EDUCATIVA TÉCNICA EN EXPLOTACIONES AGROPECUARIAS ECOLOGICAS Y EN SISTEMAS DE  SAN ISIDRO,OFICIAL,EL CARMEN DE BOLÍVAR,2021,13,188.8,36.6,42.2,38.7,33.4,38.5,15.3
213244000367,INSTITUCIÓN EDUCATIVA TÉCNICA EN EXPLOTACIONES AGROPECUARIAS ECOLOGICAS Y EN SISTEMAS DE  SAN ISIDRO,OFICIAL,EL CARMEN DE BOLÍVAR,2022,20,196.0,38.2,41.4,40.8,36.9,37.6,19.5
213244000367,INSTITUCIÓN EDUCATIVA TÉCNICA EN EXPLOTACIONES AGROPECUARIAS ECOLOGICAS Y EN SISTEMAS DE  SAN ISIDRO,OFICIAL,EL CARMEN DE BOLÍVAR,2023,29,207.6,42.7,43.8,40.9,38.9,40.8,23.7
213244000367,INSTITUCIÓN EDUCATIVA TÉCNICA EN EXPLOTACIONES AGROPECUARIAS ECOLOGICAS Y EN SISTEMAS DE  SAN ISIDRO,OFICIAL,EL CARMEN DE BOLÍVAR,2024,19,200.6,37.7,44.1,39.1,38.5,43.5,18.7
213244000367,INSTITUCIÓN EDUCATIVA TÉCNICA EN EXPLOTACIONES AGROPECUARIAS ECOLOGICAS Y EN SISTEMAS DE  SAN ISIDRO,OFICIAL,EL CARMEN DE BOLÍVAR,2025,17,197.5,39.3,42.8,39.9,36.1,39.4,15.9
213244000880,INSTITUCIÓN EDUCATIVA TÉCNICA AGROPECUARIA DE MACAYEPOS,OFICIAL,EL CARMEN DE BOLÍVAR,2021,12,200.1,40.9,42.3,39.6,37.3,39.2,22.5
213244000880,INSTITUCIÓN EDUCATIVA TÉCNICA AGROPECUARIA DE MACAYEPOS,OFICIAL,EL CARMEN DE BOLÍVAR,2022,18,211.7,37.4,45.9,44.4,42.6,39.1,27.7
213244000880,INSTITUCIÓN EDUCATIVA TÉCNICA AGROPECUARIA DE MACAYEPOS,OFICIAL,EL CARMEN DE BOLÍVAR,2023,19,202.8,38.0,45.2,40.8,38.1,41.1,20.3
213244000880,INSTITUCIÓN EDUCATIVA TÉCNICA AGROPECUARIA DE MACAYEPOS,OFICIAL,EL CARMEN DE BOLÍVAR,2024,23,200.4,39.3,40.7,42.8,37.9,39.2,18.4
213244000880,INSTITUCIÓN EDUCATIVA TÉCNICA AGROPECUARIA DE MACAYEPOS,OFICIAL,EL CARMEN DE BOLÍVAR,2025,29,214.6,42.8,47.3,42.7,39.2,41.8,25.2
213244000944,INSTITUCIÓN EDUCATIVA ALTA MONTAÑA,OFICIAL,EL CARMEN DE BOLÍVAR,2021,9,205.0,42.7,41.1,42.9,38.8,36.7,26.2
213244000944,INSTITUCIÓN EDUCATIVA ALTA MONTAÑA,OFICIAL,EL CARMEN DE BOLÍVAR,2022,19,216.9,44.7,45.6,43.8,39.8,42.2,31.1
213244000944,INSTITUCIÓN EDUCATIVA ALTA MONTAÑA,OFICIAL,EL CARMEN DE BOLÍVAR,2023,18,223.9,46.9,45.1,44.6,43.4,42.4,32.2
213244000944,INSTITUCIÓN EDUCATIVA ALTA MONTAÑA,OFICIAL,EL CARMEN DE BOLÍVAR,2024,17,243.6,53.3,48.8,49.4,45.6,41.8,42.8
213244000944,INSTITUCIÓN EDUCATIVA ALTA MONTAÑA,OFICIAL,EL CARMEN DE BOLÍVAR,2025,23,228.6,48.6,46.6,48.1,40.7,42.4,33.6
213244000952,INSTITUCIÓN EDUCATIVA DE CARACOLÍ,OFICIAL,EL CARMEN DE BOLÍVAR,2021,33,205.1,40.2,44.4,40.8,39.1,39.5,24.5
213244000952,INSTITUCIÓN EDUCATIVA DE CARACOLÍ,OFICIAL,EL CARMEN DE BOLÍVAR,2022,55,212.3,43.6,45.1,42.7,39.7,38.4,28.0
213244000952,INSTITUCIÓN EDUCATIVA DE CARACOLÍ,OFICIAL,EL CARMEN DE BOLÍVAR,2023,49,213.4,42.7,45.5,41.3,41.2,42.7,25.7
213244000952,INSTITUCIÓN EDUCATIVA DE CARACOLÍ,OFICIAL,EL CARMEN DE BOLÍVAR,2024,40,216.3,45.0,44.2,42.3,42.4,40.6,25.8
213244000952,INSTITUCIÓN EDUCATIVA DE CARACOLÍ,OFICIAL,EL CARMEN DE BOLÍVAR,2025,37,224.9,46.1,48.5,44.0,42.0,43.2,30.9
213244001070,INSTITUCIÓN EDUCATIVA TÉCNICA MAMON DE MARÍA,OFICIAL,EL CARMEN DE BOLÍVAR,2021,22,183.2,35.9,40.7,35.2,34.6,37.5,14.0
213244001070,INSTITUCIÓN EDUCATIVA TÉCNICA MAMON DE MARÍA,OFICIAL,EL CARMEN DE BOLÍVAR,2022,20,189.6,36.4,42.7,38.0,35.0,37.1,16.4
213244001070,INSTITUCIÓN EDUCATIVA TÉCNICA MAMON DE MARÍA,OFICIAL,EL CARMEN DE BOLÍVAR,2023,16,204.6,41.0,46.7,37.9,38.2,40.4,19.2
213244001070,INSTITUCIÓN EDUCATIVA TÉCNICA MAMON DE MARÍA,OFICIAL,EL CARMEN DE BOLÍVAR,2024,19,193.8,37.7,43.1,39.2,34.6,40.6,16.1
213244001070,INSTITUCIÓN EDUCATIVA TÉCNICA MAMON DE MARÍA,OFICIAL,EL CARMEN DE BOLÍVAR,2025,22,186.5,36.6,39.4,37.7,34.7,39.7,9.9
213244001100,INSTITUCIÓN EDUCATIVA TÉCNICA DE AGROPECUARIA GUAMANGA,OFICIAL,EL CARMEN DE BOLÍVAR,2021,13,201.5,38.4,42.9,41.8,39.1,37.8,23.1
213244001100,INSTITUCIÓN EDUCATIVA TÉCNICA DE AGROPECUARIA GUAMANGA,OFICIAL,EL CARMEN DE BOLÍVAR,2022,11,207.9,41.8,42.6,43.7,40.0,36.0,25.5
213244001100,INSTITUCIÓN EDUCATIVA TÉCNICA DE AGROPECUARIA GUAMANGA,OFICIAL,EL CARMEN DE BOLÍVAR,2023,12,194.7,37.1,40.8,41.1,36.1,40.8,15.2
213244001100,INSTITUCIÓN EDUCATIVA TÉCNICA DE AGROPECUARIA GUAMANGA,OFICIAL,EL CARMEN DE BOLÍVAR,2024,30,185.6,35.1,40.3,38.3,34.4,38.3,11.9
213244001100,INSTITUCIÓN EDUCATIVA TÉCNICA DE AGROPECUARIA GUAMANGA,OFICIAL,EL CARMEN DE BOLÍVAR,2025,30,182.5,35.5,39.9,36.3,33.1,40.0,9.3
213244001975,INSTITUCIÒN EDUCATIVA GABRIEL GARCÌA TABOADA,OFICIAL,EL CARMEN DE BOLÍVAR,2021,83,203.8,39.9,45.4,39.5,38.7,39.6,25.0
213244001975,INSTITUCIÒN EDUCATIVA GABRIEL GARCÌA TABOADA,OFICIAL,EL CARMEN DE BOLÍVAR,2022,71,203.9,42.1,43.4,40.4,37.7,39.2,23.4
213244001975,INSTITUCIÒN EDUCATIVA GABRIEL GARCÌA TABOADA,OFICIAL,EL CARMEN DE BOLÍVAR,2023,76,200.4,39.7,43.1,40.1,37.7,39.4,18.8
213244001975,INSTITUCIÒN EDUCATIVA GABRIEL GARCÌA TABOADA,OFICIAL,EL CARMEN DE BOLÍVAR,2024,78,204.0,40.1,43.4,40.8,39.1,40.1,21.4
213244001975,INSTITUCIÒN EDUCATIVA GABRIEL GARCÌA TABOADA,OFICIAL,EL CARMEN DE BOLÍVAR,2025,67,205.1,42.3,45.0,40.8,36.8,38.7,20.6
213244001983,INSTITUCIÓN EDUCATIVA TÉCNICA AGROPECUARIA EL SALADO,OFICIAL,EL CARMEN DE BOLÍVAR,2021,16,223.4,45.4,47.6,43.3,44.2,39.1,36.2
213244001983,INSTITUCIÓN EDUCATIVA TÉCNICA AGROPECUARIA EL SALADO,OFICIAL,EL CARMEN DE BOLÍVAR,2022,14,218.6,41.7,46.1,46.0,42.6,38.5,32.1
213244001983,INSTITUCIÓN EDUCATIVA TÉCNICA AGROPECUARIA EL SALADO,OFICIAL,EL CARMEN DE BOLÍVAR,2023,11,247.3,49.4,52.8,48.9,47.2,48.1,45.6
213244001983,INSTITUCIÓN EDUCATIVA TÉCNICA AGROPECUARIA EL SALADO,OFICIAL,EL CARMEN DE BOLÍVAR,2024,8,207.1,41.2,45.1,42.2,38.9,35.9,20.1
213244001983,INSTITUCIÓN EDUCATIVA TÉCNICA AGROPECUARIA EL SALADO,OFICIAL,EL CARMEN DE BOLÍVAR,2025,17,232.6,46.7,53.1,45.8,41.1,45.1,35.2
213248000124,INSTITUCION EDUCATIVA TÉCNICA AGROPESQUERA MANUEL PADILLA POLO DE ROBLES,OFICIAL,EL GUAMO,2021,29,193.8,39.3,41.1,38.9,36.9,35.2,17.8
213248000124,INSTITUCION EDUCATIVA TÉCNICA AGROPESQUERA MANUEL PADILLA POLO DE ROBLES,OFICIAL,EL GUAMO,2022,37,209.7,42.7,44.2,40.9,41.2,38.0,26.2
213248000124,INSTITUCION EDUCATIVA TÉCNICA AGROPESQUERA MANUEL PADILLA POLO DE ROBLES,OFICIAL,EL GUAMO,2023,40,204.4,42.2,42.5,40.2,39.4,38.4,21.1
213248000124,INSTITUCION EDUCATIVA TÉCNICA AGROPESQUERA MANUEL PADILLA POLO DE ROBLES,OFICIAL,EL GUAMO,2024,25,225.4,47.2,47.2,45.6,42.0,39.9,31.9
213248000124,INSTITUCION EDUCATIVA TÉCNICA AGROPESQUERA MANUEL PADILLA POLO DE ROBLES,OFICIAL,EL GUAMO,2025,34,211.7,45.4,44.9,42.7,37.4,38.8,23.1
213268000091,INSTITUCIÓN EDUCATIVA TÉCNICA AGROPECUARIA DE BUENOS AIRES,OFICIAL,EL PEÑÓN,2021,6,188.0,38.8,39.0,36.0,37.0,36.5,13.5
213268000091,INSTITUCIÓN EDUCATIVA TÉCNICA AGROPECUARIA DE BUENOS AIRES,OFICIAL,EL PEÑÓN,2022,5,196.0,36.0,43.4,41.2,37.4,35.8,19.6
213268000091,INSTITUCIÓN EDUCATIVA TÉCNICA AGROPECUARIA DE BUENOS AIRES,OFICIAL,EL PEÑÓN,2023,13,201.0,38.4,41.2,42.3,39.8,37.6,19.0
213268000091,INSTITUCIÓN EDUCATIVA TÉCNICA AGROPECUARIA DE BUENOS AIRES,OFICIAL,EL PEÑÓN,2024,12,199.9,40.8,41.6,40.1,38.2,37.4,18.8
213268000091,INSTITUCIÓN EDUCATIVA TÉCNICA AGROPECUARIA DE BUENOS AIRES,OFICIAL,EL PEÑÓN,2025,1,195.0,42.0,40.0,41.0,33.0,40.0,13.0
213268000091,INSTITUCIÓN EDUCATIVA TÉCNICA AGROPECUARIA DE BUENOS AIRES,OFICIAL,EL PEŃÓN,2025,11,202.7,40.8,44.5,41.7,35.8,38.3,17.4
213430000113,INST EDUC DE ISLA GRANDE,OFICIAL,MAGANGUÉ,2021,33,196.2,39.9,41.9,39.5,35.8,38.1,19.3
213430000113,INST EDUC DE ISLA GRANDE,OFICIAL,MAGANGUÉ,2022,28,198.5,38.6,42.7,40.6,37.1,39.0,19.5
213430000113,INST EDUC DE ISLA GRANDE,OFICIAL,MAGANGUÉ,2023,22,201.7,40.3,43.7,40.6,37.4,38.5,19.4
213430000113,INST EDUC DE ISLA GRANDE,OFICIAL,MAGANGUÉ,2024,27,206.1,42.9,43.2,41.7,36.4,43.3,21.9
213430000113,INST EDUC DE ISLA GRANDE,OFICIAL,MAGANGUÉ,2025,18,223.2,47.2,46.3,43.6,41.1,47.1,32.9
213430000610,INSTITUCION EDUCATIVA LA PASCUALA,OFICIAL,MAGANGUÉ,2021,22,223.6,45.3,47.9,43.8,43.1,41.0,36.6
213430000610,INSTITUCION EDUCATIVA LA PASCUALA,OFICIAL,MAGANGUÉ,2022,34,219.3,44.1,47.3,42.2,41.9,43.6,33.0
213430000610,INSTITUCION EDUCATIVA LA PASCUALA,OFICIAL,MAGANGUÉ,2023,39,219.9,44.5,47.3,44.3,40.5,42.2,29.2
213430000610,INSTITUCION EDUCATIVA LA PASCUALA,OFICIAL,MAGANGUÉ,2024,27,222.3,46.1,46.9,43.2,42.0,43.4,30.6
213430000610,INSTITUCION EDUCATIVA LA PASCUALA,OFICIAL,MAGANGUÉ,2025,36,236.5,50.9,50.8,47.1,41.0,46.2,38.5
213430001144,INST EDUC TECNICO ACUICOLA DE CASCAJAL,OFICIAL,MAGANGUÉ,2021,85,216.7,44.1,47.3,42.6,40.5,39.7,31.9
213430001144,INST EDUC TECNICO ACUICOLA DE CASCAJAL,OFICIAL,MAGANGUÉ,2022,79,231.2,46.5,49.9,45.6,43.4,44.7,38.7
213430001144,INST EDUC TECNICO ACUICOLA DE CASCAJAL,OFICIAL,MAGANGUÉ,2023,54,242.0,47.4,50.3,49.1,48.0,44.7,42.7
213430001144,INST EDUC TECNICO ACUICOLA DE CASCAJAL,OFICIAL,MAGANGUÉ,2024,46,244.4,48.0,53.2,50.2,45.1,46.3,42.4
213430001144,INST EDUC TECNICO ACUICOLA DE CASCAJAL,OFICIAL,MAGANGUÉ,2025,55,236.6,48.6,51.0,47.0,43.0,46.6,37.8
213430001811,I.E. DE YATI,OFICIAL,MAGANGUÉ,2021,62,216.9,44.3,47.0,43.7,39.5,40.8,32.7
213430001811,I.E. DE YATI,OFICIAL,MAGANGUÉ,2022,83,216.0,42.8,45.8,43.4,41.3,41.4,30.2
213430001811,I.E. DE YATI,OFICIAL,MAGANGUÉ,2023,74,228.1,47.0,48.2,45.0,43.0,43.8,34.4
213430001811,I.E. DE YATI,OFICIAL,MAGANGUÉ,2024,62,226.2,46.9,48.1,44.1,42.0,45.1,32.3
213430001811,I.E. DE YATI,OFICIAL,MAGANGUÉ,2025,49,231.0,49.6,48.7,46.4,40.9,44.0,34.7
213430001926,INST EDUC DE JUAN ARIAS,OFICIAL,MAGANGUÉ,2021,15,257.3,52.2,55.3,48.9,50.8,47.5,55.9
213430001926,INST EDUC DE JUAN ARIAS,OFICIAL,MAGANGUÉ,2022,67,210.0,41.6,44.8,43.4,39.0,40.1,28.4
213430001926,INST EDUC DE JUAN ARIAS,OFICIAL,MAGANGUÉ,2023,58,232.5,48.6,47.8,46.4,43.8,44.6,37.3
213430001926,INST EDUC DE JUAN ARIAS,OFICIAL,MAGANGUÉ,2024,47,226.4,47.4,47.2,45.4,41.8,43.1,32.1
213430001926,INST EDUC DE JUAN ARIAS,OFICIAL,MAGANGUÉ,2025,47,222.5,44.4,47.6,45.1,40.9,44.0,30.0
213430002337,I.E. DE COYONGAL,OFICIAL,MAGANGUÉ,2021,42,197.7,40.3,41.4,39.1,37.4,39.6,20.8
213430002337,I.E. DE COYONGAL,OFICIAL,MAGANGUÉ,2022,26,215.7,41.0,48.5,41.2,42.5,41.3,29.6
213430002337,I.E. DE COYONGAL,OFICIAL,MAGANGUÉ,2023,47,217.4,44.4,45.3,43.9,40.6,42.4,28.2
213430002337,I.E. DE COYONGAL,OFICIAL,MAGANGUÉ,2024,33,218.4,45.0,45.9,44.6,40.2,40.5,28.4
213430002337,I.E. DE COYONGAL,OFICIAL,MAGANGUÉ,2025,41,209.0,43.6,44.2,40.2,38.5,43.9,22.0
213430002493,INST EDUC SAN JUAN BAUTISTA DE EL RETIRO,OFICIAL,MAGANGUÉ,2021,26,207.2,42.6,46.3,40.5,37.5,38.2,26.2
213430002493,INST EDUC SAN JUAN BAUTISTA DE EL RETIRO,OFICIAL,MAGANGUÉ,2022,29,208.2,43.1,44.1,42.0,37.8,40.5,25.8
213430002493,INST EDUC SAN JUAN BAUTISTA DE EL RETIRO,OFICIAL,MAGANGUÉ,2023,24,231.6,50.5,47.7,46.6,42.0,41.9,36.1
213430002493,INST EDUC SAN JUAN BAUTISTA DE EL RETIRO,OFICIAL,MAGANGUÉ,2024,27,237.3,50.9,46.6,49.8,43.3,45.5,38.6
213430002493,INST EDUC SAN JUAN BAUTISTA DE EL RETIRO,OFICIAL,MAGANGUÉ,2025,24,252.8,55.7,51.9,52.2,42.7,49.6,48.0
213430002582,INST EDUC TECNICA AGROPECUARIA SANTA BARBARA,OFICIAL,MAGANGUÉ,2021,57,219.8,44.9,47.6,43.5,40.4,42.4,34.4
213430002582,INST EDUC TECNICA AGROPECUARIA SANTA BARBARA,OFICIAL,MAGANGUÉ,2022,82,217.0,42.9,46.2,44.1,41.2,41.2,31.0
213430002582,INST EDUC TECNICA AGROPECUARIA SANTA BARBARA,OFICIAL,MAGANGUÉ,2023,68,234.4,47.2,49.2,47.4,44.3,45.4,38.4
213430002582,INST EDUC TECNICA AGROPECUARIA SANTA BARBARA,OFICIAL,MAGANGUÉ,2024,61,240.0,50.3,49.3,48.0,44.8,46.8,40.6
213430002582,INST EDUC TECNICA AGROPECUARIA SANTA BARBARA,OFICIAL,MAGANGUÉ,2025,66,228.9,46.8,49.3,46.8,40.7,44.4,33.5
213430002612,INST EDUC SAN SEBASTIAN DE MADRID,OFICIAL,MAGANGUÉ,2021,14,235.5,52.6,50.6,43.9,42.5,44.2,47.5
213430002612,INST EDUC SAN SEBASTIAN DE MADRID,OFICIAL,MAGANGUÉ,2022,13,247.5,52.2,50.9,48.8,46.5,48.9,48.2
213430002612,INST EDUC SAN SEBASTIAN DE MADRID,OFICIAL,MAGANGUÉ,2023,16,232.1,48.3,48.9,47.4,41.0,46.4,37.7
213430002612,INST EDUC SAN SEBASTIAN DE MADRID,OFICIAL,MAGANGUÉ,2024,11,242.5,49.2,53.0,48.3,44.4,47.8,48.8
213430002612,INST EDUC SAN SEBASTIAN DE MADRID,OFICIAL,MAGANGUÉ,2025,10,239.6,52.3,48.8,48.6,40.7,51.7,39.4
213430002949,INST EDUC TEC AGROP CALIXTO DIAZ PALENCIA,OFICIAL,MAGANGUÉ,2021,30,200.1,40.6,42.1,39.9,37.4,40.5,23.5
213430002949,INST EDUC TEC AGROP CALIXTO DIAZ PALENCIA,OFICIAL,MAGANGUÉ,2022,27,200.4,39.9,41.7,40.4,38.1,40.5,21.0
213430002949,INST EDUC TEC AGROP CALIXTO DIAZ PALENCIA,OFICIAL,MAGANGUÉ,2023,27,211.0,43.2,45.6,40.8,39.4,41.6,24.0
213430002949,INST EDUC TEC AGROP CALIXTO DIAZ PALENCIA,OFICIAL,MAGANGUÉ,2024,29,210.2,41.9,44.9,40.1,41.2,42.4,23.5
213430002949,INST EDUC TEC AGROP CALIXTO DIAZ PALENCIA,OFICIAL,MAGANGUÉ,2025,37,218.2,46.6,45.3,41.1,42.2,41.4,27.8
213430003066,I.E. NUESTRA SEÑORA DEL CARMEN DE BARBOSA,OFICIAL,MAGANGUÉ,2021,86,193.8,39.0,41.1,39.3,35.6,38.8,18.4
213430003066,I.E. NUESTRA SEÑORA DEL CARMEN DE BARBOSA,OFICIAL,MAGANGUÉ,2022,91,198.3,39.4,41.1,40.3,38.0,38.9,20.2
213430003066,I.E. NUESTRA SEÑORA DEL CARMEN DE BARBOSA,OFICIAL,MAGANGUÉ,2023,86,202.2,39.3,43.1,40.8,38.2,41.8,19.8
213430003066,I.E. NUESTRA SEÑORA DEL CARMEN DE BARBOSA,OFICIAL,MAGANGUÉ,2024,77,203.3,40.7,43.6,41.3,36.8,41.7,20.5
213430003066,I.E. NUESTRA SEÑORA DEL CARMEN DE BARBOSA,OFICIAL,MAGANGUÉ,2025,58,211.6,43.6,45.6,42.8,37.3,42.1,23.4
213430003082,INST EDUC DE CEIBAL,OFICIAL,MAGANGUÉ,2021,30,211.2,44.3,44.4,41.0,39.5,41.6,29.1
213430003082,INST EDUC DE CEIBAL,OFICIAL,MAGANGUÉ,2022,42,208.8,42.4,44.2,43.2,38.1,39.7,26.6
213430003082,INST EDUC DE CEIBAL,OFICIAL,MAGANGUÉ,2023,20,222.6,45.8,46.3,45.3,41.8,41.0,31.4
213430003082,INST EDUC DE CEIBAL,OFICIAL,MAGANGUÉ,2024,26,215.4,44.6,45.7,42.3,40.0,42.0,26.1
213430003082,INST EDUC DE CEIBAL,OFICIAL,MAGANGUÉ,2025,21,205.8,40.9,44.1,42.4,36.5,43.0,20.4
213433000106,INSTITUCIÓN EDUCATIVA TÉCNICA  AGROPECUARIA ZEQUIEL MARTELO PIMIENTA DE SAN JOAQUIN,OFICIAL,MAHATES,2021,37,218.3,43.3,46.9,44.4,40.6,42.0,33.3
213433000106,INSTITUCIÓN EDUCATIVA TÉCNICA  AGROPECUARIA ZEQUIEL MARTELO PIMIENTA DE SAN JOAQUIN,OFICIAL,MAHATES,2022,31,216.9,43.9,46.1,43.2,40.5,42.7,30.9
213433000106,INSTITUCIÓN EDUCATIVA TÉCNICA  AGROPECUARIA ZEQUIEL MARTELO PIMIENTA DE SAN JOAQUIN,OFICIAL,MAHATES,2023,23,215.7,41.9,46.5,42.7,41.9,42.1,26.8
213433000106,INSTITUCIÓN EDUCATIVA TÉCNICA  AGROPECUARIA ZEQUIEL MARTELO PIMIENTA DE SAN JOAQUIN,OFICIAL,MAHATES,2024,21,223.1,44.7,46.8,44.5,42.0,46.1,30.2
213433000106,INSTITUCIÓN EDUCATIVA TÉCNICA  AGROPECUARIA ZEQUIEL MARTELO PIMIENTA DE SAN JOAQUIN,OFICIAL,MAHATES,2025,27,217.2,43.9,46.2,43.2,40.5,43.5,27.0
213433000131,INSTITUCION EDUCATIVA DE EVITAR,OFICIAL,MAHATES,2021,18,183.3,36.4,39.6,36.6,33.8,37.5,14.7
213433000131,INSTITUCION EDUCATIVA DE EVITAR,OFICIAL,MAHATES,2022,29,193.7,37.7,41.4,38.6,37.0,39.6,18.1
213433000131,INSTITUCION EDUCATIVA DE EVITAR,OFICIAL,MAHATES,2023,25,195.4,39.8,41.7,37.9,36.3,41.2,16.5
213433000131,INSTITUCION EDUCATIVA DE EVITAR,OFICIAL,MAHATES,2024,20,191.6,39.3,39.6,41.6,33.0,38.0,13.4
213433000131,INSTITUCION EDUCATIVA DE EVITAR,OFICIAL,MAHATES,2025,15,202.7,42.7,42.1,40.0,37.5,40.5,20.1
213433000238,INSTITUCIÓN EDUCATIVA TÉCNICA  AGROINDUSTRIAL DE MALAGANA,OFICIAL,MAHATES,2021,126,203.4,39.6,44.4,41.3,38.1,38.4,24.4
213433000238,INSTITUCIÓN EDUCATIVA TÉCNICA  AGROINDUSTRIAL DE MALAGANA,OFICIAL,MAHATES,2022,130,209.2,41.1,44.7,42.1,39.8,41.2,26.4
213433000238,INSTITUCIÓN EDUCATIVA TÉCNICA  AGROINDUSTRIAL DE MALAGANA,OFICIAL,MAHATES,2023,115,204.5,40.5,43.5,41.7,38.2,40.1,21.9
213433000238,INSTITUCIÓN EDUCATIVA TÉCNICA  AGROINDUSTRIAL DE MALAGANA,OFICIAL,MAHATES,2024,122,202.4,39.1,43.4,41.7,37.8,40.1,20.7
213433000238,INSTITUCIÓN EDUCATIVA TÉCNICA  AGROINDUSTRIAL DE MALAGANA,OFICIAL,MAHATES,2025,115,212.4,42.5,46.6,42.6,38.4,41.8,24.3
213433000343,INSTITUCIÓN EDUCATIVA TÉCNICA AGROPECUARIA BENKOS BIOHO DE SAN BASILIO DE PALENQUE,OFICIAL,MAHATES,2021,44,189.4,36.7,40.6,37.6,36.4,38.5,16.4
213433000343,INSTITUCIÓN EDUCATIVA TÉCNICA AGROPECUARIA BENKOS BIOHO DE SAN BASILIO DE PALENQUE,OFICIAL,MAHATES,2022,33,207.5,41.6,43.8,40.5,40.2,41.5,25.3
213433000343,INSTITUCIÓN EDUCATIVA TÉCNICA AGROPECUARIA BENKOS BIOHO DE SAN BASILIO DE PALENQUE,OFICIAL,MAHATES,2023,48,202.6,37.5,43.0,41.9,39.6,40.5,2.5
213433000343,INSTITUCIÓN EDUCATIVA TÉCNICA AGROPECUARIA BENKOS BIOHO DE SAN BASILIO DE PALENQUE,OFICIAL,MAHATES,2024,45,196.8,37.1,42.6,40.2,37.5,41.2,20.5
213433000343,INSTITUCIÓN EDUCATIVA TÉCNICA AGROPECUARIA BENKOS BIOHO DE SAN BASILIO DE PALENQUE,OFICIAL,MAHATES,2025,42,191.7,36.7,42.8,38.6,35.2,42.4,23.0
213440000430,INSTITUCIÓN EDUCATIVA DE MAMONCITO,OFICIAL,MARGARITA,2021,15,221.9,44.7,48.9,42.7,42.7,39.8,36.4
213440000430,INSTITUCIÓN EDUCATIVA DE MAMONCITO,OFICIAL,MARGARITA,2022,31,216.5,44.5,44.8,45.0,40.2,39.4,30.8
213440000430,INSTITUCIÓN EDUCATIVA DE MAMONCITO,OFICIAL,MARGARITA,2023,29,220.3,46.4,47.0,44.3,39.7,40.5,29.8
213440000430,INSTITUCIÓN EDUCATIVA DE MAMONCITO,OFICIAL,MARGARITA,2024,23,221.2,45.4,47.4,44.6,40.7,40.8,28.9
213440000430,INSTITUCIÓN EDUCATIVA DE MAMONCITO,OFICIAL,MARGARITA,2025,26,226.2,44.0,48.6,46.0,43.1,43.1,31.2
213440000502,INSTITUCIÓN EDUCATIVA DE GUATACA SUR,OFICIAL,MARGARITA,2021,21,202.6,40.0,43.5,40.0,39.3,38.3,22.8
213440000502,INSTITUCIÓN EDUCATIVA DE GUATACA SUR,OFICIAL,MARGARITA,2022,18,218.4,43.5,45.9,44.1,41.7,42.4,31.5
213440000502,INSTITUCIÓN EDUCATIVA DE GUATACA SUR,OFICIAL,MARGARITA,2023,16,236.3,46.0,49.0,47.1,47.7,44.8,39.9
213440000502,INSTITUCIÓN EDUCATIVA DE GUATACA SUR,OFICIAL,MARGARITA,2024,24,221.2,43.8,46.9,45.0,41.8,42.5,29.5
213440000502,INSTITUCIÓN EDUCATIVA DE GUATACA SUR,OFICIAL,MARGARITA,2025,14,230.0,45.3,49.1,45.9,43.4,46.4,34.4
213440000618,INSTITUCIÓN EDUCATIVA DE CHILLOA,OFICIAL,MARGARITA,2021,41,199.9,40.4,44.1,39.1,37.0,38.0,21.9
213440000618,INSTITUCIÓN EDUCATIVA DE CHILLOA,OFICIAL,MARGARITA,2022,61,205.9,41.9,43.8,41.5,38.4,38.7,24.6
213440000618,INSTITUCIÓN EDUCATIVA DE CHILLOA,OFICIAL,MARGARITA,2023,41,205.8,41.4,43.2,42.9,38.0,38.9,21.7
213440000618,INSTITUCIÓN EDUCATIVA DE CHILLOA,OFICIAL,MARGARITA,2024,50,196.2,36.9,42.4,41.0,36.5,39.9,16.8
213440000618,INSTITUCIÓN EDUCATIVA DE CHILLOA,OFICIAL,MARGARITA,2025,40,207.0,40.2,46.0,42.1,37.5,40.7,20.9
213442000003,INSTITUCIÓN EDUCATIVA TÉCNICA AGROPECUARIA NUEVA FLORIDA,OFICIAL,MARÍA LA BAJA,2021,34,192.6,37.5,42.6,38.6,36.2,36.5,18.1
213442000003,INSTITUCIÓN EDUCATIVA TÉCNICA AGROPECUARIA NUEVA FLORIDA,OFICIAL,MARÍA LA BAJA,2022,31,204.1,42.0,42.2,39.9,39.5,40.1,24.4
213442000003,INSTITUCIÓN EDUCATIVA TÉCNICA AGROPECUARIA NUEVA FLORIDA,OFICIAL,MARÍA LA BAJA,2023,41,198.4,39.3,41.6,41.4,37.0,37.7,17.9
213442000003,INSTITUCIÓN EDUCATIVA TÉCNICA AGROPECUARIA NUEVA FLORIDA,OFICIAL,MARÍA LA BAJA,2024,20,194.6,38.5,42.0,38.7,36.8,37.5,15.9
213442000003,INSTITUCIÓN EDUCATIVA TÉCNICA AGROPECUARIA NUEVA FLORIDA,OFICIAL,MARÍA LA BAJA,2025,45,202.1,42.2,43.1,40.9,35.6,40.4,19.2
213442000275,INSTITUCION EDUCATIVA DE CORREA,OFICIAL,MARÍA LA BAJA,2021,10,196.6,38.4,43.9,38.7,36.2,39.7,20.1
213442000275,INSTITUCION EDUCATIVA DE CORREA,OFICIAL,MARÍA LA BAJA,2022,12,189.6,35.1,42.8,36.9,36.5,38.9,15.1
213442000275,INSTITUCION EDUCATIVA DE CORREA,OFICIAL,MARÍA LA BAJA,2023,9,216.9,41.1,46.4,43.7,44.0,38.4,29.1
213442000275,INSTITUCION EDUCATIVA DE CORREA,OFICIAL,MARÍA LA BAJA,2024,16,203.9,39.5,44.6,40.1,39.1,40.2,20.2
213442000275,INSTITUCION EDUCATIVA DE CORREA,OFICIAL,MARÍA LA BAJA,2025,9,209.1,40.2,45.6,42.3,40.1,38.9,22.9
213442000411,INSTITUCIÓN EDUCATIVA DE RETIRO NUEVO,OFICIAL,MARÍA LA BAJA,2021,23,183.2,35.5,39.6,36.3,35.4,36.0,12.1
213442000411,INSTITUCIÓN EDUCATIVA DE RETIRO NUEVO,OFICIAL,MARÍA LA BAJA,2022,30,197.9,38.4,42.9,39.8,38.1,36.9,20.0
213442000411,INSTITUCIÓN EDUCATIVA DE RETIRO NUEVO,OFICIAL,MARÍA LA BAJA,2023,20,190.1,37.5,41.0,38.4,35.8,35.9,13.4
213442000411,INSTITUCIÓN EDUCATIVA DE RETIRO NUEVO,OFICIAL,MARÍA LA BAJA,2024,24,195.8,36.7,43.8,40.0,37.5,35.1,16.8
213442000411,INSTITUCIÓN EDUCATIVA DE RETIRO NUEVO,OFICIAL,MARÍA LA BAJA,2025,25,208.5,39.7,44.8,43.4,38.3,43.3,22.7
213442000925,INSTITUCIÓN EDUCATIVA TÉCNICA AGROINDUSTRIAL DE FLAMENCO,OFICIAL,MARÍA LA BAJA,2021,39,193.6,38.9,41.5,39.1,36.0,36.9,19.0
213442000925,INSTITUCIÓN EDUCATIVA TÉCNICA AGROINDUSTRIAL DE FLAMENCO,OFICIAL,MARÍA LA BAJA,2022,37,203.9,40.9,42.9,41.6,38.4,38.6,23.4
213442000925,INSTITUCIÓN EDUCATIVA TÉCNICA AGROINDUSTRIAL DE FLAMENCO,OFICIAL,MARÍA LA BAJA,2023,37,210.3,41.1,45.0,42.9,39.4,41.7,23.6
213442000925,INSTITUCIÓN EDUCATIVA TÉCNICA AGROINDUSTRIAL DE FLAMENCO,OFICIAL,MARÍA LA BAJA,2024,27,215.7,42.8,46.7,44.0,40.6,38.3,26.2
213442000925,INSTITUCIÓN EDUCATIVA TÉCNICA AGROINDUSTRIAL DE FLAMENCO,OFICIAL,MARÍA LA BAJA,2025,29,211.8,42.9,46.0,41.9,39.7,39.1,24.4
213442000968,INSTITUCIÓN EDUCATIVA TÉCNICA AGROPECUARIA SAN JOSÉ DE PLAYÓN,OFICIAL,MARÍA LA BAJA,2021,24,174.8,33.0,39.5,34.6,32.4,36.0,10.4
213442000968,INSTITUCIÓN EDUCATIVA TÉCNICA AGROPECUARIA SAN JOSÉ DE PLAYÓN,OFICIAL,MARÍA LA BAJA,2022,88,184.6,35.8,40.1,37.0,34.7,37.0,12.2
213442000968,INSTITUCIÓN EDUCATIVA TÉCNICA AGROPECUARIA SAN JOSÉ DE PLAYÓN,OFICIAL,MARÍA LA BAJA,2023,105,185.5,35.2,40.5,37.3,35.5,36.7,10.3
213442000968,INSTITUCIÓN EDUCATIVA TÉCNICA AGROPECUARIA SAN JOSÉ DE PLAYÓN,OFICIAL,MARÍA LA BAJA,2024,96,183.3,35.2,40.0,37.3,34.7,34.6,10.6
213442000968,INSTITUCIÓN EDUCATIVA TÉCNICA AGROPECUARIA SAN JOSÉ DE PLAYÓN,OFICIAL,MARÍA LA BAJA,2025,81,192.7,37.9,42.6,39.4,34.5,37.8,15.4
213468000117,INSTITUCIÒN EDUCATIVA TÈCNICA AMBIENTAL DE TIERRA FIRME,OFICIAL,MOMPÓS,2021,20,203.4,40.0,43.4,41.3,38.1,40.4,24.6
213468000117,INSTITUCIÒN EDUCATIVA TÈCNICA AMBIENTAL DE TIERRA FIRME,OFICIAL,MOMPÓS,2022,35,209.6,43.4,45.0,41.9,37.9,40.3,26.7
213468000117,INSTITUCIÒN EDUCATIVA TÈCNICA AMBIENTAL DE TIERRA FIRME,OFICIAL,MOMPÓS,2023,29,212.8,45.2,44.7,42.3,38.6,41.1,25.0
213468000117,INSTITUCIÒN EDUCATIVA TÈCNICA AMBIENTAL DE TIERRA FIRME,OFICIAL,MOMPÓS,2024,50,222.7,46.2,47.3,44.7,40.8,42.4,30.1
213468000117,INSTITUCIÒN EDUCATIVA TÈCNICA AMBIENTAL DE TIERRA FIRME,OFICIAL,MOMPÓS,2025,37,241.6,52.2,50.2,48.5,43.3,45.8,40.6
213468000974,INSTITUCIÓN EDUCATIVA LA PEÑA,OFICIAL,CICUCO,2021,19,194.9,39.9,42.0,37.7,37.1,36.5,19.3
213468000974,INSTITUCIÓN EDUCATIVA LA PEÑA,OFICIAL,CICUCO,2022,24,196.8,39.5,42.5,39.1,36.5,39.2,19.9
213468000974,INSTITUCIÓN EDUCATIVA LA PEÑA,OFICIAL,CICUCO,2023,17,192.9,37.8,40.6,39.4,36.0,40.2,12.9
213468000974,INSTITUCIÓN EDUCATIVA LA PEÑA,OFICIAL,CICUCO,2024,18,201.4,39.8,43.2,41.4,36.1,41.8,18.3
213468000974,INSTITUCIÓN EDUCATIVA LA PEÑA,OFICIAL,CICUCO,2025,13,212.8,44.3,43.2,44.0,39.2,41.1,24.3
213468001261,INSTITUCIÓN EDUCATIVA DE LAS BOQUILLAS,OFICIAL,MOMPÓS,2021,38,215.0,44.5,46.0,40.8,42.1,38.7,31.6
213468001261,INSTITUCIÓN EDUCATIVA DE LAS BOQUILLAS,OFICIAL,MOMPÓS,2022,62,212.7,43.3,45.2,41.9,40.7,39.6,27.9
213468001261,INSTITUCIÓN EDUCATIVA DE LAS BOQUILLAS,OFICIAL,MOMPÓS,2023,48,202.0,41.0,43.1,40.0,37.8,39.3,18.9
213468001261,INSTITUCIÓN EDUCATIVA DE LAS BOQUILLAS,OFICIAL,MOMPÓS,2024,55,209.3,42.7,43.5,42.2,39.2,41.1,22.9
213468001261,INSTITUCIÓN EDUCATIVA DE LAS BOQUILLAS,OFICIAL,MOMPÓS,2025,42,210.6,43.3,45.6,42.1,37.7,41.6,23.1
213468001369,INSTITUCION EDUCATIVA LA TRAVESIA,OFICIAL,MOMPÓS,2021,22,188.2,36.3,41.0,39.0,34.8,36.2,15.3
213468001369,INSTITUCION EDUCATIVA LA TRAVESIA,OFICIAL,MOMPÓS,2022,23,181.0,35.6,38.5,38.3,32.4,36.2,10.7
213468001369,INSTITUCION EDUCATIVA LA TRAVESIA,OFICIAL,MOMPÓS,2023,25,190.2,36.9,40.9,38.6,36.0,37.2,12.2
213468001369,INSTITUCION EDUCATIVA LA TRAVESIA,OFICIAL,MOMPÓS,2024,13,190.1,36.7,40.4,40.4,34.5,38.8,12.9
213468001369,INSTITUCION EDUCATIVA LA TRAVESIA,OFICIAL,MOMPÓS,2025,18,215.9,43.3,47.5,44.7,38.1,40.4,25.6
213468001491,INSTITUCIÓN EDUCATIVA RIO GRANDE DE LA MAGDALENA,OFICIAL,MOMPÓS,2021,42,196.5,38.2,43.8,39.9,35.4,38.7,19.9
213468001491,INSTITUCIÓN EDUCATIVA RIO GRANDE DE LA MAGDALENA,OFICIAL,MOMPÓS,2022,44,198.7,39.4,42.8,40.0,36.8,39.5,20.8
213468001491,INSTITUCIÓN EDUCATIVA RIO GRANDE DE LA MAGDALENA,OFICIAL,MOMPÓS,2023,33,201.5,42.1,43.4,40.0,35.8,40.0,18.2
213468001491,INSTITUCIÓN EDUCATIVA RIO GRANDE DE LA MAGDALENA,OFICIAL,MOMPÓS,2024,32,194.4,37.4,43.0,39.8,35.4,39.3,15.7
213468001491,INSTITUCIÓN EDUCATIVA RIO GRANDE DE LA MAGDALENA,OFICIAL,MOMPÓS,2025,22,210.8,43.2,47.4,42.0,37.5,37.6,23.3
213468001512,INSTITUCIÓN EDUCATIVA TÉCNICA AGROPECUARIA DEL CHICAGUA,OFICIAL,MOMPÓS,2021,39,183.5,35.8,40.9,36.2,33.9,36.1,12.7
213468001512,INSTITUCIÓN EDUCATIVA TÉCNICA AGROPECUARIA DEL CHICAGUA,OFICIAL,MOMPÓS,2022,25,192.8,37.7,42.0,39.0,35.8,38.0,16.7
213468001512,INSTITUCIÓN EDUCATIVA TÉCNICA AGROPECUARIA DEL CHICAGUA,OFICIAL,MOMPÓS,2023,35,193.5,38.2,41.8,37.7,37.4,37.7,15.1
213468001512,INSTITUCIÓN EDUCATIVA TÉCNICA AGROPECUARIA DEL CHICAGUA,OFICIAL,MOMPÓS,2024,29,190.8,34.8,41.9,39.5,36.4,38.4,12.5
213468001512,INSTITUCIÓN EDUCATIVA TÉCNICA AGROPECUARIA DEL CHICAGUA,OFICIAL,MOMPÓS,2025,28,193.1,36.7,43.0,38.9,35.6,39.4,13.8
213468001539,INSTITUCIÓN EDUCATIVA TÉCNICA AGROPECUARIA DE GUATACA,OFICIAL,MOMPÓS,2021,38,201.0,40.7,43.7,39.8,36.8,40.1,22.2
213468001539,INSTITUCIÓN EDUCATIVA TÉCNICA AGROPECUARIA DE GUATACA,OFICIAL,MOMPÓS,2022,36,216.3,42.1,46.4,43.3,41.9,40.8,29.9
213468001539,INSTITUCIÓN EDUCATIVA TÉCNICA AGROPECUARIA DE GUATACA,OFICIAL,MOMPÓS,2023,27,211.3,42.1,44.8,43.1,39.6,40.5,24.6
213468001539,INSTITUCIÓN EDUCATIVA TÉCNICA AGROPECUARIA DE GUATACA,OFICIAL,MOMPÓS,2024,29,206.0,37.5,45.0,42.8,40.1,39.8,20.8
213468001539,INSTITUCIÓN EDUCATIVA TÉCNICA AGROPECUARIA DE GUATACA,OFICIAL,MOMPÓS,2025,20,213.8,43.3,46.4,43.3,38.1,42.7,25.9
213468001547,INSTITUCIÓN EDUCATIVA TÉCNICA AGROPECUARIA DE LA RINCONADA,OFICIAL,MOMPÓS,2021,44,200.7,40.3,43.5,40.1,37.5,37.6,23.1
213468001547,INSTITUCIÓN EDUCATIVA TÉCNICA AGROPECUARIA DE LA RINCONADA,OFICIAL,MOMPÓS,2022,48,203.2,39.1,45.3,40.4,37.9,40.1,22.9
213468001547,INSTITUCIÓN EDUCATIVA TÉCNICA AGROPECUARIA DE LA RINCONADA,OFICIAL,MOMPÓS,2023,34,204.4,41.4,44.8,40.7,37.3,38.8,21.3
213468001547,INSTITUCIÓN EDUCATIVA TÉCNICA AGROPECUARIA DE LA RINCONADA,OFICIAL,MOMPÓS,2024,18,224.4,44.6,48.9,46.2,40.8,41.9,30.4
213468001547,INSTITUCIÓN EDUCATIVA TÉCNICA AGROPECUARIA DE LA RINCONADA,OFICIAL,MOMPÓS,2025,30,205.9,40.3,43.5,43.5,37.3,41.4,20.5
213473000052,INSTITUCIÓN EDUCATIVA LA PALMA,OFICIAL,MORALES,2021,32,198.7,40.0,42.6,40.6,36.0,38.5,20.6
213473000052,INSTITUCIÓN EDUCATIVA LA PALMA,OFICIAL,MORALES,2022,29,202.7,42.3,41.9,39.9,38.7,38.9,22.2
213473000052,INSTITUCIÓN EDUCATIVA LA PALMA,OFICIAL,MORALES,2023,36,198.8,39.8,41.9,39.7,38.2,38.0,17.6
213473000052,INSTITUCIÓN EDUCATIVA LA PALMA,OFICIAL,MORALES,2024,35,214.8,43.1,45.2,43.4,41.3,40.0,27.0
213473000052,INSTITUCIÓN EDUCATIVA LA PALMA,OFICIAL,MORALES,2025,24,212.0,43.6,44.9,42.2,39.3,40.8,23.8
213473000915,INSTITUCIÓN EDUCATIVA DEL DIQUE,OFICIAL,MORALES,2021,12,226.9,46.2,46.6,48.4,41.8,40.4,39.0
213473000915,INSTITUCIÓN EDUCATIVA DEL DIQUE,OFICIAL,MORALES,2022,10,225.7,46.7,48.4,44.9,41.5,42.6,38.6
213473000915,INSTITUCIÓN EDUCATIVA DEL DIQUE,OFICIAL,MORALES,2023,13,215.4,43.5,48.2,41.1,40.1,41.7,26.6
213473000915,INSTITUCIÓN EDUCATIVA DEL DIQUE,OFICIAL,MORALES,2024,11,239.8,52.9,49.2,48.5,44.5,38.1,40.1
213473000915,INSTITUCIÓN EDUCATIVA DEL DIQUE,OFICIAL,MORALES,2025,14,221.0,45.9,48.4,43.6,40.5,39.5,28.8
213473000923,INSTITUCIÓN EDUCATIVA DE BODEGA CENTRAL,OFICIAL,MORALES,2021,12,209.3,42.5,45.6,40.5,39.2,40.5,26.8
213473000923,INSTITUCIÓN EDUCATIVA DE BODEGA CENTRAL,OFICIAL,MORALES,2022,15,209.2,41.2,45.9,41.9,38.5,41.5,26.5
213473000923,INSTITUCIÓN EDUCATIVA DE BODEGA CENTRAL,OFICIAL,MORALES,2023,23,208.5,42.0,45.4,40.5,39.5,40.3,23.2
213473000923,INSTITUCIÓN EDUCATIVA DE BODEGA CENTRAL,OFICIAL,MORALES,2024,17,191.7,38.2,41.9,38.4,34.6,39.0,14.1
213473000923,INSTITUCIÓN EDUCATIVA DE BODEGA CENTRAL,OFICIAL,MORALES,2025,11,195.9,36.1,45.3,39.6,35.8,38.8,15.2
213473001296,INSTITUCIÓN EDUCATIVA CORCOVADO,OFICIAL,MORALES,2021,21,200.7,41.6,43.4,39.9,36.2,38.5,23.5
213473001296,INSTITUCIÓN EDUCATIVA CORCOVADO,OFICIAL,MORALES,2022,46,205.4,42.2,43.1,41.2,38.5,38.9,24.5
213473001296,INSTITUCIÓN EDUCATIVA CORCOVADO,OFICIAL,MORALES,2023,35,203.9,42.5,43.0,40.0,38.2,39.0,21.3
213473001296,INSTITUCIÓN EDUCATIVA CORCOVADO,OFICIAL,MORALES,2024,25,203.4,40.7,44.9,41.2,36.6,38.5,19.1
213473001296,INSTITUCIÓN EDUCATIVA CORCOVADO,OFICIAL,MORALES,2025,26,208.0,39.8,44.9,43.1,39.7,38.1,21.8
213473001580,INSTITUCIÓN EDUCATIVA EMA TRONCOSO RABELO,OFICIAL,ARENAL,2021,30,206.2,41.3,44.4,40.0,39.5,40.7,26.7
213473001580,INSTITUCIÓN EDUCATIVA EMA TRONCOSO RABELO,OFICIAL,ARENAL,2022,46,202.6,39.3,43.7,41.0,38.4,39.6,22.2
213473001580,INSTITUCIÓN EDUCATIVA EMA TRONCOSO RABELO,OFICIAL,ARENAL,2023,29,214.9,41.2,46.7,41.7,41.3,45.7,26.3
213473001580,INSTITUCIÓN EDUCATIVA EMA TRONCOSO RABELO,OFICIAL,ARENAL,2024,40,204.0,40.0,44.8,40.3,38.0,40.8,20.4
213473001580,INSTITUCIÓN EDUCATIVA EMA TRONCOSO RABELO,OFICIAL,ARENAL,2025,26,213.1,43.0,45.8,43.0,39.2,41.1,25.1
213473001598,INSTITUCIÓN EDUCATIVA DE MICOAHUMADO,OFICIAL,MORALES,2021,12,204.1,36.8,45.8,42.0,40.1,36.8,24.0
213473001598,INSTITUCIÓN EDUCATIVA DE MICOAHUMADO,OFICIAL,MORALES,2022,8,238.0,49.9,47.2,50.6,46.8,35.2,43.6
213473001598,INSTITUCIÓN EDUCATIVA DE MICOAHUMADO,OFICIAL,MORALES,2023,10,218.4,48.3,43.8,43.7,39.5,41.5,27.6
213473001598,INSTITUCIÓN EDUCATIVA DE MICOAHUMADO,OFICIAL,MORALES,2024,5,217.2,47.0,43.2,43.4,41.2,40.2,29.6
213473001598,INSTITUCIÓN EDUCATIVA DE MICOAHUMADO,OFICIAL,MORALES,2025,6,253.0,55.8,52.5,50.5,44.7,47.5,47.2
213549000006,INSTITUCIÓN EDUCATIVA DE ARMENIA,OFICIAL,PINILLOS,2021,53,192.4,37.3,41.8,39.0,35.8,38.3,18.6
213549000006,INSTITUCIÓN EDUCATIVA DE ARMENIA,OFICIAL,PINILLOS,2022,40,215.2,43.0,46.3,43.0,40.7,40.6,30.0
213549000006,INSTITUCIÓN EDUCATIVA DE ARMENIA,OFICIAL,PINILLOS,2023,54,194.5,39.0,42.0,38.7,35.8,39.0,15.2
213549000006,INSTITUCIÓN EDUCATIVA DE ARMENIA,OFICIAL,PINILLOS,2024,45,207.2,41.2,46.1,41.4,37.2,40.7,20.4
213549000006,INSTITUCIÓN EDUCATIVA DE ARMENIA,OFICIAL,PINILLOS,2025,37,204.8,41.5,44.1,41.9,37.0,38.6,19.9
213549000065,INSTITUCIÓN EDUCATIVA DE SANTA COA,OFICIAL,PINILLOS,2021,43,196.2,38.9,42.3,40.5,35.5,38.6,20.6
213549000065,INSTITUCIÓN EDUCATIVA DE SANTA COA,OFICIAL,PINILLOS,2022,32,193.7,38.1,41.5,39.3,35.1,41.8,17.3
213549000065,INSTITUCIÓN EDUCATIVA DE SANTA COA,OFICIAL,PINILLOS,2023,30,196.5,37.6,42.9,39.7,36.7,40.3,16.4
213549000065,INSTITUCIÓN EDUCATIVA DE SANTA COA,OFICIAL,PINILLOS,2024,34,193.8,37.2,42.9,38.8,36.3,38.2,14.8
213549000065,INSTITUCIÓN EDUCATIVA DE SANTA COA,OFICIAL,PINILLOS,2025,24,205.0,41.5,44.3,42.5,36.2,39.3,21.1
213549001207,INSTITUCIÓN EDUCATIVA DE LA VENTURA,OFICIAL,TIQUISIO,2021,20,185.2,35.2,41.5,38.0,33.8,35.9,15.0
213549001207,INSTITUCIÓN EDUCATIVA DE LA VENTURA,OFICIAL,TIQUISIO,2022,22,205.5,41.6,44.3,41.2,38.3,38.0,23.0
213549001207,INSTITUCIÓN EDUCATIVA DE LA VENTURA,OFICIAL,TIQUISIO,2023,24,192.7,39.1,41.7,36.7,36.3,39.5,13.8
213549001207,INSTITUCIÓN EDUCATIVA DE LA VENTURA,OFICIAL,TIQUISIO,2024,23,207.5,42.0,44.3,41.2,38.7,41.0,21.9
213549001207,INSTITUCIÓN EDUCATIVA DE LA VENTURA,OFICIAL,TIQUISIO,2025,17,207.0,44.7,40.9,43.1,36.7,41.6,22.0
213549001347,INSTITUCIÓN EDUCATIVA DE LAS FLORES,OFICIAL,PINILLOS,2021,22,194.0,36.6,42.9,40.1,35.6,38.5,18.0
213549001347,INSTITUCIÓN EDUCATIVA DE LAS FLORES,OFICIAL,PINILLOS,2022,17,199.1,43.6,39.2,41.8,35.1,38.8,20.9
213549001347,INSTITUCIÓN EDUCATIVA DE LAS FLORES,OFICIAL,PINILLOS,2023,17,192.9,38.4,40.5,41.0,34.5,38.4,15.0
213549001347,INSTITUCIÓN EDUCATIVA DE LAS FLORES,OFICIAL,PINILLOS,2024,23,186.7,35.6,42.0,36.7,34.7,38.1,11.2
213549001347,INSTITUCIÓN EDUCATIVA DE LAS FLORES,OFICIAL,PINILLOS,2025,18,191.1,37.2,42.4,38.0,34.7,39.8,13.7
213549001681,INSTITUCIÓN EDUCATIVA DE AGUAS NEGRAS,OFICIAL,TIQUISIO,2023,4,175.8,33.2,37.8,34.8,35.5,33.8,5.5
213549001681,INSTITUCIÓN EDUCATIVA DE AGUAS NEGRAS,OFICIAL,TIQUISIO,2024,4,207.0,38.8,47.8,43.5,36.8,38.0,22.0
213549002025,INSTITUCIÓN EDUCATIVA DE PALOMINO,OFICIAL,PINILLOS,2021,22,194.8,39.1,40.7,39.3,36.9,39.0,20.2
213549002025,INSTITUCIÓN EDUCATIVA DE PALOMINO,OFICIAL,PINILLOS,2022,13,195.0,38.5,41.6,39.2,37.3,37.2,17.8
213549002025,INSTITUCIÓN EDUCATIVA DE PALOMINO,OFICIAL,PINILLOS,2023,20,187.2,37.2,40.9,37.3,34.8,36.2,11.0
213549002025,INSTITUCIÓN EDUCATIVA DE PALOMINO,OFICIAL,PINILLOS,2024,15,214.8,42.0,48.0,43.6,39.7,38.5,27.1
213549002025,INSTITUCIÓN EDUCATIVA DE PALOMINO,OFICIAL,PINILLOS,2025,13,200.4,41.3,43.9,38.9,36.7,38.8,18.2
213549002122,INSTITUCION EDUCATIVA  DE MINA SECA,OFICIAL,TIQUISIO,2021,7,223.0,46.7,47.6,46.3,39.1,40.7,36.3
213549002122,INSTITUCION EDUCATIVA  DE MINA SECA,OFICIAL,TIQUISIO,2022,13,217.7,43.8,44.5,45.3,40.7,43.4,31.4
213549002122,INSTITUCION EDUCATIVA  DE MINA SECA,OFICIAL,TIQUISIO,2023,26,195.5,39.5,42.2,38.2,37.0,37.7,15.4
213549002122,INSTITUCION EDUCATIVA  DE MINA SECA,OFICIAL,TIQUISIO,2024,33,204.3,37.5,44.1,42.1,39.7,41.0,20.4
213549002122,INSTITUCION EDUCATIVA  DE MINA SECA,OFICIAL,TIQUISIO,2025,26,203.3,38.5,43.8,41.5,38.0,42.9,20.8
213549002157,INSTITUCIÓN EDUCATIVA TÉCNICA AGROPECUARIA DE LAS CONCHITAS,OFICIAL,PINILLOS,2021,16,202.6,41.2,43.6,40.6,37.8,37.6,23.8
213549002157,INSTITUCIÓN EDUCATIVA TÉCNICA AGROPECUARIA DE LAS CONCHITAS,OFICIAL,PINILLOS,2022,25,191.0,38.6,39.2,39.4,35.9,37.3,16.2
213549002157,INSTITUCIÓN EDUCATIVA TÉCNICA AGROPECUARIA DE LAS CONCHITAS,OFICIAL,PINILLOS,2023,16,192.9,35.6,42.1,39.2,37.1,39.9,16.9
213549002157,INSTITUCIÓN EDUCATIVA TÉCNICA AGROPECUARIA DE LAS CONCHITAS,OFICIAL,PINILLOS,2024,19,180.1,33.8,38.7,36.8,34.2,37.6,9.3
213549002157,INSTITUCIÓN EDUCATIVA TÉCNICA AGROPECUARIA DE LAS CONCHITAS,OFICIAL,PINILLOS,2025,13,188.8,36.7,40.7,39.0,35.0,36.9,12.1
213549002319,INSTITUCIÓN EDUCATIVA RAFAEL SEGUNDO TURIZO MARTINEZ,OFICIAL,TIQUISIO,2021,21,214.0,42.5,46.1,43.5,39.7,41.0,30.0
213549002319,INSTITUCIÓN EDUCATIVA RAFAEL SEGUNDO TURIZO MARTINEZ,OFICIAL,TIQUISIO,2022,18,221.6,44.3,46.8,43.4,44.2,39.4,33.7
213549002319,INSTITUCIÓN EDUCATIVA RAFAEL SEGUNDO TURIZO MARTINEZ,OFICIAL,TIQUISIO,2023,25,211.4,42.3,46.0,41.4,39.8,41.2,24.4
213549002319,INSTITUCIÓN EDUCATIVA RAFAEL SEGUNDO TURIZO MARTINEZ,OFICIAL,TIQUISIO,2024,16,213.4,43.9,45.7,42.9,38.9,40.2,25.1
213549002319,INSTITUCIÓN EDUCATIVA RAFAEL SEGUNDO TURIZO MARTINEZ,OFICIAL,TIQUISIO,2025,14,208.4,43.8,44.6,41.6,36.4,42.9,20.9
213549002424,INSTITUCIÓN EDUCATIVA DE PALENQUITO,OFICIAL,PINILLOS,2021,32,207.5,42.4,43.3,41.9,38.7,40.4,26.1
213549002424,INSTITUCIÓN EDUCATIVA DE PALENQUITO,OFICIAL,PINILLOS,2022,39,203.2,40.7,42.4,41.4,38.2,40.0,22.8
213549002424,INSTITUCIÓN EDUCATIVA DE PALENQUITO,OFICIAL,PINILLOS,2023,37,200.3,41.9,41.8,41.0,35.8,39.2,17.5
213549002424,INSTITUCIÓN EDUCATIVA DE PALENQUITO,OFICIAL,PINILLOS,2024,33,192.4,37.8,41.0,38.5,36.4,39.2,13.5
213549002424,INSTITUCIÓN EDUCATIVA DE PALENQUITO,OFICIAL,PINILLOS,2025,38,189.2,36.8,40.2,39.3,34.3,40.5,12.7
213549002513,INSTITUCIÓN EDUCATIVA DE PUERTO LOPEZ,OFICIAL,PINILLOS,2021,25,207.6,42.0,44.3,40.5,39.0,42.4,27.0
213549002513,INSTITUCIÓN EDUCATIVA DE PUERTO LOPEZ,OFICIAL,PINILLOS,2022,30,208.8,40.2,44.8,42.9,39.4,41.4,26.5
213549002513,INSTITUCIÓN EDUCATIVA DE PUERTO LOPEZ,OFICIAL,PINILLOS,2023,36,209.2,41.1,45.2,41.3,40.2,40.6,23.2
213549002513,INSTITUCIÓN EDUCATIVA DE PUERTO LOPEZ,OFICIAL,PINILLOS,2024,36,199.0,38.5,43.0,40.9,36.7,40.0,17.4
213549002513,INSTITUCIÓN EDUCATIVA DE PUERTO LOPEZ,OFICIAL,PINILLOS,2025,47,193.9,36.7,43.0,39.9,35.3,39.2,15.6
213549002599,INSTITUCIÓN EDUCATIVA DE COLORADO,OFICIAL,TIQUISIO,2021,16,201.1,40.7,43.4,40.6,37.4,36.6,21.9
213549002599,INSTITUCIÓN EDUCATIVA DE COLORADO,OFICIAL,TIQUISIO,2022,16,196.9,39.8,43.9,38.4,36.4,36.9,19.2
213549002599,INSTITUCIÓN EDUCATIVA DE COLORADO,OFICIAL,TIQUISIO,2023,17,194.3,38.4,41.3,38.1,36.8,41.6,16.0
213549002599,INSTITUCIÓN EDUCATIVA DE COLORADO,OFICIAL,TIQUISIO,2024,15,213.6,43.8,46.0,42.5,38.3,43.5,24.2
213549002599,INSTITUCIÓN EDUCATIVA DE COLORADO,OFICIAL,TIQUISIO,2025,19,214.4,41.6,46.3,43.8,39.9,42.6,25.7
213549003048,INSTITUCIÓN EDUCATIVA  RUFINA VIEJA,OFICIAL,PINILLOS,2021,14,165.1,30.1,34.6,35.4,30.9,36.1,6.4
213549003048,INSTITUCIÓN EDUCATIVA  RUFINA VIEJA,OFICIAL,PINILLOS,2022,16,189.2,36.4,41.3,38.5,35.4,37.0,14.6
213549003048,INSTITUCIÓN EDUCATIVA  RUFINA VIEJA,OFICIAL,PINILLOS,2023,11,175.7,33.7,42.8,32.9,32.6,30.5,6.9
213549003048,INSTITUCIÓN EDUCATIVA  RUFINA VIEJA,OFICIAL,PINILLOS,2024,18,186.2,35.0,39.6,38.6,35.9,37.1,10.7
213549003048,INSTITUCIÓN EDUCATIVA  RUFINA VIEJA,OFICIAL,PINILLOS,2025,8,205.9,40.4,45.1,41.2,38.9,38.4,19.9
213580000057,INSTITUCIÓN EDUCATIVA TÉCNICA  AGROPECUARIA  SAN ANTONIO,OFICIAL,REGIDOR,2021,8,207.9,44.1,42.9,43.1,36.9,39.5,27.0
213580000057,INSTITUCIÓN EDUCATIVA TÉCNICA  AGROPECUARIA  SAN ANTONIO,OFICIAL,REGIDOR,2022,10,204.7,39.5,41.5,43.4,40.0,39.0,25.8
213580000057,INSTITUCIÓN EDUCATIVA TÉCNICA  AGROPECUARIA  SAN ANTONIO,OFICIAL,REGIDOR,2023,4,221.0,46.2,44.5,46.2,41.0,39.8,29.5
213580000057,INSTITUCIÓN EDUCATIVA TÉCNICA  AGROPECUARIA  SAN ANTONIO,OFICIAL,REGIDOR,2024,7,216.9,44.9,42.6,47.0,39.1,43.9,25.7
213580000057,INSTITUCIÓN EDUCATIVA TÉCNICA  AGROPECUARIA  SAN ANTONIO,OFICIAL,REGIDOR,2025,6,197.3,45.7,38.7,38.7,35.5,39.8,23.5
213580000081,INSTITUCIÓN EDUCATIVA TÉCNICA AGROPECUARIA SANTA TERESA,OFICIAL,REGIDOR,2021,10,175.1,36.0,36.6,37.2,30.1,35.9,8.5
213580000081,INSTITUCIÓN EDUCATIVA TÉCNICA AGROPECUARIA SANTA TERESA,OFICIAL,REGIDOR,2022,10,198.9,40.1,43.7,39.7,36.3,37.8,20.6
213580000081,INSTITUCIÓN EDUCATIVA TÉCNICA AGROPECUARIA SANTA TERESA,OFICIAL,REGIDOR,2023,10,181.9,33.9,39.8,37.1,32.4,43.4,8.1
213580000081,INSTITUCIÓN EDUCATIVA TÉCNICA AGROPECUARIA SANTA TERESA,OFICIAL,REGIDOR,2024,11,187.6,34.9,41.3,37.8,36.0,37.8,12.4
213580000081,INSTITUCIÓN EDUCATIVA TÉCNICA AGROPECUARIA SANTA TERESA,OFICIAL,REGIDOR,2025,11,205.5,38.0,46.0,40.8,38.9,43.4,21.2
213600000423,INSTITUCIÓN EDUCATIVA COBADILLO,OFICIAL,RÍO VIEJO,2021,18,195.9,40.1,41.8,40.0,35.7,36.8,21.1
213600000423,INSTITUCIÓN EDUCATIVA COBADILLO,OFICIAL,RÍO VIEJO,2022,25,193.6,38.5,40.5,38.8,37.5,37.2,18.4
213600000423,INSTITUCIÓN EDUCATIVA COBADILLO,OFICIAL,RÍO VIEJO,2023,10,189.3,36.8,41.4,36.4,37.8,35.2,11.6
213600000423,INSTITUCIÓN EDUCATIVA COBADILLO,OFICIAL,RÍO VIEJO,2024,13,198.0,38.8,43.6,40.1,36.4,38.0,16.9
213600000423,INSTITUCIÓN EDUCATIVA COBADILLO,OFICIAL,RÍO VIEJO,2025,11,217.8,43.1,46.5,45.0,41.5,38.2,27.7
213600000687,INSTITUCIÓN EDUCATIVA DE NOROSÍ,OFICIAL,NOROSÍ,2021,35,223.3,43.5,47.3,45.2,43.6,41.7,36.6
213600000687,INSTITUCIÓN EDUCATIVA DE NOROSÍ,OFICIAL,NOROSÍ,2022,43,225.8,45.3,47.8,43.9,45.8,38.3,36.5
213600000687,INSTITUCIÓN EDUCATIVA DE NOROSÍ,OFICIAL,NOROSÍ,2023,42,231.3,45.5,50.1,46.3,45.0,40.9,36.4
213600000687,INSTITUCIÓN EDUCATIVA DE NOROSÍ,OFICIAL,NOROSÍ,2024,47,211.5,42.3,45.1,42.0,40.1,41.4,24.2
213600000687,INSTITUCIÓN EDUCATIVA DE NOROSÍ,OFICIAL,NOROSÍ,2025,51,228.0,45.8,48.8,45.7,43.3,41.9,33.1
213647000154,INSTITUCIÓN EDUCATIVA TÉCNICA AGROPECUARIA DE LAS PIEDRAS,OFICIAL,SAN ESTANISLAO,2021,83,197.2,39.6,42.5,40.2,36.1,37.6,21.2
213647000154,INSTITUCIÓN EDUCATIVA TÉCNICA AGROPECUARIA DE LAS PIEDRAS,OFICIAL,SAN ESTANISLAO,2022,70,208.5,42.4,44.6,42.7,38.6,37.1,26.3
213647000154,INSTITUCIÓN EDUCATIVA TÉCNICA AGROPECUARIA DE LAS PIEDRAS,OFICIAL,SAN ESTANISLAO,2023,88,206.4,41.5,44.3,42.2,37.7,39.3,22.1
213647000154,INSTITUCIÓN EDUCATIVA TÉCNICA AGROPECUARIA DE LAS PIEDRAS,OFICIAL,SAN ESTANISLAO,2024,48,223.9,44.8,49.4,47.0,39.9,38.9,32.2
213647000154,INSTITUCIÓN EDUCATIVA TÉCNICA AGROPECUARIA DE LAS PIEDRAS,OFICIAL,SAN ESTANISLAO,2025,70,211.9,43.9,45.9,43.4,37.3,39.5,24.2
213650000033,INSTITUCIÓN EDUCATIVA DEL VIOLO,OFICIAL,HATILLO DE LOBA,2021,11,188.7,38.5,41.0,37.0,34.5,37.7,17.0
213650000033,INSTITUCIÓN EDUCATIVA DEL VIOLO,OFICIAL,HATILLO DE LOBA,2022,11,184.6,35.3,40.0,39.4,33.2,36.5,14.9
213650000033,INSTITUCIÓN EDUCATIVA DEL VIOLO,OFICIAL,HATILLO DE LOBA,2023,22,181.7,34.7,39.4,36.9,33.6,38.5,8.9
213650000033,INSTITUCIÓN EDUCATIVA DEL VIOLO,OFICIAL,HATILLO DE LOBA,2024,18,189.3,36.1,39.3,39.7,36.6,37.3,11.9
213650000033,INSTITUCIÓN EDUCATIVA DEL VIOLO,OFICIAL,HATILLO DE LOBA,2025,20,204.8,39.9,43.0,41.0,39.4,42.6,20.7
213650000408,INSTITUCIÓN EDUCATIVA DE SANTA ROSA,OFICIAL,SAN FERNANDO,2021,26,193.9,38.0,41.6,40.8,33.8,41.1,18.1
213650000408,INSTITUCIÓN EDUCATIVA DE SANTA ROSA,OFICIAL,SAN FERNANDO,2022,46,196.9,38.6,42.7,39.2,37.1,39.1,19.3
213650000408,INSTITUCIÓN EDUCATIVA DE SANTA ROSA,OFICIAL,SAN FERNANDO,2023,39,209.3,43.5,43.8,40.9,38.9,42.8,22.6
213650000408,INSTITUCIÓN EDUCATIVA DE SANTA ROSA,OFICIAL,SAN FERNANDO,2024,49,221.9,45.0,47.8,43.6,41.2,44.1,29.8
213650000408,INSTITUCIÓN EDUCATIVA DE SANTA ROSA,OFICIAL,SAN FERNANDO,2025,35,208.3,42.0,45.0,42.2,38.1,39.5,22.0
213654000038,INSTITUCIÓN EDUCATIVA EL PARAISO,OFICIAL,SAN JACINTO,2022,9,221.6,42.9,46.9,45.9,42.7,40.7,34.6
213654000038,INSTITUCIÓN EDUCATIVA EL PARAISO,OFICIAL,SAN JACINTO,2023,21,210.0,43.2,43.6,41.9,40.0,39.9,23.4
213654000038,INSTITUCIÓN EDUCATIVA EL PARAISO,OFICIAL,SAN JACINTO,2024,19,195.5,38.4,42.5,39.1,36.7,38.4,16.8
213654000038,INSTITUCIÓN EDUCATIVA EL PARAISO,OFICIAL,SAN JACINTO,2025,20,182.7,34.0,42.1,37.8,33.2,33.6,9.4
213654000241,INSTITUCIÓN EDUCATIVA LEON XIII,OFICIAL,SAN JACINTO,2021,36,219.5,41.2,48.4,44.2,43.1,39.8,34.3
213654000241,INSTITUCIÓN EDUCATIVA LEON XIII,OFICIAL,SAN JACINTO,2022,71,215.3,41.8,45.8,42.7,42.2,42.2,29.8
213654000241,INSTITUCIÓN EDUCATIVA LEON XIII,OFICIAL,SAN JACINTO,2023,74,232.6,45.4,49.5,44.7,47.1,44.8,37.2
213654000241,INSTITUCIÓN EDUCATIVA LEON XIII,OFICIAL,SAN JACINTO,2024,53,231.3,44.8,49.8,44.6,45.5,47.1,34.8
213654000241,INSTITUCIÓN EDUCATIVA LEON XIII,OFICIAL,SAN JACINTO,2025,89,240.5,48.1,52.0,46.3,45.6,49.7,39.2
213657000489,CENTRO EDUCATIVO SAN AGUSTIN,OFICIAL,SAN JUAN NEPOMUCENO,2025,1,182.0,30.0,33.0,41.0,39.0,44.0,7.0
213657000586,INSTITUCION EDUCATIVA SAN CAYETANO,OFICIAL,SAN JUAN NEPOMUCENO,2021,65,202.4,41.0,42.5,40.9,37.4,41.1,23.8
213657000586,INSTITUCION EDUCATIVA SAN CAYETANO,OFICIAL,SAN JUAN NEPOMUCENO,2022,37,221.1,44.3,47.1,43.7,42.5,42.0,33.4
213657000586,INSTITUCION EDUCATIVA SAN CAYETANO,OFICIAL,SAN JUAN NEPOMUCENO,2023,55,213.6,42.7,44.9,43.0,40.2,43.1,25.8
213657000586,INSTITUCION EDUCATIVA SAN CAYETANO,OFICIAL,SAN JUAN NEPOMUCENO,2024,82,214.4,44.3,45.3,43.6,38.4,42.8,25.9
213657000586,INSTITUCION EDUCATIVA SAN CAYETANO,OFICIAL,SAN JUAN NEPOMUCENO,2025,73,209.9,42.3,44.9,42.1,38.5,42.5,22.9
213667000045,INSTITUCIÓN EDUCATIVA DE SAN MIGUEL,OFICIAL,HATILLO DE LOBA,2021,29,182.8,35.3,37.9,38.2,33.7,39.8,13.1
213667000045,INSTITUCIÓN EDUCATIVA DE SAN MIGUEL,OFICIAL,HATILLO DE LOBA,2022,19,174.1,32.7,36.0,36.3,33.4,37.5,7.3
213667000045,INSTITUCIÓN EDUCATIVA DE SAN MIGUEL,OFICIAL,HATILLO DE LOBA,2023,17,186.4,33.7,41.1,37.1,36.8,38.8,11.2
213667000045,INSTITUCIÓN EDUCATIVA DE SAN MIGUEL,OFICIAL,HATILLO DE LOBA,2024,22,182.5,34.9,38.5,37.4,34.2,39.1,8.7
213667000045,INSTITUCIÓN EDUCATIVA DE SAN MIGUEL,OFICIAL,HATILLO DE LOBA,2025,29,177.1,34.8,38.0,36.3,32.6,35.2,7.3
213667000061,INSTITUCIÓN EDUCATIVA LA CHAPETONA,OFICIAL,EL PEÑÓN,2021,18,217.1,43.4,48.2,42.2,41.3,39.3,33.8
213667000061,INSTITUCIÓN EDUCATIVA LA CHAPETONA,OFICIAL,EL PEÑÓN,2022,14,218.2,45.2,45.0,44.1,41.4,39.6,31.6
213667000061,INSTITUCIÓN EDUCATIVA LA CHAPETONA,OFICIAL,EL PEÑÓN,2023,8,211.0,41.2,42.1,42.4,43.8,40.1,22.8
213667000061,INSTITUCIÓN EDUCATIVA LA CHAPETONA,OFICIAL,EL PEÑÓN,2024,12,231.6,45.0,50.2,46.4,44.8,42.7,35.0
213667000061,INSTITUCIÓN EDUCATIVA LA CHAPETONA,OFICIAL,EL PEÑÓN,2025,1,243.0,50.0,46.0,57.0,41.0,51.0,41.0
213667000061,INSTITUCIÓN EDUCATIVA LA CHAPETONA,OFICIAL,EL PEŃÓN,2025,6,216.8,43.0,47.7,42.8,40.8,40.5,24.7
213667000096,INSTITUCIÓN EDUCATIVA TÉCNICA AGROPECUARIA Y ACUÍCOLA  DE LA VICTORIA,OFICIAL,HATILLO DE LOBA,2021,26,190.1,37.5,42.4,38.9,34.1,35.5,17.0
213667000096,INSTITUCIÓN EDUCATIVA TÉCNICA AGROPECUARIA Y ACUÍCOLA  DE LA VICTORIA,OFICIAL,HATILLO DE LOBA,2022,37,200.0,42.0,42.1,39.3,37.6,36.6,20.9
213667000096,INSTITUCIÓN EDUCATIVA TÉCNICA AGROPECUARIA Y ACUÍCOLA  DE LA VICTORIA,OFICIAL,HATILLO DE LOBA,2023,30,207.7,43.1,44.5,40.0,39.3,39.1,22.0
213667000096,INSTITUCIÓN EDUCATIVA TÉCNICA AGROPECUARIA Y ACUÍCOLA  DE LA VICTORIA,OFICIAL,HATILLO DE LOBA,2024,29,208.8,43.6,43.0,43.0,37.6,41.6,21.7
213667000096,INSTITUCIÓN EDUCATIVA TÉCNICA AGROPECUARIA Y ACUÍCOLA  DE LA VICTORIA,OFICIAL,HATILLO DE LOBA,2025,28,226.7,46.5,47.8,46.0,41.5,44.3,31.3
213667000142,INSTITUCIÓN EDUCATIVA TÉCNICA  AGROINDUSTRIAL DE CASTAÑAL,OFICIAL,EL PEÑÓN,2021,14,205.9,39.9,44.2,41.0,39.4,41.8,25.0
213667000142,INSTITUCIÓN EDUCATIVA TÉCNICA  AGROINDUSTRIAL DE CASTAÑAL,OFICIAL,EL PEÑÓN,2022,16,206.6,40.5,43.4,41.3,40.5,39.9,24.3
213667000142,INSTITUCIÓN EDUCATIVA TÉCNICA  AGROINDUSTRIAL DE CASTAÑAL,OFICIAL,EL PEÑÓN,2023,14,211.8,43.5,44.4,41.6,40.9,39.0,25.1
213667000142,INSTITUCIÓN EDUCATIVA TÉCNICA  AGROINDUSTRIAL DE CASTAÑAL,OFICIAL,EL PEÑÓN,2024,24,203.6,40.7,44.0,39.5,38.7,40.6,20.5
213667000142,INSTITUCIÓN EDUCATIVA TÉCNICA  AGROINDUSTRIAL DE CASTAÑAL,OFICIAL,EL PEŃÓN,2025,10,210.3,40.6,46.9,42.5,39.6,38.0,23.1
213667000479,INSTITUCIÓN EDUCATIVA DE LA RIBONA,OFICIAL,HATILLO DE LOBA,2021,15,204.1,40.5,43.2,41.3,39.1,38.3,25.4
213667000479,INSTITUCIÓN EDUCATIVA DE LA RIBONA,OFICIAL,HATILLO DE LOBA,2022,31,196.0,37.6,42.4,40.1,37.1,38.2,18.0
213667000479,INSTITUCIÓN EDUCATIVA DE LA RIBONA,OFICIAL,HATILLO DE LOBA,2023,14,225.1,46.3,47.7,43.5,43.2,43.3,32.8
213667000479,INSTITUCIÓN EDUCATIVA DE LA RIBONA,OFICIAL,HATILLO DE LOBA,2024,13,231.4,44.2,49.7,46.8,44.8,45.1,31.9
213667000479,INSTITUCIÓN EDUCATIVA DE LA RIBONA,OFICIAL,HATILLO DE LOBA,2025,28,218.0,44.0,46.2,43.5,42.0,39.9,26.6
213667000614,INSTITUCIÓN EDUCATIVA CERROS DE JULIO,OFICIAL,SAN MARTÍN DE LOBA,2021,14,192.7,38.1,44.4,39.0,34.1,34.4,18.5
213667000614,INSTITUCIÓN EDUCATIVA CERROS DE JULIO,OFICIAL,SAN MARTÍN DE LOBA,2022,9,195.4,37.0,40.1,42.3,37.8,36.1,18.2
213667000614,INSTITUCIÓN EDUCATIVA CERROS DE JULIO,OFICIAL,SAN MARTÍN DE LOBA,2023,10,180.1,34.1,39.0,38.4,32.0,37.9,7.8
213667000614,INSTITUCIÓN EDUCATIVA CERROS DE JULIO,OFICIAL,SAN MARTÍN DE LOBA,2024,5,186.0,39.0,41.4,35.0,33.2,37.6,9.4
213667000614,INSTITUCIÓN EDUCATIVA CERROS DE JULIO,OFICIAL,SAN MARTÍN DE LOBA,2025,3,171.3,27.7,44.7,36.3,28.0,35.0,3.7
213667000649,INSTITUCIÓN EDUCATIVA TÉCNICA AGROPECUARIA ELVIRA LÓPEZ DE FACIOLINCE,OFICIAL,SAN MARTÍN DE LOBA,2021,24,194.8,38.6,41.3,39.0,37.2,38.1,19.0
213667000649,INSTITUCIÓN EDUCATIVA TÉCNICA AGROPECUARIA ELVIRA LÓPEZ DE FACIOLINCE,OFICIAL,SAN MARTÍN DE LOBA,2022,26,199.5,39.5,43.2,41.4,36.3,37.8,20.2
213667000649,INSTITUCIÓN EDUCATIVA TÉCNICA AGROPECUARIA ELVIRA LÓPEZ DE FACIOLINCE,OFICIAL,SAN MARTÍN DE LOBA,2023,30,199.5,39.6,42.7,39.2,38.3,39.5,18.6
213667000649,INSTITUCIÓN EDUCATIVA TÉCNICA AGROPECUARIA ELVIRA LÓPEZ DE FACIOLINCE,OFICIAL,SAN MARTÍN DE LOBA,2024,36,202.3,40.7,43.4,39.4,38.7,39.2,19.4
213667000649,INSTITUCIÓN EDUCATIVA TÉCNICA AGROPECUARIA ELVIRA LÓPEZ DE FACIOLINCE,OFICIAL,SAN MARTÍN DE LOBA,2025,42,216.0,43.0,47.3,43.4,39.6,41.9,26.0
213667000827,INSTITUCIÓN EDUCATIVA TÉCNICA AGROINDUSTRIAL DE EL PEÑON,OFICIAL,EL PEÑÓN,2021,20,225.6,46.2,48.8,44.0,43.2,40.2,36.8
213667000827,INSTITUCIÓN EDUCATIVA TÉCNICA AGROINDUSTRIAL DE EL PEÑON,OFICIAL,EL PEÑÓN,2022,25,234.3,49.3,50.0,44.4,45.5,41.7,41.2
213667000827,INSTITUCIÓN EDUCATIVA TÉCNICA AGROINDUSTRIAL DE EL PEÑON,OFICIAL,EL PEÑÓN,2023,26,220.1,41.9,48.1,43.1,42.8,44.5,29.3
213667000827,INSTITUCIÓN EDUCATIVA TÉCNICA AGROINDUSTRIAL DE EL PEÑON,OFICIAL,EL PEÑÓN,2024,22,231.3,48.9,47.6,46.9,43.6,40.3,35.0
213667000827,INSTITUCIÓN EDUCATIVA TÉCNICA AGROINDUSTRIAL DE EL PEÑON,OFICIAL,EL PEŃÓN,2025,24,223.0,46.5,49.0,43.8,39.7,43.3,29.2
213667001050,INSTITUCIÓN EDUCATIVA TÉCNICA PESQUERA LEONIDAS ORTIZ ALVEAR DE CHIMÍ,OFICIAL,SAN MARTÍN DE LOBA,2021,26,185.4,37.5,39.8,36.4,34.7,37.0,16.7
213667001050,INSTITUCIÓN EDUCATIVA TÉCNICA PESQUERA LEONIDAS ORTIZ ALVEAR DE CHIMÍ,OFICIAL,SAN MARTÍN DE LOBA,2022,23,205.7,40.6,43.9,41.2,39.4,39.7,23.9
213667001050,INSTITUCIÓN EDUCATIVA TÉCNICA PESQUERA LEONIDAS ORTIZ ALVEAR DE CHIMÍ,OFICIAL,SAN MARTÍN DE LOBA,2023,13,208.8,39.3,44.1,42.5,40.7,43.3,23.8
213667001050,INSTITUCIÓN EDUCATIVA TÉCNICA PESQUERA LEONIDAS ORTIZ ALVEAR DE CHIMÍ,OFICIAL,SAN MARTÍN DE LOBA,2024,28,203.8,38.7,45.4,39.8,39.7,39.5,20.5
213667001050,INSTITUCIÓN EDUCATIVA TÉCNICA PESQUERA LEONIDAS ORTIZ ALVEAR DE CHIMÍ,OFICIAL,SAN MARTÍN DE LOBA,2025,47,202.4,38.8,44.9,40.7,37.5,40.3,19.4
213667001068,INSTITUCIÓN EDUCATIVA DE JUANA SÁNCHEZ,OFICIAL,HATILLO DE LOBA,2021,12,212.7,47.3,45.1,40.2,39.1,37.8,29.2
213667001068,INSTITUCIÓN EDUCATIVA DE JUANA SÁNCHEZ,OFICIAL,HATILLO DE LOBA,2022,21,203.3,41.0,43.5,40.6,37.8,40.3,23.4
213667001068,INSTITUCIÓN EDUCATIVA DE JUANA SÁNCHEZ,OFICIAL,HATILLO DE LOBA,2023,13,240.1,53.2,47.8,47.2,45.8,42.0,42.3
213667001068,INSTITUCIÓN EDUCATIVA DE JUANA SÁNCHEZ,OFICIAL,HATILLO DE LOBA,2024,18,231.8,49.4,49.1,45.8,43.0,40.9,35.4
213667001068,INSTITUCIÓN EDUCATIVA DE JUANA SÁNCHEZ,OFICIAL,HATILLO DE LOBA,2025,14,221.3,47.3,46.4,45.7,38.6,41.4,28.2
213667001076,INSTITUCIÓN EDUCATIVA DE HATILLO DE LOBA,OFICIAL,HATILLO DE LOBA,2021,41,219.8,45.9,47.4,42.0,41.0,42.4,34.1
213667001076,INSTITUCIÓN EDUCATIVA DE HATILLO DE LOBA,OFICIAL,HATILLO DE LOBA,2022,44,245.7,52.9,50.3,47.3,47.4,45.3,48.1
213667001076,INSTITUCIÓN EDUCATIVA DE HATILLO DE LOBA,OFICIAL,HATILLO DE LOBA,2023,60,226.8,47.4,49.0,43.5,41.8,44.4,33.6
213667001076,INSTITUCIÓN EDUCATIVA DE HATILLO DE LOBA,OFICIAL,HATILLO DE LOBA,2024,29,230.3,47.4,48.9,45.8,43.4,42.4,35.1
213667001076,INSTITUCIÓN EDUCATIVA DE HATILLO DE LOBA,OFICIAL,HATILLO DE LOBA,2025,28,225.0,47.5,48.4,44.0,40.4,44.0,30.6
213667001084,INSTITUCIÓN EDUCATIVA TÉCNICA COMERCIAL DE SAN MARTÍN DE LOBA,OFICIAL,SAN MARTÍN DE LOBA,2021,49,224.2,45.7,48.3,44.1,41.6,43.6,36.5
213667001084,INSTITUCIÓN EDUCATIVA TÉCNICA COMERCIAL DE SAN MARTÍN DE LOBA,OFICIAL,SAN MARTÍN DE LOBA,2022,53,232.2,47.2,48.6,45.8,45.0,44.1,40.0
213667001084,INSTITUCIÓN EDUCATIVA TÉCNICA COMERCIAL DE SAN MARTÍN DE LOBA,OFICIAL,SAN MARTÍN DE LOBA,2023,56,217.9,45.7,46.2,43.1,39.6,43.4,28.9
213667001084,INSTITUCIÓN EDUCATIVA TÉCNICA COMERCIAL DE SAN MARTÍN DE LOBA,OFICIAL,SAN MARTÍN DE LOBA,2024,63,229.1,48.4,48.3,45.4,42.7,41.3,34.6
213667001084,INSTITUCIÓN EDUCATIVA TÉCNICA COMERCIAL DE SAN MARTÍN DE LOBA,OFICIAL,SAN MARTÍN DE LOBA,2025,66,236.9,49.1,51.3,47.3,43.5,42.1,38.0
213667001092,INSTITUCIÓN EDUCATIVA DE PEÑONCITO,OFICIAL,EL PEÑÓN,2021,18,208.6,43.6,43.1,42.7,37.9,40.3,26.3
213667001092,INSTITUCIÓN EDUCATIVA DE PEÑONCITO,OFICIAL,EL PEÑÓN,2022,15,229.7,46.2,49.4,45.1,43.1,45.7,38.5
213667001092,INSTITUCIÓN EDUCATIVA DE PEÑONCITO,OFICIAL,EL PEÑÓN,2023,13,203.7,43.2,40.8,40.2,38.3,42.4,19.2
213667001092,INSTITUCIÓN EDUCATIVA DE PEÑONCITO,OFICIAL,EL PEÑÓN,2024,16,240.4,50.8,51.6,49.0,41.4,46.4,40.4
213667001092,INSTITUCIÓN EDUCATIVA DE PEÑONCITO,OFICIAL,EL PEŃÓN,2025,16,217.7,44.9,47.6,44.5,36.4,46.1,26.4
213667001271,INSTITUCIÓN EDUCATIVA DE PLAYITAS,OFICIAL,SAN MARTÍN DE LOBA,2021,16,202.8,42.2,45.0,40.2,34.8,40.8,23.2
213667001271,INSTITUCIÓN EDUCATIVA DE PLAYITAS,OFICIAL,SAN MARTÍN DE LOBA,2022,19,193.1,38.1,40.6,38.2,36.7,40.9,16.9
213667001271,INSTITUCIÓN EDUCATIVA DE PLAYITAS,OFICIAL,SAN MARTÍN DE LOBA,2023,13,209.3,44.3,43.5,41.5,38.8,39.2,23.2
213667001271,INSTITUCIÓN EDUCATIVA DE PLAYITAS,OFICIAL,SAN MARTÍN DE LOBA,2024,15,195.1,39.6,41.5,39.5,36.1,37.5,14.2
213667001271,INSTITUCIÓN EDUCATIVA DE PLAYITAS,OFICIAL,SAN MARTÍN DE LOBA,2025,12,190.7,37.4,42.2,38.7,34.6,37.1,12.9
213670000200,INSTITUCION EDUCATIVA TECNICA AGROPECUARIA Y EMPRESARIAL POZO AZUL,OFICIAL,SAN PABLO,2021,40,213.7,43.9,45.3,42.3,40.5,39.5,29.8
213670000200,INSTITUCION EDUCATIVA TECNICA AGROPECUARIA Y EMPRESARIAL POZO AZUL,OFICIAL,SAN PABLO,2022,32,223.2,45.2,47.1,45.1,42.9,39.2,34.5
213670000200,INSTITUCION EDUCATIVA TECNICA AGROPECUARIA Y EMPRESARIAL POZO AZUL,OFICIAL,SAN PABLO,2023,36,229.2,47.5,46.2,46.2,44.2,43.8,35.0
213670000200,INSTITUCION EDUCATIVA TECNICA AGROPECUARIA Y EMPRESARIAL POZO AZUL,OFICIAL,SAN PABLO,2024,25,235.8,49.6,50.0,46.8,43.5,42.8,37.5
213670000200,INSTITUCION EDUCATIVA TECNICA AGROPECUARIA Y EMPRESARIAL POZO AZUL,OFICIAL,SAN PABLO,2025,27,234.2,51.7,48.2,46.5,41.3,45.7,36.0
213670001125,INSTITUCIÓN EDUCATIVA TÉCNICA INDUSTRIAL Y AGROPECUARIA JOSE MARIA CUELLAR DIAZ,OFICIAL,CANTAGALLO,2021,86,224.3,46.3,47.0,45.0,41.7,43.5,37.2
213670001125,INSTITUCIÓN EDUCATIVA TÉCNICA INDUSTRIAL Y AGROPECUARIA JOSE MARIA CUELLAR DIAZ,OFICIAL,CANTAGALLO,2022,85,222.5,44.3,47.0,44.0,43.1,43.4,34.3
213670001125,INSTITUCIÓN EDUCATIVA TÉCNICA INDUSTRIAL Y AGROPECUARIA JOSE MARIA CUELLAR DIAZ,OFICIAL,CANTAGALLO,2023,74,241.4,49.2,50.3,47.1,46.3,48.9,42.2
213670001125,INSTITUCIÓN EDUCATIVA TÉCNICA INDUSTRIAL Y AGROPECUARIA JOSE MARIA CUELLAR DIAZ,OFICIAL,CANTAGALLO,2024,77,231.6,46.5,48.7,46.7,43.3,46.8,34.8
213670001125,INSTITUCIÓN EDUCATIVA TÉCNICA INDUSTRIAL Y AGROPECUARIA JOSE MARIA CUELLAR DIAZ,OFICIAL,CANTAGALLO,2025,90,219.9,44.7,47.4,43.7,39.7,45.4,28.8
213670001214,INSTITUCION EDUCATIVA DE CANALETAL,OFICIAL,SAN PABLO,2021,13,206.8,43.4,43.4,40.8,38.8,38.0,26.4
213670001214,INSTITUCION EDUCATIVA DE CANALETAL,OFICIAL,SAN PABLO,2022,10,230.4,47.0,45.6,45.2,46.7,45.6,39.3
213670001214,INSTITUCION EDUCATIVA DE CANALETAL,OFICIAL,SAN PABLO,2023,14,206.2,41.8,43.3,40.8,38.3,43.6,20.4
213670001214,INSTITUCION EDUCATIVA DE CANALETAL,OFICIAL,SAN PABLO,2024,29,221.6,47.0,47.6,43.3,40.3,42.2,30.5
213670001214,INSTITUCIÓN EDUCATIVA DE CANALETAL,OFICIAL,SAN PABLO,2025,37,210.4,42.8,46.1,41.8,38.4,40.2,23.7
213673000081,INSTITUCIÓN EDUCATIVA NUESTRA SEÑORA DEL CARMEN DE LAS CARAS,OFICIAL,CLEMENCIA,2021,14,199.6,37.0,44.4,40.6,39.4,35.0,23.3
213673000081,INSTITUCIÓN EDUCATIVA NUESTRA SEÑORA DEL CARMEN DE LAS CARAS,OFICIAL,CLEMENCIA,2022,15,223.9,45.3,46.3,43.3,45.5,41.1,35.4
213673000081,INSTITUCIÓN EDUCATIVA NUESTRA SEÑORA DEL CARMEN DE LAS CARAS,OFICIAL,CLEMENCIA,2023,17,222.8,45.1,46.1,44.1,43.4,43.1,30.9
213673000081,INSTITUCIÓN EDUCATIVA NUESTRA SEÑORA DEL CARMEN DE LAS CARAS,OFICIAL,CLEMENCIA,2024,16,193.1,40.1,41.5,40.4,32.4,38.6,12.7
213673000081,INSTITUCIÓN EDUCATIVA NUESTRA SEÑORA DEL CARMEN DE LAS CARAS,OFICIAL,CLEMENCIA,2025,11,235.2,48.5,50.5,47.3,43.4,42.8,36.5
213673000243,INSTITUCION EDUCATIVA ACADEMICA Y TECNICA DE LOMA ARENA,OFICIAL,SANTA CATALINA,2021,87,195.1,38.7,42.8,39.1,35.6,38.7,19.2
213673000243,INSTITUCION EDUCATIVA ACADEMICA Y TECNICA DE LOMA ARENA,OFICIAL,SANTA CATALINA,2022,71,212.1,43.6,44.6,42.4,39.4,41.2,27.9
213673000243,INSTITUCION EDUCATIVA ACADEMICA Y TECNICA DE LOMA ARENA,OFICIAL,SANTA CATALINA,2023,89,206.0,41.1,43.9,41.3,38.1,42.4,21.6
213673000243,INSTITUCION EDUCATIVA ACADEMICA Y TECNICA DE LOMA ARENA,OFICIAL,SANTA CATALINA,2024,91,207.3,40.8,44.7,41.8,38.3,42.3,22.3
213673000243,INSTITUCION EDUCATIVA ACADEMICA Y TECNICA DE LOMA ARENA,OFICIAL,SANTA CATALINA,2025,79,193.5,39.1,42.5,38.4,35.1,37.9,14.4
213673000421,INSTITUCIÓN EDUCATIVA TÉCNICA ACUÍCOLA MIGUEL NEVADO NEVADO DE GALERAZAMBA,OFICIAL,SANTA CATALINA,2021,30,212.3,42.8,45.6,43.8,38.8,39.1,30.0
213673000421,INSTITUCIÓN EDUCATIVA TÉCNICA ACUÍCOLA MIGUEL NEVADO NEVADO DE GALERAZAMBA,OFICIAL,SANTA CATALINA,2022,17,207.5,42.7,42.3,42.8,39.2,38.8,26.0
213673000421,INSTITUCIÓN EDUCATIVA TÉCNICA ACUÍCOLA MIGUEL NEVADO NEVADO DE GALERAZAMBA,OFICIAL,SANTA CATALINA,2023,30,218.2,43.2,46.5,43.6,40.9,45.2,28.7
213673000421,INSTITUCIÓN EDUCATIVA TÉCNICA ACUÍCOLA MIGUEL NEVADO NEVADO DE GALERAZAMBA,OFICIAL,SANTA CATALINA,2024,21,223.9,44.0,46.2,45.1,43.9,44.0,32.2
213673000421,INSTITUCIÓN EDUCATIVA TÉCNICA ACUÍCOLA MIGUEL NEVADO NEVADO DE GALERAZAMBA,OFICIAL,SANTA CATALINA,2025,14,209.6,41.8,45.8,42.6,38.1,40.2,23.6
213688000096,INSTITUCIÓN EDUCATIVA TÉCNICA EMPRESARIAL BUENA VISTA,OFICIAL,SANTA ROSA DEL SUR,2021,5,258.0,56.2,53.6,52.2,46.4,45.6,57.6
213688000096,INSTITUCIÓN EDUCATIVA TÉCNICA EMPRESARIAL BUENA VISTA,OFICIAL,SANTA ROSA DEL SUR,2022,7,299.0,67.3,55.1,62.9,56.0,53.0,76.6
213688000096,INSTITUCIÓN EDUCATIVA TÉCNICA EMPRESARIAL BUENA VISTA,OFICIAL,SANTA ROSA DEL SUR,2023,12,246.8,58.5,49.8,49.8,41.9,41.0,46.4
213688000096,INSTITUCIÓN EDUCATIVA TÉCNICA EMPRESARIAL BUENA VISTA,OFICIAL,SANTA ROSA DEL SUR,2024,9,244.0,52.7,51.1,49.2,45.2,39.7,43.6
213688000096,INSTITUCIÓN EDUCATIVA TÉCNICA EMPRESARIAL BUENA VISTA,OFICIAL,SANTA ROSA DEL SUR,2025,8,243.6,54.4,50.5,49.9,43.1,40.0,41.8
213688001874,INSTITUCIÓN EDUCATIVA SAN FRANCISCO,OFICIAL,SANTA ROSA DEL SUR,2021,13,276.6,56.6,57.4,54.9,55.5,45.9,71.4
213688001874,INSTITUCIÓN EDUCATIVA SAN FRANCISCO,OFICIAL,SANTA ROSA DEL SUR,2022,9,256.2,54.8,50.6,53.7,47.4,47.0,55.7
213688001874,INSTITUCIÓN EDUCATIVA SAN FRANCISCO,OFICIAL,SANTA ROSA DEL SUR,2023,8,245.9,55.1,51.9,47.1,44.4,43.8,46.1
213688001874,INSTITUCIÓN EDUCATIVA SAN FRANCISCO,OFICIAL,SANTA ROSA DEL SUR,2024,5,251.6,57.4,51.0,49.6,45.0,45.4,47.8
213688001874,INSTITUCIÓN EDUCATIVA SAN FRANCISCO,OFICIAL,SANTA ROSA DEL SUR,2025,2,230.5,52.5,47.5,45.5,41.0,40.5,33.5
213688001882,INSTITUCIÓN EDUCATIVA SAN LUCAS,OFICIAL,SANTA ROSA DEL SUR,2021,19,250.4,54.8,51.6,48.7,46.5,46.4,54.5
213688001882,INSTITUCIÓN EDUCATIVA SAN LUCAS,OFICIAL,SANTA ROSA DEL SUR,2022,7,262.0,55.9,56.4,51.9,47.1,47.4,58.9
213688001882,INSTITUCIÓN EDUCATIVA SAN LUCAS,OFICIAL,SANTA ROSA DEL SUR,2023,10,274.1,58.7,53.4,54.5,54.7,48.6,63.0
213688001882,INSTITUCIÓN EDUCATIVA SAN LUCAS,OFICIAL,SANTA ROSA DEL SUR,2024,24,241.8,49.8,49.5,48.4,46.2,46.8,41.3
213688001882,INSTITUCIÓN EDUCATIVA SAN LUCAS,OFICIAL,SANTA ROSA DEL SUR,2025,20,252.8,52.4,51.8,51.4,47.5,48.0,47.5
213744000096,INSTITUCIÓN EDUCATIVA AGROPECUARIA ORIGINAL DE LAS BRISAS,OFICIAL,SIMITÍ,2021,8,229.6,50.0,48.0,47.8,39.8,40.4,40.5
213744000096,INSTITUCIÓN EDUCATIVA AGROPECUARIA ORIGINAL DE LAS BRISAS,OFICIAL,SIMITÍ,2022,13,227.5,48.5,47.2,45.8,42.1,41.4,37.2
213744000096,INSTITUCIÓN EDUCATIVA AGROPECUARIA ORIGINAL DE LAS BRISAS,OFICIAL,SIMITÍ,2023,8,251.9,51.0,53.5,49.8,48.0,48.8,50.2
213744000096,INSTITUCIÓN EDUCATIVA AGROPECUARIA ORIGINAL DE LAS BRISAS,OFICIAL,SIMITÍ,2024,6,226.3,46.0,47.5,47.2,41.2,42.7,32.0
213744000096,INSTITUCIÓN EDUCATIVA AGROPECUARIA ORIGINAL DE LAS BRISAS,OFICIAL,SIMITÍ,2025,8,256.8,54.0,56.0,50.2,46.1,48.6,49.9
213744000274,INSTITUCIÓN EDUCATIVA VILLA FLOR,OFICIAL,SANTA ROSA DEL SUR,2021,3,237.3,51.3,50.3,43.7,45.7,44.0,46.0
213744000274,INSTITUCIÓN EDUCATIVA VILLA FLOR,OFICIAL,SANTA ROSA DEL SUR,2022,5,234.4,50.0,47.8,49.8,43.2,36.8,41.2
213744000274,INSTITUCIÓN EDUCATIVA VILLA FLOR,OFICIAL,SANTA ROSA DEL SUR,2023,3,258.7,53.3,54.0,52.7,49.7,43.7,55.0
213744000274,INSTITUCIÓN EDUCATIVA VILLA FLOR,OFICIAL,SANTA ROSA DEL SUR,2024,6,225.2,44.7,50.3,41.5,43.8,44.0,31.2
213744000274,INSTITUCIÓN EDUCATIVA VILLA FLOR,OFICIAL,SANTA ROSA DEL SUR,2025,11,227.6,48.9,52.6,42.7,39.5,40.3,32.5
213744000371,INSTITUCION EDUCATIVA ACADEMICA Y TECNICA AGROPECUARIA LOS CANELOS,OFICIAL,SANTA ROSA DEL SUR,2021,22,234.6,50.1,48.9,47.0,42.8,44.0,43.7
213744000371,INSTITUCION EDUCATIVA ACADEMICA Y TECNICA AGROPECUARIA LOS CANELOS,OFICIAL,SANTA ROSA DEL SUR,2022,29,245.1,51.4,48.2,49.7,47.9,45.2,47.3
213744000371,INSTITUCION EDUCATIVA ACADEMICA Y TECNICA AGROPECUARIA LOS CANELOS,OFICIAL,SANTA ROSA DEL SUR,2023,31,234.7,48.8,48.2,46.7,45.6,42.6,38.5
213744000371,INSTITUCION EDUCATIVA ACADEMICA Y TECNICA AGROPECUARIA LOS CANELOS,OFICIAL,SANTA ROSA DEL SUR,2024,37,239.2,49.8,49.6,47.3,45.5,45.7,40.5
213744000371,INSTITUCION EDUCATIVA ACADEMICA Y TECNICA AGROPECUARIA LOS CANELOS,OFICIAL,SANTA ROSA DEL SUR,2025,36,224.7,47.4,47.4,45.6,40.1,43.0,31.5
213744000525,INSTITUCIÓN EDUCATIVA TÉCNICA  AGROINDUSTRIAL SAN BENITO,OFICIAL,SANTA ROSA DEL SUR,2021,10,268.5,56.1,55.4,52.4,52.0,50.2,63.8
213744000525,INSTITUCIÓN EDUCATIVA TÉCNICA  AGROINDUSTRIAL SAN BENITO,OFICIAL,SANTA ROSA DEL SUR,2022,3,275.0,58.3,57.0,52.7,55.0,45.7,66.7
213744000525,INSTITUCIÓN EDUCATIVA TÉCNICA  AGROINDUSTRIAL SAN BENITO,OFICIAL,SANTA ROSA DEL SUR,2023,12,280.2,61.8,55.9,54.7,54.5,47.9,66.1
213744000525,INSTITUCIÓN EDUCATIVA TÉCNICA  AGROINDUSTRIAL SAN BENITO,OFICIAL,SANTA ROSA DEL SUR,2024,13,285.3,58.2,59.5,54.8,56.3,55.8,68.8
213744000525,INSTITUCIÓN EDUCATIVA TÉCNICA  AGROINDUSTRIAL SAN BENITO,OFICIAL,SANTA ROSA DEL SUR,2025,14,265.5,54.6,55.6,53.6,49.4,50.7,54.0
213744001114,INSTITUCIÓN EDUCATIVA 27 DE OCTUBRE DE ANIMAS ALTA,OFICIAL,SIMITÍ,2021,27,214.2,43.6,46.5,43.0,38.7,41.8,31.5
213744001114,INSTITUCIÓN EDUCATIVA 27 DE OCTUBRE DE ANIMAS ALTA,OFICIAL,SIMITÍ,2022,35,216.3,43.4,46.1,42.9,41.2,41.2,30.0
213744001114,INSTITUCIÓN EDUCATIVA 27 DE OCTUBRE DE ANIMAS ALTA,OFICIAL,SIMITÍ,2023,51,232.8,48.0,48.4,46.7,44.0,44.3,37.6
213744001114,INSTITUCIÓN EDUCATIVA 27 DE OCTUBRE DE ANIMAS ALTA,OFICIAL,SIMITÍ,2024,58,244.8,50.3,50.1,51.1,46.2,43.7,42.7
213744001114,INSTITUCIÓN EDUCATIVA 27 DE OCTUBRE DE ANIMAS ALTA,OFICIAL,SIMITÍ,2025,43,227.6,46.8,47.4,47.6,41.0,43.6,33.7
213744001238,INSTITUCIÓN EDUCATIVA TÉCNICA AGROPECUARIA Y EMPRESARIAL  DE MONTERREY,OFICIAL,SIMITÍ,2021,18,232.1,48.2,49.3,46.1,43.4,42.1,42.6
213744001238,INSTITUCIÓN EDUCATIVA TÉCNICA AGROPECUARIA Y EMPRESARIAL  DE MONTERREY,OFICIAL,SIMITÍ,2022,13,239.9,48.8,52.5,48.5,44.3,41.6,45.1
213744001238,INSTITUCIÓN EDUCATIVA TÉCNICA AGROPECUARIA Y EMPRESARIAL  DE MONTERREY,OFICIAL,SIMITÍ,2023,16,233.6,49.0,48.6,48.3,42.0,43.7,37.3
213744001238,INSTITUCIÓN EDUCATIVA TÉCNICA AGROPECUARIA Y EMPRESARIAL  DE MONTERREY,OFICIAL,SIMITÍ,2024,12,223.9,46.8,44.9,49.0,40.2,39.5,31.2
213744001238,INSTITUCIÓN EDUCATIVA TÉCNICA AGROPECUARIA Y EMPRESARIAL  DE MONTERREY,OFICIAL,SIMITÍ,2025,14,232.7,49.3,48.2,48.2,40.3,47.1,35.4
213744002111,INSTITUCIÓN EDUCATIVA TÉCNICA DE SAN BLAS,OFICIAL,SIMITÍ,2021,3,219.0,44.7,46.0,45.0,40.3,41.7,35.7
213744002111,INSTITUCIÓN EDUCATIVA TÉCNICA DE SAN BLAS,OFICIAL,SIMITÍ,2022,12,224.6,43.6,45.9,45.4,46.2,40.4,35.4
213744002111,INSTITUCIÓN EDUCATIVA TÉCNICA DE SAN BLAS,OFICIAL,SIMITÍ,2023,11,212.6,43.2,45.2,43.7,38.2,41.8,24.1
213744002111,INSTITUCIÓN EDUCATIVA TÉCNICA DE SAN BLAS,OFICIAL,SIMITÍ,2024,12,229.9,48.3,47.6,45.8,43.7,41.7,34.8
213744002111,INSTITUCIÓN EDUCATIVA TÉCNICA DE SAN BLAS,OFICIAL,SIMITÍ,2025,11,229.4,46.4,51.0,45.5,41.1,44.2,33.5
213744002285,INSTITUCIÓN EDUCATIVA DEL CERRO DE VERACRUZ,OFICIAL,SIMITÍ,2021,15,235.9,49.3,50.4,44.7,45.4,44.1,44.4
213744002285,INSTITUCIÓN EDUCATIVA DEL CERRO DE VERACRUZ,OFICIAL,SIMITÍ,2022,10,255.1,54.5,52.6,51.4,47.9,44.0,54.0
213744002285,INSTITUCIÓN EDUCATIVA DEL CERRO DE VERACRUZ,OFICIAL,SIMITÍ,2023,12,235.2,50.8,46.7,47.0,43.7,47.0,38.8
213744002285,INSTITUCIÓN EDUCATIVA DEL CERRO DE VERACRUZ,OFICIAL,SIMITÍ,2024,18,243.9,50.8,48.9,50.5,46.1,45.3,42.4
213744002285,INSTITUCIÓN EDUCATIVA DEL CERRO DE VERACRUZ,OFICIAL,SIMITÍ,2025,15,229.9,48.7,47.2,47.3,40.5,46.9,33.3
213760000152,INSTITUCIÓN EDUCATIVA TÉCNICA ACUICOLA DE SAN CRISTOBAL,OFICIAL,SAN CRISTÓBAL,2021,85,202.7,41.4,44.2,40.0,37.3,38.3,23.6
213760000152,INSTITUCIÓN EDUCATIVA TÉCNICA ACUICOLA DE SAN CRISTOBAL,OFICIAL,SAN CRISTÓBAL,2022,46,210.5,43.5,45.9,41.1,38.3,40.8,26.6
213760000152,INSTITUCIÓN EDUCATIVA TÉCNICA ACUICOLA DE SAN CRISTOBAL,OFICIAL,SAN CRISTÓBAL,2023,58,212.2,43.7,47.3,41.0,38.6,39.7,24.4
213760000152,INSTITUCIÓN EDUCATIVA TÉCNICA ACUICOLA DE SAN CRISTOBAL,OFICIAL,SAN CRISTÓBAL,2024,71,195.8,40.2,43.5,38.6,34.7,38.2,15.5
213760000152,INSTITUCIÓN EDUCATIVA TÉCNICA ACUICOLA DE SAN CRISTOBAL,OFICIAL,SAN CRISTÓBAL,2025,42,207.7,43.2,46.2,40.4,36.1,41.8,21.4
213760000187,INSTITUCIÓN EDUCATIVA TÉCNICA AGROPECUARIA FRANCISCO DE PAULA SANTANDER HIGUERETAL,OFICIAL,SAN CRISTÓBAL,2021,42,185.8,36.4,41.0,36.8,34.0,38.7,13.7
213760000187,INSTITUCIÓN EDUCATIVA TÉCNICA AGROPECUARIA FRANCISCO DE PAULA SANTANDER HIGUERETAL,OFICIAL,SAN CRISTÓBAL,2022,38,190.5,37.2,40.3,38.7,36.2,38.2,16.4
213760000187,INSTITUCIÓN EDUCATIVA TÉCNICA AGROPECUARIA FRANCISCO DE PAULA SANTANDER HIGUERETAL,OFICIAL,SAN CRISTÓBAL,2023,36,201.9,40.1,43.2,40.1,38.0,40.7,19.2
213760000187,INSTITUCIÓN EDUCATIVA TÉCNICA AGROPECUARIA FRANCISCO DE PAULA SANTANDER HIGUERETAL,OFICIAL,SAN CRISTÓBAL,2024,23,206.6,41.4,45.4,39.7,39.2,39.9,23.3
213760000187,INSTITUCIÓN EDUCATIVA TÉCNICA AGROPECUARIA FRANCISCO DE PAULA SANTANDER HIGUERETAL,OFICIAL,SAN CRISTÓBAL,2025,24,222.1,43.2,49.1,44.9,40.1,45.7,29.8
213780000060,INSTITUCIÓN EDUCATIVA TÉCNICA AGROPECUARIA TÓMAS DANIELS DE PATICO,OFICIAL,TALAIGUA NUEVO,2021,52,195.6,39.0,42.3,38.8,36.6,38.6,20.5
213780000060,INSTITUCIÓN EDUCATIVA TÉCNICA AGROPECUARIA TÓMAS DANIELS DE PATICO,OFICIAL,TALAIGUA NUEVO,2022,57,196.0,40.2,42.0,38.5,36.4,38.1,18.5
213780000060,INSTITUCIÓN EDUCATIVA TÉCNICA AGROPECUARIA TÓMAS DANIELS DE PATICO,OFICIAL,TALAIGUA NUEVO,2023,72,196.7,39.0,42.1,38.6,37.3,40.7,16.4
213780000060,INSTITUCIÓN EDUCATIVA TÉCNICA AGROPECUARIA TÓMAS DANIELS DE PATICO,OFICIAL,TALAIGUA NUEVO,2024,80,192.4,37.5,41.6,38.7,35.9,39.4,14.5
213780000060,INSTITUCIÓN EDUCATIVA TÉCNICA AGROPECUARIA TÓMAS DANIELS DE PATICO,OFICIAL,TALAIGUA NUEVO,2025,50,191.9,37.4,42.0,39.3,34.3,40.1,14.1
213780000159,INSTITUCIÓN EDUCATIVA TÉCNICA AGROPECUARIA  EL VESUBIO,OFICIAL,TALAIGUA NUEVO,2021,16,198.7,38.8,43.2,39.4,37.6,39.6,21.2
213780000159,INSTITUCIÓN EDUCATIVA TÉCNICA AGROPECUARIA  EL VESUBIO,OFICIAL,TALAIGUA NUEVO,2022,23,191.1,36.0,40.4,40.6,35.9,38.3,15.3
213780000159,INSTITUCIÓN EDUCATIVA TÉCNICA AGROPECUARIA  EL VESUBIO,OFICIAL,TALAIGUA NUEVO,2023,24,199.5,40.2,42.9,41.2,36.1,37.6,18.3
213780000159,INSTITUCIÓN EDUCATIVA TÉCNICA AGROPECUARIA  EL VESUBIO,OFICIAL,TALAIGUA NUEVO,2024,21,224.8,46.5,46.8,46.1,41.4,42.2,31.5
213780000159,INSTITUCIÓN EDUCATIVA TÉCNICA AGROPECUARIA  EL VESUBIO,OFICIAL,TALAIGUA NUEVO,2025,28,202.9,40.7,44.8,40.6,36.3,40.4,18.9
213780000264,INSTITUCION EDUCATIVA TECNICA AGROPECUARIA DE TALAIGUA VIEJO,OFICIAL,TALAIGUA NUEVO,2021,24,210.2,42.7,45.9,40.6,39.2,41.5,28.9
213780000264,INSTITUCION EDUCATIVA TECNICA AGROPECUARIA DE TALAIGUA VIEJO,OFICIAL,TALAIGUA NUEVO,2022,24,213.2,42.6,45.2,41.6,41.6,42.0,28.7
213780000264,INSTITUCION EDUCATIVA TECNICA AGROPECUARIA DE TALAIGUA VIEJO,OFICIAL,TALAIGUA NUEVO,2023,19,227.8,48.4,47.5,45.1,41.9,43.4,35.1
213780000264,INSTITUCION EDUCATIVA TECNICA AGROPECUARIA DE TALAIGUA VIEJO,OFICIAL,TALAIGUA NUEVO,2024,23,219.7,47.5,45.9,42.3,40.0,44.0,28.7
213780000264,INSTITUCION EDUCATIVA TECNICA AGROPECUARIA DE TALAIGUA VIEJO,OFICIAL,TALAIGUA NUEVO,2025,24,212.8,44.5,45.0,42.6,37.3,44.9,23.7
213836000581,INSTITUCIÓN EDUCATIVA DE CAÑAVERAL,OFICIAL,TURBACO,2021,34,198.0,41.9,43.7,38.9,35.3,35.6,20.3
213836000581,INSTITUCIÓN EDUCATIVA DE CAÑAVERAL,OFICIAL,TURBACO,2022,19,195.2,38.4,42.6,39.3,36.4,37.3,19.3
213836000581,INSTITUCIÓN EDUCATIVA DE CAÑAVERAL,OFICIAL,TURBACO,2023,43,212.7,42.7,46.4,41.5,39.4,42.7,25.4
213836000581,INSTITUCIÓN EDUCATIVA DE CAÑAVERAL,OFICIAL,TURBACO,2024,42,199.1,38.6,43.0,39.8,37.7,40.1,17.4
213836000581,INSTITUCIÓN EDUCATIVA DE CAÑAVERAL,OFICIAL,TURBACO,2025,44,201.2,40.4,43.1,41.3,36.3,40.0,18.0
213836000696,CENTRO EDUCATIVO DE AGUAS PRIETAS,OFICIAL,TURBACO,2021,1,285.0,58.0,52.0,66.0,56.0,44.0,77.0
213836000696,CENTRO EDUCATIVO DE AGUAS PRIETAS,OFICIAL,TURBACO,2022,6,231.7,45.7,49.3,46.7,44.8,43.0,38.8
213836000696,CENTRO EDUCATIVO DE AGUAS PRIETAS,OFICIAL,TURBACO,2023,4,234.0,45.8,48.2,47.2,46.5,45.0,38.0
213836000696,CENTRO EDUCATIVO DE AGUAS PRIETAS,OFICIAL,TURBACO,2024,5,239.8,54.0,46.6,46.0,47.2,42.2,40.8
213836000696,CENTRO EDUCATIVO DE AGUAS PRIETAS,OFICIAL,TURBACO,2025,1,215.0,46.0,50.0,43.0,34.0,39.0,23.0
213838000049,INSTITUCIÓN EDUCATIVA DE BALLESTAS,OFICIAL,TURBANÁ,2021,33,219.9,46.3,47.8,43.1,39.9,40.4,34.2
213838000049,INSTITUCIÓN EDUCATIVA DE BALLESTAS,OFICIAL,TURBANÁ,2022,28,214.1,43.2,46.5,43.4,39.4,39.1,29.5
213838000049,INSTITUCIÓN EDUCATIVA DE BALLESTAS,OFICIAL,TURBANÁ,2023,35,223.5,46.2,46.9,45.0,40.4,45.5,31.4
213838000049,INSTITUCIÓN EDUCATIVA DE BALLESTAS,OFICIAL,TURBANÁ,2024,40,229.6,45.5,48.8,43.8,45.8,45.7,34.4
213838000049,INSTITUCIÓN EDUCATIVA DE BALLESTAS,OFICIAL,TURBANÁ,2025,53,235.8,46.2,50.3,46.3,46.0,46.7,37.3
213873000019,INSTITUCIÓN EDUCATIVA DE ZIPACOA,OFICIAL,VILLANUEVA,2021,23,207.7,41.3,44.8,40.6,40.0,39.8,26.0
213873000019,INSTITUCIÓN EDUCATIVA DE ZIPACOA,OFICIAL,VILLANUEVA,2022,29,225.6,45.1,49.0,43.4,43.4,44.0,36.1
213873000019,INSTITUCIÓN EDUCATIVA DE ZIPACOA,OFICIAL,VILLANUEVA,2023,27,207.3,39.0,45.3,42.3,39.4,41.5,22.3
213873000019,INSTITUCIÓN EDUCATIVA DE ZIPACOA,OFICIAL,VILLANUEVA,2024,26,210.3,39.5,46.2,41.9,40.2,43.7,24.0
213873000019,INSTITUCIÓN EDUCATIVA DE ZIPACOA,OFICIAL,VILLANUEVA,2025,20,242.6,50.5,51.6,46.4,45.4,48.8,40.8
313001000142,FUNDACION INSTITUTO EDUCATIVO MADRE TERESA DE CALCUTA,NO OFICIAL,CARTAGENA DE INDIAS,2025,24,246.6,48.1,52.4,50.4,45.5,52.1,43.9
313001000142,INST. MADRE TERESA DE CALCUTA,NO OFICIAL,CARTAGENA DE INDIAS,2021,11,245.8,49.0,51.2,51.2,44.7,50.7,48.7
313001000142,INST. MADRE TERESA DE CALCUTA,NO OFICIAL,CARTAGENA DE INDIAS,2022,22,229.4,45.1,50.0,43.3,44.1,48.9,38.1
313001000142,INST. MADRE TERESA DE CALCUTA,NO OFICIAL,CARTAGENA DE INDIAS,2023,15,252.9,49.2,52.9,50.8,49.6,50.0,49.1
313001000142,INST. MADRE TERESA DE CALCUTA,NO OFICIAL,CARTAGENA DE INDIAS,2024,11,251.5,48.9,53.1,49.4,47.6,56.5,48.7
313001000215,GIMN. NUEVA GRANADA,NO OFICIAL,CARTAGENA DE INDIAS,2021,22,308.6,62.5,64.2,61.1,57.5,65.8,84.9
313001000215,GIMN. NUEVA GRANADA,NO OFICIAL,CARTAGENA DE INDIAS,2022,18,318.8,61.8,66.6,60.1,63.9,71.8,86.9
313001000215,GIMN. NUEVA GRANADA,NO OFICIAL,CARTAGENA DE INDIAS,2023,15,347.1,69.7,74.1,64.7,67.1,75.5,93.1
313001000215,GIMN. NUEVA GRANADA,NO OFICIAL,CARTAGENA DE INDIAS,2024,23,331.7,66.3,68.3,64.6,63.7,73.3,87.3
313001000215,GIMN. NUEVA GRANADA,NO OFICIAL,CARTAGENA DE INDIAS,2025,25,312.6,64.4,62.4,62.4,59.2,67.5,76.1
313001000240,INST. EDUC. NUEVA AMERICA,NO OFICIAL,CARTAGENA DE INDIAS,2021,54,294.0,58.3,60.5,57.9,58.1,60.2,76.6
313001000240,INST. EDUC. NUEVA AMERICA,NO OFICIAL,CARTAGENA DE INDIAS,2022,45,307.8,63.3,63.2,61.2,58.9,60.5,82.0
313001000240,INST. EDUC. NUEVA AMERICA,NO OFICIAL,CARTAGENA DE INDIAS,2023,31,318.5,65.6,63.5,64.1,61.5,63.7,83.7
313001000240,INST. EDUC. NUEVA AMERICA,NO OFICIAL,CARTAGENA DE INDIAS,2024,59,314.8,64.1,64.9,61.4,61.6,62.6,81.7
313001000240,INST. EDUC. NUEVA AMERICA,NO OFICIAL,CARTAGENA DE INDIAS,2025,49,325.1,70.2,65.1,62.9,61.7,65.7,84.0
313001000495,COL. OCTAVIANA DEL C. VIVES C,NO OFICIAL,CARTAGENA DE INDIAS,2021,21,209.9,40.6,44.9,41.0,40.8,44.1,28.1
313001000495,COL. OCTAVIANA DEL C. VIVES C,NO OFICIAL,CARTAGENA DE INDIAS,2022,20,202.4,41.2,43.1,40.8,36.8,40.8,22.8
313001000495,COL. OCTAVIANA DEL C. VIVES C,NO OFICIAL,CARTAGENA DE INDIAS,2023,35,213.3,42.7,46.1,40.6,40.4,44.9,26.1
313001000495,COL. OCTAVIANA DEL C. VIVES C,NO OFICIAL,CARTAGENA DE INDIAS,2024,39,209.9,42.9,45.4,41.3,38.5,41.8,23.5
313001000495,COL. OCTAVIANA DEL C. VIVES C,NO OFICIAL,CARTAGENA DE INDIAS,2025,31,218.9,42.4,47.1,44.6,40.1,46.1,27.7
313001000509,GIMN. LATINOAMERICANO,NO OFICIAL,CARTAGENA DE INDIAS,2021,1,210.0,44.0,45.0,44.0,39.0,29.0,8.0
313001000525,COL. MIXTO LA POPA,NO OFICIAL,CARTAGENA DE INDIAS,2021,21,314.2,59.6,66.2,61.8,61.3,70.5,85.1
313001000525,COL. MIXTO LA POPA,NO OFICIAL,CARTAGENA DE INDIAS,2022,26,287.0,58.2,57.0,55.8,55.7,66.1,68.9
313001000525,COL. MIXTO LA POPA,NO OFICIAL,CARTAGENA DE INDIAS,2023,23,317.9,64.5,66.1,62.3,58.7,71.6,81.4
313001000525,COL. MIXTO LA POPA,NO OFICIAL,CARTAGENA DE INDIAS,2024,32,320.2,64.7,63.5,63.2,61.9,72.8,82.1
313001000525,COL. MIXTO LA POPA,NO OFICIAL,CARTAGENA DE INDIAS,2025,24,326.3,66.4,65.9,65.4,60.6,73.3,83.8
313001000541,COL. LA ANUNCIACION,NO OFICIAL,CARTAGENA DE INDIAS,2021,40,316.8,62.2,68.1,59.7,63.2,63.9,87.7
313001000541,COL. LA ANUNCIACION,NO OFICIAL,CARTAGENA DE INDIAS,2022,41,321.1,62.3,66.4,63.3,64.1,66.5,86.9
313001000541,COL. LA ANUNCIACION,NO OFICIAL,CARTAGENA DE INDIAS,2023,36,327.2,66.0,67.4,62.1,65.7,66.7,87.3
313001000541,COL. LA ANUNCIACION,NO OFICIAL,CARTAGENA DE INDIAS,2024,47,328.1,65.1,69.0,63.9,64.2,66.5,87.5
313001000541,COL. LA ANUNCIACION,NO OFICIAL,CARTAGENA DE INDIAS,2025,37,327.6,66.3,66.4,63.5,64.9,68.5,85.2
313001000568,ESCUELAS PROFESIONALES SALESIANAS,OFICIAL,CARTAGENA DE INDIAS,2021,116,271.6,54.7,58.2,53.8,51.4,51.9,65.4
313001000568,ESCUELAS PROFESIONALES SALESIANAS,OFICIAL,CARTAGENA DE INDIAS,2022,112,267.5,53.3,56.6,53.5,50.5,53.7,60.2
313001000568,ESCUELAS PROFESIONALES SALESIANAS,OFICIAL,CARTAGENA DE INDIAS,2023,108,282.8,57.1,59.6,55.1,54.9,55.2,66.0
313001000568,ESCUELAS PROFESIONALES SALESIANAS,OFICIAL,CARTAGENA DE INDIAS,2024,113,283.7,56.8,59.8,55.4,54.9,56.8,64.9
313001000568,INSTITUCION EDUCATIVA ESCUELAS PROFESIONALES SALESIANAS,OFICIAL,CARTAGENA DE INDIAS,2025,110,295.6,59.8,60.8,57.9,57.9,59.2,70.4
313001000592,GIMN. LUJAN,NO OFICIAL,CARTAGENA DE INDIAS,2021,10,322.2,63.5,66.4,59.8,66.1,70.2,86.1
313001000592,GIMN. LUJAN,NO OFICIAL,CARTAGENA DE INDIAS,2022,12,306.8,64.1,62.3,57.8,59.2,67.1,80.1
313001000592,GIMN. LUJAN,NO OFICIAL,CARTAGENA DE INDIAS,2023,19,312.8,64.0,64.4,61.1,59.9,65.2,81.4
313001000592,GIMN. LUJAN,NO OFICIAL,CARTAGENA DE INDIAS,2024,19,301.6,62.3,63.3,57.9,56.1,65.8,75.4
313001000592,GIMN. LUJAN,NO OFICIAL,CARTAGENA DE INDIAS,2025,15,314.8,65.5,63.0,63.1,59.6,64.8,79.5
313001000622,COL. DE LA SALLE,NO OFICIAL,CARTAGENA DE INDIAS,2021,99,305.8,61.7,62.4,59.1,58.8,69.4,82.3
313001000622,COL. DE LA SALLE,NO OFICIAL,CARTAGENA DE INDIAS,2022,67,312.8,62.6,64.8,60.3,60.1,69.9,82.3
313001000622,COL. DE LA SALLE,NO OFICIAL,CARTAGENA DE INDIAS,2023,77,312.8,63.1,63.4,61.7,59.4,70.4,81.1
313001000622,COL. DE LA SALLE,NO OFICIAL,CARTAGENA DE INDIAS,2024,56,329.1,66.2,67.0,64.8,62.3,74.4,85.6
313001000622,COL. DE LA SALLE,NO OFICIAL,CARTAGENA DE INDIAS,2025,52,330.1,66.2,66.2,64.5,64.3,74.5,85.2
313001000916,COL. DE LA ESPERANZA,NO OFICIAL,CARTAGENA DE INDIAS,2021,18,303.2,60.7,62.8,58.6,59.0,64.7,80.3
313001000916,COL. DE LA ESPERANZA,NO OFICIAL,CARTAGENA DE INDIAS,2022,22,332.1,69.0,67.3,63.1,64.0,73.4,92.1
313001000916,COL. DE LA ESPERANZA,NO OFICIAL,CARTAGENA DE INDIAS,2023,25,335.2,69.4,66.8,65.1,64.6,73.7,90.2
313001000916,COL. DE LA ESPERANZA,NO OFICIAL,CARTAGENA DE INDIAS,2024,21,324.5,66.6,66.5,63.3,61.9,68.9,84.8
313001000916,COL. DE LA ESPERANZA,NO OFICIAL,CARTAGENA DE INDIAS,2025,21,323.9,66.6,65.0,63.5,61.2,73.2,81.7
313001000924,COL. SALESIANO SAN PEDRO CLAVER,NO OFICIAL,CARTAGENA DE INDIAS,2021,146,306.3,60.9,63.6,58.0,60.3,68.1,82.0
313001000924,COL. SALESIANO SAN PEDRO CLAVER,NO OFICIAL,CARTAGENA DE INDIAS,2022,120,306.9,61.0,63.2,59.9,59.0,68.8,80.4
313001000924,COL. SALESIANO SAN PEDRO CLAVER,NO OFICIAL,CARTAGENA DE INDIAS,2023,135,305.7,61.5,62.8,58.8,59.6,66.6,77.8
313001000924,COL. SALESIANO SAN PEDRO CLAVER,NO OFICIAL,CARTAGENA DE INDIAS,2024,131,299.5,59.7,62.4,58.8,56.9,65.3,73.3
313001000924,COL. SALESIANO SAN PEDRO CLAVER,NO OFICIAL,CARTAGENA DE INDIAS,2025,137,301.5,62.3,62.2,58.0,56.5,67.1,72.4
313001001050,COL. BIFFI,NO OFICIAL,CARTAGENA DE INDIAS,2021,106,282.8,55.9,60.1,54.4,54.4,61.2,71.2
313001001050,COL. BIFFI,NO OFICIAL,CARTAGENA DE INDIAS,2022,87,308.8,61.8,64.6,59.0,60.2,65.9,82.2
313001001050,COL. BIFFI,NO OFICIAL,CARTAGENA DE INDIAS,2023,83,315.3,62.3,65.0,59.9,63.1,68.5,81.3
313001001050,COL. BIFFI,NO OFICIAL,CARTAGENA DE INDIAS,2024,83,311.7,60.7,65.9,59.4,61.9,66.5,77.5
313001001050,COL. BIFFI,NO OFICIAL,CARTAGENA DE INDIAS,2025,64,319.3,64.4,64.7,61.6,63.5,67.8,82.2
313001001068,COL. EUCARISTICO DE SANTA TERESA,NO OFICIAL,CARTAGENA DE INDIAS,2021,36,305.4,63.2,62.9,58.0,58.5,66.2,83.5
313001001068,COL. EUCARISTICO DE SANTA TERESA,NO OFICIAL,CARTAGENA DE INDIAS,2022,43,311.3,63.3,64.8,59.8,59.3,67.6,83.3
313001001068,COL. EUCARISTICO DE SANTA TERESA,NO OFICIAL,CARTAGENA DE INDIAS,2023,20,304.3,63.4,61.4,59.0,57.0,69.2,73.2
313001001068,COL. EUCARISTICO DE SANTA TERESA,NO OFICIAL,CARTAGENA DE INDIAS,2024,26,300.1,61.5,61.2,58.8,56.4,66.4,73.6
313001001068,COL. EUCARISTICO DE SANTA TERESA,NO OFICIAL,CARTAGENA DE INDIAS,2025,21,305.0,62.9,63.2,57.7,58.0,67.8,75.1
313001001076,COL. NTRA. SE?ORA DE LA CANDELARIA,NO OFICIAL,CARTAGENA DE INDIAS,2021,60,279.5,55.2,59.9,53.6,53.0,61.3,69.4
313001001076,COL. NTRA. SE?ORA DE LA CANDELARIA,NO OFICIAL,CARTAGENA DE INDIAS,2022,64,285.1,56.9,59.9,55.2,54.9,60.5,70.0
313001001076,COL. NTRA. SE?ORA DE LA CANDELARIA,NO OFICIAL,CARTAGENA DE INDIAS,2023,70,285.4,52.7,61.3,56.0,57.2,60.5,68.6
313001001076,COL. NTRA. SE?ORA DE LA CANDELARIA,NO OFICIAL,CARTAGENA DE INDIAS,2024,61,276.8,50.5,60.4,55.4,53.2,61.1,61.2
313001001076,COL. NTRA. SE?ORA DE LA CANDELARIA,NO OFICIAL,CARTAGENA DE INDIAS,2025,57,278.0,52.7,59.7,54.1,54.0,61.1,60.6
313001001165,COL. EL CARMELO,NO OFICIAL,CARTAGENA DE INDIAS,2021,18,271.8,53.9,57.3,51.2,52.4,62.3,65.4
313001001165,COL. EL CARMELO,NO OFICIAL,CARTAGENA DE INDIAS,2022,23,278.6,53.8,59.5,53.1,53.1,65.8,67.7
313001001165,COL. EL CARMELO,NO OFICIAL,CARTAGENA DE INDIAS,2023,28,288.0,55.7,60.6,54.7,56.8,65.3,67.6
313001001165,COL. EL CARMELO,NO OFICIAL,CARTAGENA DE INDIAS,2024,13,325.2,66.1,65.4,64.4,63.0,69.2,85.9
313001001165,COL. EL CARMELO,NO OFICIAL,CARTAGENA DE INDIAS,2025,29,304.3,61.6,62.7,56.9,59.9,68.3,72.0
313001001181,COLEGIO NUESTRA SEÑORA DE LA CONSOLATA,OFICIAL,CARTAGENA DE INDIAS,2021,175,251.1,50.5,54.4,48.3,48.0,49.1,53.4
313001001181,COLEGIO NUESTRA SEÑORA DE LA CONSOLATA,OFICIAL,CARTAGENA DE INDIAS,2022,168,244.2,48.0,52.9,48.0,46.4,48.9,47.2
313001001181,COLEGIO NUESTRA SEÑORA DE LA CONSOLATA,OFICIAL,CARTAGENA DE INDIAS,2023,180,254.9,50.7,54.5,50.0,48.3,51.6,50.3
313001001181,COLEGIO NUESTRA SEÑORA DE LA CONSOLATA,OFICIAL,CARTAGENA DE INDIAS,2024,154,261.5,51.7,55.6,51.8,49.6,54.0,52.8
313001001181,COLEGIO NUESTRA SEÑORA DE LA CONSOLATA,OFICIAL,CARTAGENA DE INDIAS,2025,185,270.3,54.5,56.6,53.1,51.1,56.5,56.8
313001001190,CORPORACION COLEGIO LATINOAMERICANO,NO OFICIAL,CARTAGENA DE INDIAS,2021,35,289.5,56.2,63.1,54.6,55.5,64.5,74.3
313001001190,CORPORACION COLEGIO LATINOAMERICANO,NO OFICIAL,CARTAGENA DE INDIAS,2022,43,295.1,57.4,62.9,58.2,56.0,63.5,75.2
313001001190,CORPORACION COLEGIO LATINOAMERICANO,NO OFICIAL,CARTAGENA DE INDIAS,2023,56,285.9,53.2,61.6,56.1,56.3,61.8,68.3
313001001190,CORPORACION COLEGIO LATINOAMERICANO,NO OFICIAL,CARTAGENA DE INDIAS,2024,39,318.5,62.3,63.3,64.0,63.6,68.1,81.4
313001001190,CORPORACION COLEGIO LATINOAMERICANO,NO OFICIAL,CARTAGENA DE INDIAS,2025,42,329.3,65.7,66.4,65.2,65.7,67.4,83.8
313001001211,INST. CARTAGENA. DEL MAR,NO OFICIAL,CARTAGENA DE INDIAS,2021,40,260.7,50.6,56.6,50.6,50.4,53.0,57.8
313001001211,INST. CARTAGENA. DEL MAR,NO OFICIAL,CARTAGENA DE INDIAS,2022,42,257.2,50.8,55.1,50.5,49.9,49.8,53.7
313001001211,INST. CARTAGENA. DEL MAR,NO OFICIAL,CARTAGENA DE INDIAS,2023,53,258.7,53.0,54.3,50.3,49.4,51.5,52.7
313001001211,INST. CARTAGENA. DEL MAR,NO OFICIAL,CARTAGENA DE INDIAS,2024,48,252.8,49.1,54.6,49.8,48.5,51.3,47.6
313001001211,INST. CARTAGENA. DEL MAR,NO OFICIAL,CARTAGENA DE INDIAS,2025,49,266.9,52.7,57.2,51.2,51.5,56.4,53.0
313001002251,COLEGIO NUESTRA SEÑORA DE FATIMA DE LA POLICIA NACIONAL,OFICIAL,CARTAGENA DE INDIAS,2021,26,286.5,56.9,60.1,55.6,56.7,56.9,73.1
313001002251,COLEGIO NUESTRA SEÑORA DE FATIMA DE LA POLICIA NACIONAL,OFICIAL,CARTAGENA DE INDIAS,2022,32,279.8,54.6,59.5,54.8,54.8,56.2,67.6
313001002251,COLEGIO NUESTRA SEÑORA DE FATIMA DE LA POLICIA NACIONAL,OFICIAL,CARTAGENA DE INDIAS,2023,40,299.3,58.0,62.1,58.6,59.6,63.2,75.8
313001002251,COLEGIO NUESTRA SEÑORA DE FATIMA DE LA POLICIA NACIONAL,OFICIAL,CARTAGENA DE INDIAS,2024,34,282.3,54.2,58.9,55.5,57.1,56.5,65.3
313001002251,COLEGIO NUESTRA SEÑORA DE FATIMA DE LA POLICIA NACIONAL,OFICIAL,CARTAGENA DE INDIAS,2025,52,269.1,52.1,58.8,51.8,51.3,58.1,56.3
313001002277,COL.  MONTESSORI,NO OFICIAL,CARTAGENA DE INDIAS,2021,53,328.1,65.2,66.7,61.5,64.8,79.4,90.9
313001002277,COL.  MONTESSORI,NO OFICIAL,CARTAGENA DE INDIAS,2022,42,322.3,62.8,66.4,60.5,62.8,80.4,87.5
313001002277,COL.  MONTESSORI,NO OFICIAL,CARTAGENA DE INDIAS,2023,61,321.6,63.9,64.1,62.4,62.3,78.4,83.7
313001002277,COL.  MONTESSORI,NO OFICIAL,CARTAGENA DE INDIAS,2024,70,331.3,67.7,65.2,64.4,62.8,81.1,88.3
313001002277,COL.  MONTESSORI,NO OFICIAL,CARTAGENA DE INDIAS,2025,48,339.4,68.8,67.3,65.3,66.3,79.6,89.7
313001002307,COL. ADVENTISTA DE C/GENA.,NO OFICIAL,CARTAGENA DE INDIAS,2021,28,247.9,49.5,54.6,47.3,46.5,50.5,52.5
313001002307,COL. ADVENTISTA DE C/GENA.,NO OFICIAL,CARTAGENA DE INDIAS,2022,26,265.2,51.7,58.4,50.9,50.1,56.1,59.9
313001002307,COL. ADVENTISTA DE C/GENA.,NO OFICIAL,CARTAGENA DE INDIAS,2023,32,264.1,52.3,57.4,50.8,49.7,56.1,57.4
313001002307,COL. ADVENTISTA DE C/GENA.,NO OFICIAL,CARTAGENA DE INDIAS,2024,37,273.8,53.8,59.2,54.8,50.8,56.9,61.8
313001002307,COL. ADVENTISTA DE C/GENA.,NO OFICIAL,CARTAGENA DE INDIAS,2025,36,258.1,49.2,57.2,49.5,49.7,54.2,50.8
313001002340,INST. COLOMBO BOLIVARIANO,NO OFICIAL,CARTAGENA DE INDIAS,2021,43,249.9,48.3,53.6,48.9,47.9,53.3,52.9
313001002340,INST. COLOMBO BOLIVARIANO,NO OFICIAL,CARTAGENA DE INDIAS,2022,29,273.8,53.0,57.8,54.8,52.6,57.4,64.2
313001002340,INST. COLOMBO BOLIVARIANO,NO OFICIAL,CARTAGENA DE INDIAS,2023,33,264.5,52.7,56.4,53.1,48.0,57.1,57.4
313001002340,INST. COLOMBO BOLIVARIANO,NO OFICIAL,CARTAGENA DE INDIAS,2024,29,263.0,49.6,57.7,50.6,51.4,55.9,53.7
313001002421,COL. NAVAL DE CRESPO,OFICIAL,CARTAGENA DE INDIAS,2021,27,281.0,59.7,58.1,55.3,51.5,56.6,71.7
313001002421,COL. NAVAL DE CRESPO,OFICIAL,CARTAGENA DE INDIAS,2022,29,282.7,57.2,58.0,55.4,54.6,59.0,70.0
313001002421,COL. NAVAL DE CRESPO,OFICIAL,CARTAGENA DE INDIAS,2023,30,300.3,59.7,61.0,59.4,60.1,61.0,77.6
313001002421,COL. NAVAL DE CRESPO,OFICIAL,CARTAGENA DE INDIAS,2024,27,308.6,62.9,61.5,62.1,59.7,64.1,79.0
313001002421,COL. NAVAL DE CRESPO,OFICIAL,CARTAGENA DE INDIAS,2025,27,311.1,64.6,62.4,62.9,58.0,65.0,79.1
313001002714,INSTITUCION EDUCATIVA MARIA AUXILIADORA,OFICIAL,CARTAGENA DE INDIAS,2021,48,266.8,52.3,57.1,51.1,51.9,56.3,63.4
313001002714,INSTITUCION EDUCATIVA MARIA AUXILIADORA,OFICIAL,CARTAGENA DE INDIAS,2022,41,254.3,48.2,56.1,48.5,50.2,52.5,52.9
313001002714,INSTITUCION EDUCATIVA MARIA AUXILIADORA,OFICIAL,CARTAGENA DE INDIAS,2023,40,269.3,52.8,58.1,51.3,52.3,56.6,59.6
313001002714,INSTITUCION EDUCATIVA MARIA AUXILIADORA,OFICIAL,CARTAGENA DE INDIAS,2024,47,270.1,53.2,55.8,53.4,53.4,54.7,58.0
313001002714,INSTITUCION EDUCATIVA MARIA AUXILIADORA,OFICIAL,CARTAGENA DE INDIAS,2025,41,279.1,55.3,58.8,54.7,53.9,57.7,61.4
313001003095,CIUDAD ESCOLAR DE COMFENALCO,NO OFICIAL,CARTAGENA DE INDIAS,2021,278,302.3,61.0,63.1,59.3,58.6,60.2,79.5
313001003095,CIUDAD ESCOLAR DE COMFENALCO,NO OFICIAL,CARTAGENA DE INDIAS,2022,264,315.2,63.6,65.6,61.7,61.4,62.3,83.2
313001003095,CIUDAD ESCOLAR DE COMFENALCO,NO OFICIAL,CARTAGENA DE INDIAS,2023,184,340.5,71.4,67.7,67.1,66.5,67.1,90.8
313001003095,CIUDAD ESCOLAR DE COMFENALCO,NO OFICIAL,CARTAGENA DE INDIAS,2024,147,343.2,71.8,68.2,69.0,65.6,69.0,91.9
313001003095,CIUDAD ESCOLAR DE COMFENALCO,NO OFICIAL,CARTAGENA DE INDIAS,2025,133,351.2,75.4,70.4,68.7,66.2,71.3,92.7
313001003117,CORPORACION INSTITUTO CIRY,NO OFICIAL,CARTAGENA DE INDIAS,2022,22,248.5,48.0,53.2,51.6,44.8,53.1,50.0
313001003117,CORPORACION INSTITUTO CIRY,NO OFICIAL,CARTAGENA DE INDIAS,2023,22,261.8,52.0,55.8,50.7,50.7,53.0,54.8
313001003117,CORPORACION INSTITUTO CIRY,NO OFICIAL,CARTAGENA DE INDIAS,2024,33,265.3,53.4,56.4,52.1,50.3,53.5,55.5
313001003117,CORPORACION INSTITUTO CIRY,NO OFICIAL,CARTAGENA DE INDIAS,2025,28,251.0,50.4,54.0,49.2,46.1,53.6,46.2
313001003842,COL. GONZALO JIMENEZ DE QUEZADA,NO OFICIAL,CARTAGENA DE INDIAS,2021,33,242.1,46.9,51.8,46.9,46.0,54.5,48.9
313001003842,COL. GONZALO JIMENEZ DE QUEZADA,NO OFICIAL,CARTAGENA DE INDIAS,2022,24,276.8,55.0,59.8,53.6,52.2,57.8,67.2
313001003842,COL. GONZALO JIMENEZ DE QUEZADA,NO OFICIAL,CARTAGENA DE INDIAS,2023,27,271.0,51.5,57.8,53.8,53.2,55.9,60.7
313001003842,COL. GONZALO JIMENEZ DE QUEZADA,NO OFICIAL,CARTAGENA DE INDIAS,2024,24,258.0,48.0,56.4,51.7,50.8,50.2,51.0
313001003842,COL. GONZALO JIMENEZ DE QUEZADA,NO OFICIAL,CARTAGENA DE INDIAS,2025,25,265.0,53.0,55.8,51.9,50.0,56.4,53.9
313001003931,COLEGIO JORGE WASHINGTON,NO OFICIAL,CARTAGENA DE INDIAS,2021,48,343.9,71.9,67.6,63.5,66.2,86.6,71.9
313001003931,COLEGIO JORGE WASHINGTON,NO OFICIAL,CARTAGENA DE INDIAS,2022,43,362.4,74.7,71.2,68.1,71.7,85.0,86.6
313001003931,COLEGIO JORGE WASHINGTON,NO OFICIAL,CARTAGENA DE INDIAS,2023,49,353.6,72.3,70.5,66.1,69.0,85.9,82.8
313001003931,COLEGIO JORGE WASHINGTON,NO OFICIAL,CARTAGENA DE INDIAS,2024,43,349.4,71.7,68.2,66.5,67.1,88.3,79.2
313001003931,COLEGIO JORGE WASHINGTON,NO OFICIAL,CARTAGENA DE INDIAS,2025,32,369.4,76.4,72.4,70.4,72.2,86.1,88.7
313001004750,INSTITUCION EDUCATIVA MADRE GABRIELA DE SAN MARTIN,OFICIAL,CARTAGENA DE INDIAS,2021,148,207.6,41.6,46.1,40.2,38.8,39.4,27.5
313001004750,INSTITUCION EDUCATIVA MADRE GABRIELA DE SAN MARTIN,OFICIAL,CARTAGENA DE INDIAS,2022,144,212.9,41.3,46.5,42.5,40.2,42.1,29.2
313001004750,INSTITUCION EDUCATIVA MADRE GABRIELA DE SAN MARTIN,OFICIAL,CARTAGENA DE INDIAS,2023,171,224.1,45.2,48.7,44.8,41.3,42.9,32.3
313001004750,INSTITUCION EDUCATIVA MADRE GABRIELA DE SAN MARTIN,OFICIAL,CARTAGENA DE INDIAS,2024,198,216.7,41.9,46.2,44.3,41.0,42.9,28.3
313001004750,INSTITUCION EDUCATIVA MADRE GABRIELA DE SAN MARTIN,OFICIAL,CARTAGENA DE INDIAS,2025,140,223.4,43.8,47.9,44.6,42.3,44.8,30.9
313001004768,REDCOL COLEGIO BRITANICO DE CARTAGENA,NO OFICIAL,CARTAGENA DE INDIAS,2021,26,352.4,72.4,69.4,67.1,68.8,83.2,77.7
313001004768,REDCOL COLEGIO BRITANICO DE CARTAGENA,NO OFICIAL,CARTAGENA DE INDIAS,2022,41,342.4,69.7,68.6,65.3,65.6,82.5,76.9
313001004768,REDCOL COLEGIO BRITANICO DE CARTAGENA,NO OFICIAL,CARTAGENA DE INDIAS,2023,39,347.1,72.2,67.9,67.4,65.4,83.5,79.1
313001004768,REDCOL COLEGIO BRITANICO DE CARTAGENA,NO OFICIAL,CARTAGENA DE INDIAS,2024,38,341.8,66.8,68.9,63.6,68.1,86.6,76.4
313001004768,REDCOL COLEGIO BRITANICO DE CARTAGENA,NO OFICIAL,CARTAGENA DE INDIAS,2025,31,343.6,70.1,68.6,66.1,65.2,83.3,77.4
313001005098,COL. TRINITARIO,NO OFICIAL,CARTAGENA DE INDIAS,2021,82,263.0,52.2,56.0,50.5,50.4,56.5,59.6
313001005098,COL. TRINITARIO,NO OFICIAL,CARTAGENA DE INDIAS,2022,78,280.6,56.5,59.5,53.3,53.4,61.3,67.1
313001005098,COL. TRINITARIO,NO OFICIAL,CARTAGENA DE INDIAS,2023,78,289.1,57.6,60.0,55.7,56.5,62.0,70.3
313001005098,COL. TRINITARIO,NO OFICIAL,CARTAGENA DE INDIAS,2024,85,299.0,61.7,61.4,58.4,56.7,62.7,73.7
313001005098,COL. TRINITARIO,NO OFICIAL,CARTAGENA DE INDIAS,2025,77,298.3,59.8,61.6,58.6,57.4,63.7,72.0
313001005136,COLEGIO CANADIENSE DE CARTAGENA,NO OFICIAL,CARTAGENA DE INDIAS,2021,15,283.8,55.1,58.0,54.6,56.4,65.7,72.1
313001005136,COLEGIO CANADIENSE DE CARTAGENA,NO OFICIAL,CARTAGENA DE INDIAS,2022,11,259.4,49.3,57.5,48.6,47.7,64.7,53.9
313001005136,COLEGIO CANADIENSE DE CARTAGENA,NO OFICIAL,CARTAGENA DE INDIAS,2023,6,298.8,60.3,62.7,55.7,54.7,77.0,75.5
313001005136,COLEGIO CANADIENSE DE CARTAGENA,NO OFICIAL,CARTAGENA DE INDIAS,2024,8,277.2,53.6,58.6,55.1,49.5,70.6,62.4
313001005136,COLEGIO CANADIENSE DE CARTAGENA,NO OFICIAL,CARTAGENA DE INDIAS,2025,10,277.5,57.9,56.1,53.8,52.5,60.7,58.8
313001005225,INSTITUCION EDUCATIVA JOSE MARIA CORDOBA DE PASACABALLOS,OFICIAL,CARTAGENA DE INDIAS,2021,76,190.5,37.1,42.0,38.1,35.0,38.8,17.9
313001005225,INSTITUCION EDUCATIVA JOSE MARIA CORDOBA DE PASACABALLOS,OFICIAL,CARTAGENA DE INDIAS,2022,41,212.0,42.6,45.4,43.1,39.2,40.3,27.7
313001005225,INSTITUCION EDUCATIVA JOSE MARIA CORDOBA DE PASACABALLOS,OFICIAL,CARTAGENA DE INDIAS,2023,88,200.8,39.9,43.2,40.2,37.5,39.6,19.2
313001005225,INSTITUCION EDUCATIVA JOSE MARIA CORDOBA DE PASACABALLOS,OFICIAL,CARTAGENA DE INDIAS,2024,96,198.7,38.4,42.2,39.9,37.9,40.9,18.5
313001005225,INSTITUCION EDUCATIVA JOSE MARIA CORDOBA DE PASACABALLOS,OFICIAL,CARTAGENA DE INDIAS,2025,100,191.2,38.6,41.0,38.2,34.5,40.0,14.2
313001005276,COL. COMFAMILIAR C/GENA.,NO OFICIAL,CARTAGENA DE INDIAS,2021,89,287.8,57.4,61.0,54.9,56.8,58.1,74.0
313001005276,COL. COMFAMILIAR C/GENA.,NO OFICIAL,CARTAGENA DE INDIAS,2022,116,295.7,58.9,62.1,57.6,57.9,59.1,75.4
313001005276,COL. COMFAMILIAR C/GENA.,NO OFICIAL,CARTAGENA DE INDIAS,2023,141,295.0,58.3,61.7,57.2,58.2,60.4,72.7
313001005276,COL. COMFAMILIAR C/GENA.,NO OFICIAL,CARTAGENA DE INDIAS,2024,136,286.3,55.4,60.5,56.0,56.6,59.0,66.2
313001005276,COL. COMFAMILIAR C/GENA.,NO OFICIAL,CARTAGENA DE INDIAS,2025,125,309.1,62.7,63.8,60.4,59.3,64.9,75.5
313001005411,COLEGIO FERNANDEZ GUTIERREZ DE PIÑERES,NO OFICIAL,CARTAGENA DE INDIAS,2021,9,264.0,50.6,57.0,48.8,51.6,62.8,59.1
313001005411,COLEGIO FERNANDEZ GUTIERREZ DE PIÑERES,NO OFICIAL,CARTAGENA DE INDIAS,2022,11,276.2,54.9,59.0,51.6,53.7,60.4,64.8
313001005411,COLEGIO FERNANDEZ GUTIERREZ DE PIÑERES,NO OFICIAL,CARTAGENA DE INDIAS,2023,13,255.9,48.9,54.8,49.8,48.5,59.2,51.2
313001005705,COLEGIO INTERNACIONAL CARTAGENA   (COL INTER SCHOOL CABAÑI),NO OFICIAL,CARTAGENA DE INDIAS,2021,31,340.2,67.8,68.2,65.4,67.2,78.6,91.9
313001005705,COLEGIO INTERNACIONAL CARTAGENA   (COL INTER SCHOOL CABAÑI),NO OFICIAL,CARTAGENA DE INDIAS,2022,30,330.9,65.5,67.3,63.6,65.6,74.3,88.6
313001005705,COLEGIO INTERNACIONAL CARTAGENA   (COL INTER SCHOOL CABAÑI),NO OFICIAL,CARTAGENA DE INDIAS,2024,51,331.9,66.9,65.5,64.3,65.9,75.1,71.0
313001005705,COLEGIO INTERNACIONAL CARTAGENA   (COL INTER SCHOOL CABAÑI),NO OFICIAL,CARTAGENA DE INDIAS,2025,36,329.2,68.7,63.6,67.1,60.8,75.3,70.4
313001005748,GIMNASIO ALTAIR DE CARTAGENA,NO OFICIAL,CARTAGENA DE INDIAS,2021,35,346.0,71.5,68.5,67.1,66.2,79.7,72.5
313001005748,GIMNASIO ALTAIR DE CARTAGENA,NO OFICIAL,CARTAGENA DE INDIAS,2022,32,354.0,73.8,69.6,68.9,67.1,82.3,80.4
313001005748,GIMNASIO ALTAIR DE CARTAGENA,NO OFICIAL,CARTAGENA DE INDIAS,2023,27,353.6,73.3,70.6,67.4,67.4,82.9,82.8
313001005748,GIMNASIO ALTAIR DE CARTAGENA,NO OFICIAL,CARTAGENA DE INDIAS,2024,35,345.9,71.2,69.3,66.4,65.6,81.3,78.1
313001005748,GIMNASIO ALTAIR DE CARTAGENA,NO OFICIAL,CARTAGENA DE INDIAS,2025,41,332.3,70.1,64.6,65.0,62.5,77.6,72.2
313001005845,COL PILAR DEL SABER (ANTES JARD. INF. PIOLIN),NO OFICIAL,CARTAGENA DE INDIAS,2021,18,304.5,60.8,62.6,57.9,61.1,65.0,82.0
313001005845,COL PILAR DEL SABER (ANTES JARD. INF. PIOLIN),NO OFICIAL,CARTAGENA DE INDIAS,2022,17,289.5,57.8,63.2,55.9,53.4,62.0,69.8
313001005845,COL PILAR DEL SABER (ANTES JARD. INF. PIOLIN),NO OFICIAL,CARTAGENA DE INDIAS,2023,19,289.5,59.4,60.8,55.6,54.0,63.4,69.4
313001005845,COL PILAR DEL SABER (ANTES JARD. INF. PIOLIN),NO OFICIAL,CARTAGENA DE INDIAS,2024,17,305.7,59.0,63.0,60.4,61.4,63.2,78.2
313001005845,COL PILAR DEL SABER (ANTES JARD. INF. PIOLIN),NO OFICIAL,CARTAGENA DE INDIAS,2025,16,316.3,62.6,62.9,61.5,63.6,70.6,80.9
313001005985,COLEGIO LOS ANGELES,NO OFICIAL,CARTAGENA DE INDIAS,2021,18,327.3,68.3,67.5,62.1,63.3,67.1,89.4
313001005985,COLEGIO LOS ANGELES,NO OFICIAL,CARTAGENA DE INDIAS,2022,42,338.7,70.2,68.3,66.3,65.5,69.8,92.9
313001005985,COLEGIO LOS ANGELES,NO OFICIAL,CARTAGENA DE INDIAS,2023,31,334.5,72.2,68.0,62.5,64.4,68.3,90.5
313001005985,COLEGIO LOS ANGELES,NO OFICIAL,CARTAGENA DE INDIAS,2024,27,346.6,74.2,67.9,66.3,68.0,72.0,92.5
313001005985,COLEGIO LOS ANGELES,NO OFICIAL,CARTAGENA DE INDIAS,2025,34,337.3,71.8,67.4,64.9,64.9,70.2,89.0
313001006281,CORP. COL. AMOR A BOLIVAR,NO OFICIAL,CARTAGENA DE INDIAS,2021,21,233.9,48.4,51.1,47.0,40.5,47.3,43.5
313001006281,CORP. COL. AMOR A BOLIVAR,NO OFICIAL,CARTAGENA DE INDIAS,2022,29,236.2,43.5,51.3,46.3,47.1,49.3,42.7
313001006281,CORP. COL. AMOR A BOLIVAR,NO OFICIAL,CARTAGENA DE INDIAS,2023,20,235.8,44.0,51.8,46.8,44.6,51.7,39.9
313001006281,CORP. COL. AMOR A BOLIVAR,NO OFICIAL,CARTAGENA DE INDIAS,2024,16,267.0,55.0,54.1,56.6,47.5,54.8,56.8
313001006281,CORP. COL. AMOR A BOLIVAR,NO OFICIAL,CARTAGENA DE INDIAS,2025,12,245.1,49.7,52.7,47.0,45.2,53.7,42.2
313001006337,INST. EL LABRADOR,NO OFICIAL,CARTAGENA DE INDIAS,2021,65,256.0,52.0,54.2,48.7,49.3,52.8,55.8
313001006337,INST. EL LABRADOR,NO OFICIAL,CARTAGENA DE INDIAS,2022,56,266.2,53.7,55.9,52.8,50.1,54.8,59.9
313001006337,INST. EL LABRADOR,NO OFICIAL,CARTAGENA DE INDIAS,2023,70,261.7,52.3,54.5,53.9,48.1,54.2,55.1
313001006337,INST. EL LABRADOR,NO OFICIAL,CARTAGENA DE INDIAS,2024,53,283.9,57.2,59.3,58.2,51.5,59.6,65.0
313001006337,INST. EL LABRADOR,NO OFICIAL,CARTAGENA DE INDIAS,2025,52,287.6,57.6,59.1,57.3,54.1,63.7,65.1
313001006485,CORPORACION EDUCATIVA COLEGIO ALTER ALTERIS,NO OFICIAL,CARTAGENA DE INDIAS,2021,34,328.3,64.2,69.9,62.0,64.9,70.6,90.1
313001006485,CORPORACION EDUCATIVA COLEGIO ALTER ALTERIS,NO OFICIAL,CARTAGENA DE INDIAS,2022,31,347.9,72.1,69.8,65.5,68.5,76.8,93.5
313001006485,CORPORACION EDUCATIVA COLEGIO ALTER ALTERIS,NO OFICIAL,CARTAGENA DE INDIAS,2023,29,356.0,74.1,71.8,66.9,70.1,76.9,95.2
313001006485,CORPORACION EDUCATIVA COLEGIO ALTER ALTERIS,NO OFICIAL,CARTAGENA DE INDIAS,2024,34,349.2,71.6,69.1,67.3,68.0,79.8,93.4
313001006485,CORPORACION EDUCATIVA COLEGIO ALTER ALTERIS,NO OFICIAL,CARTAGENA DE INDIAS,2025,35,372.0,77.1,74.4,71.6,71.5,83.4,95.3
313001006639,INST. SOLEDAD VIVES DE JOLI (ANTES J. I LOS CAPULLITOS),NO OFICIAL,CARTAGENA DE INDIAS,2021,36,236.3,48.0,51.3,46.3,43.7,46.7,45.0
313001006639,INST. SOLEDAD VIVES DE JOLI (ANTES J. I LOS CAPULLITOS),NO OFICIAL,CARTAGENA DE INDIAS,2022,50,249.9,49.5,54.3,49.1,47.0,49.9,50.7
313001006639,INST. SOLEDAD VIVES DE JOLI (ANTES J. I LOS CAPULLITOS),NO OFICIAL,CARTAGENA DE INDIAS,2023,43,260.0,52.4,55.7,51.6,48.0,53.0,53.2
313001006639,INST. SOLEDAD VIVES DE JOLI (ANTES J. I LOS CAPULLITOS),NO OFICIAL,CARTAGENA DE INDIAS,2024,55,269.1,53.1,57.3,53.4,50.9,55.7,57.5
313001006639,INST. SOLEDAD VIVES DE JOLI (ANTES J. I LOS CAPULLITOS),NO OFICIAL,CARTAGENA DE INDIAS,2025,44,278.9,56.4,58.9,55.0,52.2,57.7,61.2
313001006698,COL. EL DIVINO SALVADOR,NO OFICIAL,CARTAGENA DE INDIAS,2021,24,279.0,55.0,60.7,52.8,54.0,58.0,68.8
313001006698,COL. EL DIVINO SALVADOR,NO OFICIAL,CARTAGENA DE INDIAS,2022,37,295.2,59.4,61.5,55.6,59.6,59.0,75.6
313001006698,COL. EL DIVINO SALVADOR,NO OFICIAL,CARTAGENA DE INDIAS,2023,33,305.3,61.4,64.5,58.0,59.8,62.2,78.6
313001006698,COL. EL DIVINO SALVADOR,NO OFICIAL,CARTAGENA DE INDIAS,2024,29,299.8,59.4,62.8,59.3,57.4,62.4,73.3
313001006698,COL. EL DIVINO SALVADOR,NO OFICIAL,CARTAGENA DE INDIAS,2025,32,303.8,61.0,61.8,59.2,60.8,61.5,72.9
313001006701,COL. MILITAR ALMIRANTE COLON,NO OFICIAL,CARTAGENA DE INDIAS,2021,618,247.1,49.3,53.3,48.0,47.0,49.8,51.2
313001006701,COL. MILITAR ALMIRANTE COLON,NO OFICIAL,CARTAGENA DE INDIAS,2022,638,254.9,50.3,55.1,49.7,48.5,51.9,53.3
313001006701,COL. MILITAR ALMIRANTE COLON,NO OFICIAL,CARTAGENA DE INDIAS,2023,604,263.3,52.7,55.9,51.3,50.7,53.1,55.2
313001006701,COL. MILITAR ALMIRANTE COLON,NO OFICIAL,CARTAGENA DE INDIAS,2024,640,265.8,52.9,56.5,52.4,50.6,54.0,55.3
313001006701,COL. MILITAR ALMIRANTE COLON,NO OFICIAL,CARTAGENA DE INDIAS,2025,671,264.7,53.0,55.6,52.2,50.5,54.3,53.5
313001007040,COL. MARIA MONTESORRI,NO OFICIAL,CARTAGENA DE INDIAS,2021,19,228.1,48.4,50.0,42.3,42.3,44.2,39.3
313001007040,COL. MARIA MONTESORRI,NO OFICIAL,CARTAGENA DE INDIAS,2022,17,258.2,51.0,55.0,50.1,49.6,54.0,55.5
313001007040,COL. MARIA MONTESORRI,NO OFICIAL,CARTAGENA DE INDIAS,2023,13,270.4,52.1,56.5,52.8,53.8,57.8,60.1
313001007040,COL. MARIA MONTESORRI,NO OFICIAL,CARTAGENA DE INDIAS,2024,20,275.2,57.7,57.1,53.5,50.9,58.0,61.4
313001007040,COL. MARIA MONTESORRI,NO OFICIAL,CARTAGENA DE INDIAS,2025,20,251.4,51.1,53.4,48.9,46.6,55.7,51.8
313001007058,CENTRO DE EDUCACION EL RECREO,NO OFICIAL,CARTAGENA DE INDIAS,2021,28,349.9,71.4,70.3,67.8,68.8,74.9,96.1
313001007058,CENTRO DE EDUCACION EL RECREO,NO OFICIAL,CARTAGENA DE INDIAS,2022,30,356.0,74.4,71.1,68.6,69.1,75.9,96.1
313001007058,CENTRO DE EDUCACION EL RECREO,NO OFICIAL,CARTAGENA DE INDIAS,2023,19,352.9,74.9,70.5,67.8,68.1,73.6,95.4
313001007058,CENTRO DE EDUCACION EL RECREO,NO OFICIAL,CARTAGENA DE INDIAS,2024,24,366.5,78.0,73.7,69.8,71.5,73.7,95.3
313001007058,CENTRO DE EDUCACION EL RECREO,NO OFICIAL,CARTAGENA DE INDIAS,2025,31,354.1,73.8,71.4,68.3,68.5,74.6,93.0
313001007091,COL. MODERNO DEL NORTE,NO OFICIAL,CARTAGENA DE INDIAS,2021,160,275.1,55.0,59.0,53.4,52.6,55.4,67.4
313001007091,COL. MODERNO DEL NORTE,NO OFICIAL,CARTAGENA DE INDIAS,2022,146,295.2,60.0,62.5,58.8,54.5,60.1,74.7
313001007091,COL. MODERNO DEL NORTE,NO OFICIAL,CARTAGENA DE INDIAS,2023,153,307.0,62.8,63.7,60.5,58.2,62.6,77.8
313001007091,COL. MODERNO DEL NORTE,NO OFICIAL,CARTAGENA DE INDIAS,2024,163,305.0,61.4,62.1,61.6,58.5,62.1,76.3
313001007091,COL. MODERNO DEL NORTE,NO OFICIAL,CARTAGENA DE INDIAS,2025,145,314.0,62.2,64.4,63.0,60.2,67.3,79.3
313001007244,INST. JUAN JACOBO ROUSSEAU NO.2,NO OFICIAL,CARTAGENA DE INDIAS,2021,9,235.3,47.4,50.6,45.6,42.8,52.8,44.3
313001007244,INST. JUAN JACOBO ROUSSEAU NO.2,NO OFICIAL,CARTAGENA DE INDIAS,2022,18,247.3,48.0,52.4,46.9,50.2,50.4,49.3
313001007244,INST. JUAN JACOBO ROUSSEAU NO.2,NO OFICIAL,CARTAGENA DE INDIAS,2023,21,257.4,50.5,54.1,51.8,49.0,53.2,53.2
313001007244,INST. JUAN JACOBO ROUSSEAU NO.2,NO OFICIAL,CARTAGENA DE INDIAS,2024,23,253.3,49.7,54.8,50.3,46.6,54.8,48.6
313001007244,INST. JUAN JACOBO ROUSSEAU NO.2,NO OFICIAL,CARTAGENA DE INDIAS,2025,16,264.9,52.1,56.8,52.0,50.6,54.2,54.7
313001007619,CORPORACION INST. EDUC. DEL SOCORRO,NO OFICIAL,CARTAGENA DE INDIAS,2021,23,240.2,46.0,53.3,45.5,46.7,49.7,48.2
313001007619,CORPORACION INST. EDUC. DEL SOCORRO,NO OFICIAL,CARTAGENA DE INDIAS,2022,36,240.3,48.6,51.5,46.6,44.5,51.7,46.3
313001007619,CORPORACION INST. EDUC. DEL SOCORRO,NO OFICIAL,CARTAGENA DE INDIAS,2023,48,247.8,48.3,53.5,47.5,47.9,53.2,48.0
313001007619,CORPORACION INST. EDUC. DEL SOCORRO,NO OFICIAL,CARTAGENA DE INDIAS,2024,41,263.5,51.3,57.2,51.8,50.0,54.2,54.8
313001007619,CORPORACION INST. EDUC. DEL SOCORRO,NO OFICIAL,CARTAGENA DE INDIAS,2025,41,257.7,53.1,54.4,51.0,46.1,57.6,53.1
313001007872,GIMNASIO CERVANTES DE CARTAGENA,NO OFICIAL,CARTAGENA DE INDIAS,2021,82,276.1,54.6,58.3,53.5,54.3,55.7,68.3
313001007872,GIMNASIO CERVANTES DE CARTAGENA,NO OFICIAL,CARTAGENA DE INDIAS,2022,96,281.4,56.2,59.4,54.7,54.0,58.5,68.4
313001007872,GIMNASIO CERVANTES DE CARTAGENA,NO OFICIAL,CARTAGENA DE INDIAS,2023,67,298.8,61.3,62.7,57.7,57.1,60.7,75.4
313001007872,GIMNASIO CERVANTES DE CARTAGENA,NO OFICIAL,CARTAGENA DE INDIAS,2024,69,301.0,62.1,62.4,59.6,56.2,61.6,73.8
313001007872,GIMNASIO CERVANTES DE CARTAGENA,NO OFICIAL,CARTAGENA DE INDIAS,2025,63,308.0,61.5,64.4,61.3,58.5,64.0,75.6
313001008381,CENT. DE ENSEÑANZA HIJOS DE BOLIVAR,NO OFICIAL,CARTAGENA DE INDIAS,2021,10,239.7,47.9,50.3,46.9,45.1,52.7,47.5
313001008381,CENT. DE ENSEÑANZA HIJOS DE BOLIVAR,NO OFICIAL,CARTAGENA DE INDIAS,2022,10,240.8,47.9,52.3,47.4,44.6,49.2,45.1
313001008381,CENT. DE ENSEÑANZA HIJOS DE BOLIVAR,NO OFICIAL,CARTAGENA DE INDIAS,2023,8,232.6,48.2,46.5,46.8,43.9,48.5,39.1
313001008381,CENT. DE ENSEÑANZA HIJOS DE BOLIVAR,NO OFICIAL,CARTAGENA DE INDIAS,2024,12,235.5,47.8,51.2,47.2,42.8,45.8,37.8
313001008381,CENT. DE ENSEÑANZA HIJOS DE BOLIVAR,NO OFICIAL,CARTAGENA DE INDIAS,2025,11,263.8,49.7,57.1,53.4,49.9,55.5,54.5
313001008399,CENTRO EDUCATIVO LAS PALMERAS,NO OFICIAL,CARTAGENA DE INDIAS,2021,42,278.5,58.1,57.9,55.3,52.6,52.2,69.4
313001008399,CENTRO EDUCATIVO LAS PALMERAS,NO OFICIAL,CARTAGENA DE INDIAS,2022,42,277.6,58.8,57.3,54.0,51.8,56.5,69.6
313001008399,CENTRO EDUCATIVO LAS PALMERAS,NO OFICIAL,CARTAGENA DE INDIAS,2023,45,293.2,60.0,60.8,57.4,56.7,58.2,75.2
313001008399,CENTRO EDUCATIVO LAS PALMERAS,NO OFICIAL,CARTAGENA DE INDIAS,2024,38,295.3,60.9,62.8,56.3,56.8,57.5,72.4
313001008399,CENTRO EDUCATIVO LAS PALMERAS,NO OFICIAL,CARTAGENA DE INDIAS,2025,47,291.6,58.8,60.9,57.0,56.3,59.3,70.2
313001008411,INSTITUCION EDUCATIVA FE Y ALEGRIA EL PROGRESO,OFICIAL,CARTAGENA DE INDIAS,2021,71,223.8,45.9,48.5,43.5,42.2,41.6,36.6
313001008411,INSTITUCION EDUCATIVA FE Y ALEGRIA EL PROGRESO,OFICIAL,CARTAGENA DE INDIAS,2022,70,228.6,47.6,48.9,44.3,42.5,44.3,37.2
313001008411,INSTITUCION EDUCATIVA FE Y ALEGRIA EL PROGRESO,OFICIAL,CARTAGENA DE INDIAS,2023,75,230.2,47.3,48.4,45.6,42.7,46.5,35.9
313001008411,INSTITUCION EDUCATIVA FE Y ALEGRIA EL PROGRESO,OFICIAL,CARTAGENA DE INDIAS,2024,65,222.9,45.8,46.9,44.7,40.7,45.1,30.1
313001008411,INSTITUCION EDUCATIVA FE Y ALEGRIA EL PROGRESO,OFICIAL,CARTAGENA DE INDIAS,2025,85,245.9,49.9,52.6,48.0,45.7,50.9,43.1
313001008429,CENT. DE ENSE?ANZA PRECOZ  NUEVO MUNDO,NO OFICIAL,CARTAGENA DE INDIAS,2021,13,324.2,65.3,65.0,62.6,64.8,69.9,90.2
313001008500,CORP. EDUC. JORGE ELIECER GAITAN DE C/GENA,NO OFICIAL,CARTAGENA DE INDIAS,2021,1,305.0,58.0,65.0,65.0,52.0,72.0,86.0
313001008500,CORP. EDUC. JORGE ELIECER GAITAN DE C/GENA,NO OFICIAL,CARTAGENA DE INDIAS,2022,5,220.2,42.8,46.8,41.6,42.4,52.2,32.6
313001008500,CORP. EDUC. JORGE ELIECER GAITAN DE C/GENA,NO OFICIAL,CARTAGENA DE INDIAS,2023,1,247.0,58.0,49.0,47.0,43.0,52.0,47.0
313001008500,CORP. EDUC. JORGE ELIECER GAITAN DE C/GENA,NO OFICIAL,CARTAGENA DE INDIAS,2024,1,189.0,44.0,38.0,33.0,32.0,51.0,10.0
313001008500,CORP. EDUC. JORGE ELIECER GAITAN DE C/GENA,NO OFICIAL,CARTAGENA DE INDIAS,2025,2,249.5,56.5,46.0,52.5,42.0,56.5,45.0
313001008518,CORP EDUCATIVA MADDOX,NO OFICIAL,CARTAGENA DE INDIAS,2021,62,240.1,47.4,52.0,46.9,45.2,50.3,46.7
313001008518,CORP EDUCATIVA MADDOX,NO OFICIAL,CARTAGENA DE INDIAS,2022,80,246.0,48.8,52.8,47.7,47.5,49.5,49.5
313001008518,CORP EDUCATIVA MADDOX,NO OFICIAL,CARTAGENA DE INDIAS,2023,86,240.9,47.2,51.3,48.0,46.4,48.8,45.5
313001008518,CORP EDUCATIVA MADDOX,NO OFICIAL,CARTAGENA DE INDIAS,2024,103,246.9,48.6,52.3,49.6,46.7,50.3,45.1
313001008518,CORP EDUCATIVA MADDOX,NO OFICIAL,CARTAGENA DE INDIAS,2025,97,236.8,46.7,51.7,46.0,44.5,49.5,38.6
313001008526,INST. SAN ISIDRO LABRADOR,NO OFICIAL,CARTAGENA DE INDIAS,2021,52,240.8,48.5,52.5,46.4,46.0,45.8,46.8
313001008526,INST. SAN ISIDRO LABRADOR,NO OFICIAL,CARTAGENA DE INDIAS,2022,59,242.5,49.5,51.3,47.7,44.9,50.2,46.2
313001008526,INST. SAN ISIDRO LABRADOR,NO OFICIAL,CARTAGENA DE INDIAS,2023,61,241.0,46.8,51.0,49.4,45.3,49.3,42.0
313001008526,INST. SAN ISIDRO LABRADOR,NO OFICIAL,CARTAGENA DE INDIAS,2024,70,258.9,49.7,55.0,51.5,50.7,52.5,51.0
313001008526,INST. SAN ISIDRO LABRADOR,NO OFICIAL,CARTAGENA DE INDIAS,2025,67,258.7,52.8,53.7,50.7,49.3,53.4,49.7
313001008771,COL.  GIMN. MOMPIANO,NO OFICIAL,CARTAGENA DE INDIAS,2021,10,339.5,69.8,67.3,65.9,65.6,76.8,94.2
313001008771,COL.  GIMN. MOMPIANO,NO OFICIAL,CARTAGENA DE INDIAS,2022,15,333.1,69.3,65.5,64.9,63.6,76.1,92.1
313001008771,COL.  GIMN. MOMPIANO,NO OFICIAL,CARTAGENA DE INDIAS,2023,15,332.1,67.7,65.9,63.9,64.7,77.1,88.2
313001008771,COL.  GIMN. MOMPIANO,NO OFICIAL,CARTAGENA DE INDIAS,2024,14,333.6,65.8,67.6,65.6,63.4,80.0,88.0
313001008771,COL.  GIMN. MOMPIANO,NO OFICIAL,CARTAGENA DE INDIAS,2025,16,339.5,67.1,69.1,65.5,67.2,76.0,87.1
313001008933,INST. COLOMBO HOLANDES,NO OFICIAL,CARTAGENA DE INDIAS,2021,31,224.1,46.0,48.2,44.1,41.3,43.7,37.3
313001008933,INST. COLOMBO HOLANDES,NO OFICIAL,CARTAGENA DE INDIAS,2022,34,219.1,43.9,46.4,43.4,42.0,42.6,32.5
313001008933,INST. COLOMBO HOLANDES,NO OFICIAL,CARTAGENA DE INDIAS,2023,23,232.0,45.4,50.3,45.2,44.6,47.0,38.3
313001008933,INST. COLOMBO HOLANDES,NO OFICIAL,CARTAGENA DE INDIAS,2024,22,225.5,45.3,49.2,45.7,39.8,45.6,31.6
313001008933,INST. COLOMBO HOLANDES,NO OFICIAL,CARTAGENA DE INDIAS,2025,33,219.3,42.4,47.1,44.9,40.3,46.2,29.1
313001009204,INST. INTEGRAL NUEVA COLOMBIA (INST. INF.MI SONRISA),NO OFICIAL,CARTAGENA DE INDIAS,2021,32,236.4,45.5,52.7,46.0,45.8,44.8,44.2
313001009204,INST. INTEGRAL NUEVA COLOMBIA (INST. INF.MI SONRISA),NO OFICIAL,CARTAGENA DE INDIAS,2022,33,232.9,45.5,50.5,45.4,43.9,49.7,41.2
313001009204,INST. INTEGRAL NUEVA COLOMBIA (INST. INF.MI SONRISA),NO OFICIAL,CARTAGENA DE INDIAS,2023,37,233.6,45.0,50.2,46.7,44.6,48.0,38.1
313001009204,INST. INTEGRAL NUEVA COLOMBIA (INST. INF.MI SONRISA),NO OFICIAL,CARTAGENA DE INDIAS,2024,38,247.0,48.4,53.5,49.3,46.3,49.2,44.9
313001009204,INST. INTEGRAL NUEVA COLOMBIA (INST. INF.MI SONRISA),NO OFICIAL,CARTAGENA DE INDIAS,2025,38,235.0,46.4,49.9,46.9,43.7,50.4,36.8
313001009328,GIMN. MODERNO DE CARTAGENA,NO OFICIAL,CARTAGENA DE INDIAS,2021,25,298.7,59.8,61.4,56.4,59.6,64.6,79.4
313001009328,GIMN. MODERNO DE CARTAGENA,NO OFICIAL,CARTAGENA DE INDIAS,2022,14,315.1,67.5,61.1,61.0,60.7,68.4,84.1
313001009328,GIMN. MODERNO DE CARTAGENA,NO OFICIAL,CARTAGENA DE INDIAS,2023,34,306.3,62.9,61.3,61.1,58.1,66.2,76.9
313001009328,GIMN. MODERNO DE CARTAGENA,NO OFICIAL,CARTAGENA DE INDIAS,2024,23,327.0,62.9,67.7,64.7,64.2,71.8,84.3
313001009328,GIMN. MODERNO DE CARTAGENA,NO OFICIAL,CARTAGENA DE INDIAS,2025,31,309.5,62.1,63.2,60.9,60.0,67.2,77.5
313001009361,COL. MODELO DE LA COSTA,NO OFICIAL,CARTAGENA DE INDIAS,2021,16,290.3,57.9,59.4,56.4,57.1,62.6,73.6
313001009361,COL. MODELO DE LA COSTA,NO OFICIAL,CARTAGENA DE INDIAS,2022,35,287.1,56.5,58.0,57.0,57.5,59.9,71.0
313001009361,COL. MODELO DE LA COSTA,NO OFICIAL,CARTAGENA DE INDIAS,2023,20,277.1,54.8,56.7,52.8,57.2,56.6,63.6
313001009361,COL. MODELO DE LA COSTA,NO OFICIAL,CARTAGENA DE INDIAS,2024,24,304.4,59.5,61.4,58.8,63.4,62.0,75.4
313001009361,COL. MODELO DE LA COSTA,NO OFICIAL,CARTAGENA DE INDIAS,2025,19,308.4,60.1,62.5,57.5,65.1,66.1,75.9
313001012281,COL. SANTO TOMAS DE AQUINO,NO OFICIAL,CARTAGENA DE INDIAS,2021,14,297.9,60.8,59.4,59.4,57.1,64.6,80.1
313001012281,COL. SANTO TOMAS DE AQUINO,NO OFICIAL,CARTAGENA DE INDIAS,2022,22,311.4,63.9,62.7,60.4,59.1,71.3,81.7
313001012281,COL. SANTO TOMAS DE AQUINO,NO OFICIAL,CARTAGENA DE INDIAS,2023,22,311.4,61.8,64.1,59.9,60.7,69.9,80.4
313001012281,COL. SANTO TOMAS DE AQUINO,NO OFICIAL,CARTAGENA DE INDIAS,2024,34,318.0,63.3,65.0,62.7,62.3,67.1,82.1
313001012281,COL. SANTO TOMAS DE AQUINO,NO OFICIAL,CARTAGENA DE INDIAS,2025,16,301.1,60.6,61.3,59.5,57.4,66.7,74.2
313001012515,CORPORACION EDUCATIVA LA SAGRADA FAMILIA,NO OFICIAL,CARTAGENA DE INDIAS,2021,31,348.6,72.2,69.7,67.4,67.7,75.4,96.0
313001012515,CORPORACION EDUCATIVA LA SAGRADA FAMILIA,NO OFICIAL,CARTAGENA DE INDIAS,2022,20,345.4,73.1,69.2,65.2,66.5,75.7,95.1
313001012515,CORPORACION EDUCATIVA LA SAGRADA FAMILIA,NO OFICIAL,CARTAGENA DE INDIAS,2023,25,365.8,77.9,72.6,69.8,69.8,80.4,97.2
313001012515,CORPORACION EDUCATIVA LA SAGRADA FAMILIA,NO OFICIAL,CARTAGENA DE INDIAS,2024,34,359.1,76.3,70.7,69.2,69.2,77.1,96.5
313001012515,CORPORACION EDUCATIVA LA SAGRADA FAMILIA,NO OFICIAL,CARTAGENA DE INDIAS,2025,31,372.5,80.6,72.2,71.6,72.1,79.1,97.8
313001012744,INSTITUTO  SKINNER II   (ANT.-JARD. INF. SKINNER II),NO OFICIAL,CARTAGENA DE INDIAS,2021,46,212.0,41.5,46.3,43.2,38.5,42.9,28.8
313001012744,INSTITUTO  SKINNER II   (ANT.-JARD. INF. SKINNER II),NO OFICIAL,CARTAGENA DE INDIAS,2022,42,215.1,43.6,46.0,41.7,40.5,43.5,30.2
313001012744,INSTITUTO  SKINNER II   (ANT.-JARD. INF. SKINNER II),NO OFICIAL,CARTAGENA DE INDIAS,2023,39,217.8,43.5,46.5,43.5,40.6,43.9,28.2
313001012744,INSTITUTO  SKINNER II   (ANT.-JARD. INF. SKINNER II),NO OFICIAL,CARTAGENA DE INDIAS,2024,46,214.8,42.7,46.0,42.0,40.7,44.5,26.3
313001012744,INSTITUTO  SKINNER II   (ANT.-JARD. INF. SKINNER II),NO OFICIAL,CARTAGENA DE INDIAS,2025,40,210.3,41.4,45.8,41.3,39.0,44.4,23.0
313001012868,CORPORACION TECNICA INSTITUTO ROCHY,NO OFICIAL,CARTAGENA DE INDIAS,2021,32,218.1,42.8,48.0,42.6,40.8,44.3,33.7
313001012868,CORPORACION TECNICA INSTITUTO ROCHY,NO OFICIAL,CARTAGENA DE INDIAS,2022,23,233.2,45.1,49.7,48.0,44.0,46.2,40.9
313001012868,CORPORACION TECNICA INSTITUTO ROCHY,NO OFICIAL,CARTAGENA DE INDIAS,2023,25,213.7,44.3,45.3,43.7,37.4,43.7,26.2
313001012868,CORPORACION TECNICA INSTITUTO ROCHY,NO OFICIAL,CARTAGENA DE INDIAS,2024,17,227.3,44.1,51.1,42.2,44.2,46.8,32.4
313001012868,CORPORACION TECNICA INSTITUTO ROCHY,NO OFICIAL,CARTAGENA DE INDIAS,2025,31,240.6,47.9,51.2,47.2,45.9,49.6,41.1
313001012876,CORPORACION EDUCATIVA INSTITUTO GUADALUPE ,NO OFICIAL,CARTAGENA DE INDIAS,2021,25,263.1,52.8,55.9,50.8,49.6,57.5,63.5
313001012876,CORPORACION EDUCATIVA INSTITUTO GUADALUPE ,NO OFICIAL,CARTAGENA DE INDIAS,2022,19,273.8,51.5,59.1,53.2,54.8,56.1,63.1
313001012876,CORPORACION EDUCATIVA INSTITUTO GUADALUPE ,NO OFICIAL,CARTAGENA DE INDIAS,2023,25,298.7,59.9,62.8,56.8,58.1,63.6,72.8
313001012876,CORPORACION EDUCATIVA INSTITUTO GUADALUPE ,NO OFICIAL,CARTAGENA DE INDIAS,2024,20,275.8,54.6,58.8,55.1,50.2,61.0,61.0
313001012876,CORPORACION EDUCATIVA INSTITUTO GUADALUPE ,NO OFICIAL,CARTAGENA DE INDIAS,2025,41,298.2,60.6,61.0,58.1,56.1,68.1,71.8
313001012892,INST. DOCENTE DEL CARIBE,NO OFICIAL,CARTAGENA DE INDIAS,2021,75,253.2,49.9,54.3,48.5,49.7,50.9,54.7
313001012892,INST. DOCENTE DEL CARIBE,NO OFICIAL,CARTAGENA DE INDIAS,2022,76,253.3,49.7,54.4,50.0,48.0,52.2,51.7
313001012892,INST. DOCENTE DEL CARIBE,NO OFICIAL,CARTAGENA DE INDIAS,2023,94,266.9,52.8,56.5,51.4,52.1,55.5,57.6
313001012892,INST. DOCENTE DEL CARIBE,NO OFICIAL,CARTAGENA DE INDIAS,2024,89,262.8,53.0,55.2,50.7,50.9,53.5,52.8
313001012892,INST. DOCENTE DEL CARIBE,NO OFICIAL,CARTAGENA DE INDIAS,2025,93,253.7,51.0,52.7,49.8,47.8,55.4,47.4
313001013163,COLEGIO LA ENSEÑANZA,NO OFICIAL,CARTAGENA DE INDIAS,2021,51,239.1,46.2,51.0,47.5,45.8,51.4,50.1
313001013163,COLEGIO LA ENSEÑANZA,NO OFICIAL,CARTAGENA DE INDIAS,2022,41,242.0,44.7,53.0,46.8,47.4,53.8,47.9
313001013163,COLEGIO LA ENSEÑANZA,NO OFICIAL,CARTAGENA DE INDIAS,2023,30,234.5,44.5,51.0,44.6,45.7,53.2,40.8
313001013163,COLEGIO LA ENSEÑANZA,NO OFICIAL,CARTAGENA DE INDIAS,2024,32,238.1,44.5,52.5,45.8,45.7,53.7,40.2
313001013163,COLEGIO LA ENSEÑANZA,NO OFICIAL,CARTAGENA DE INDIAS,2025,44,241.4,47.0,52.1,46.2,45.9,56.9,45.4
313001013279,INSTITUTO SIGMUND FREUD,NO OFICIAL,CARTAGENA DE INDIAS,2021,61,277.3,54.8,58.9,53.8,53.7,57.6,67.8
313001013279,INSTITUTO SIGMUND FREUD,NO OFICIAL,CARTAGENA DE INDIAS,2022,39,261.2,50.1,58.1,50.1,49.0,57.5,57.3
313001013279,INSTITUTO SIGMUND FREUD,NO OFICIAL,CARTAGENA DE INDIAS,2023,50,286.6,55.9,59.8,56.9,56.3,58.4,68.1
313001013279,INSTITUTO SIGMUND FREUD,NO OFICIAL,CARTAGENA DE INDIAS,2024,57,291.6,58.8,60.8,56.9,55.7,61.6,69.1
313001013279,INSTITUTO SIGMUND FREUD,NO OFICIAL,CARTAGENA DE INDIAS,2025,43,290.3,57.8,60.3,56.9,56.4,61.0,69.5
313001013431,CORP INST PROGRESO SOCIAL (ANTES INST. MIXTO LOS PAYASITOS,NO OFICIAL,CARTAGENA DE INDIAS,2021,11,200.5,40.6,43.3,39.7,36.3,41.5,22.7
313001013431,CORP INST PROGRESO SOCIAL (ANTES INST. MIXTO LOS PAYASITOS,NO OFICIAL,CARTAGENA DE INDIAS,2022,21,219.0,43.0,48.3,42.7,40.8,45.3,32.6
313001013431,CORP INST PROGRESO SOCIAL (ANTES INST. MIXTO LOS PAYASITOS,NO OFICIAL,CARTAGENA DE INDIAS,2023,19,202.9,40.0,44.5,39.6,38.0,41.3,20.6
313001013431,CORP INST PROGRESO SOCIAL (ANTES INST. MIXTO LOS PAYASITOS,NO OFICIAL,CARTAGENA DE INDIAS,2024,30,194.7,36.0,42.7,39.6,36.6,41.6,16.6
313001013431,CORP INST PROGRESO SOCIAL (ANTES INST. MIXTO LOS PAYASITOS,NO OFICIAL,CARTAGENA DE INDIAS,2025,19,209.3,39.5,45.0,41.5,39.6,47.1,24.3
313001013571,CENT. EDUC. Y COMUNITARIO NELSON MANDELA,NO OFICIAL,CARTAGENA DE INDIAS,2021,25,264.8,53.2,56.2,51.0,50.2,56.6,60.7
313001013571,CENT. EDUC. Y COMUNITARIO NELSON MANDELA,NO OFICIAL,CARTAGENA DE INDIAS,2022,8,221.1,46.0,46.8,44.4,40.9,41.4,31.9
313001013571,CENT. EDUC. Y COMUNITARIO NELSON MANDELA,NO OFICIAL,CARTAGENA DE INDIAS,2024,1,172.0,29.0,33.0,36.0,36.0,45.0,4.0
313001013635,CENTRO EDUCATIVO INTEGRAL COLOMBIA CEICOL,NO OFICIAL,CARTAGENA DE INDIAS,2024,14,256.7,51.4,55.4,49.1,49.6,51.3,52.5
313001013635,CENTRO EDUCATIVO INTEGRAL COLOMBIA CEICOL,NO OFICIAL,CARTAGENA DE INDIAS,2025,4,263.2,54.5,56.5,50.8,47.5,61.0,61.7
313001013643,CORPORACIÓN CENTRO EDUCATIVO INTEGRAL EL RODEO,NO OFICIAL,CARTAGENA DE INDIAS,2021,68,207.3,41.5,45.3,41.0,38.4,40.3,26.6
313001013651,COLEGIO INTEGRAL DEL NORTE,NO OFICIAL,CARTAGENA DE INDIAS,2021,24,337.2,70.5,67.5,65.9,64.6,71.1,93.0
313001013651,COLEGIO INTEGRAL DEL NORTE,NO OFICIAL,CARTAGENA DE INDIAS,2022,30,345.2,72.1,69.4,67.0,65.9,74.2,92.8
313001013651,COLEGIO INTEGRAL DEL NORTE,NO OFICIAL,CARTAGENA DE INDIAS,2023,13,364.5,74.8,72.5,70.1,72.9,76.6,96.9
313001013651,COLEGIO INTEGRAL DEL NORTE,NO OFICIAL,CARTAGENA DE INDIAS,2024,28,377.6,77.2,73.4,76.4,73.7,79.9,98.1
313001013651,COLEGIO INTEGRAL DEL NORTE,NO OFICIAL,CARTAGENA DE INDIAS,2025,23,371.7,77.7,72.6,73.8,71.8,79.0,98.0
313001013783,CONC. ESCOLAR BERNARDO FOERGEN,NO OFICIAL,CARTAGENA DE INDIAS,2021,26,211.4,44.6,44.6,43.2,37.6,39.7,29.7
313001013783,CONC. ESCOLAR BERNARDO FOERGEN,NO OFICIAL,CARTAGENA DE INDIAS,2022,25,222.7,46.7,47.1,44.3,41.0,41.6,34.4
313001013783,CONC. ESCOLAR BERNARDO FOERGEN,NO OFICIAL,CARTAGENA DE INDIAS,2023,41,218.1,43.5,45.9,43.7,41.2,44.4,28.6
313001013783,CONC. ESCOLAR BERNARDO FOERGEN,NO OFICIAL,CARTAGENA DE INDIAS,2024,27,235.9,48.2,50.7,46.9,43.6,44.9,38.1
313001013783,CONC. ESCOLAR BERNARDO FOERGEN,NO OFICIAL,CARTAGENA DE INDIAS,2025,29,229.2,48.3,47.2,47.8,40.5,44.6,33.9
313001027059,CONC. ESCOLAR BERTHA SUTTNER,NO OFICIAL,CARTAGENA DE INDIAS,2021,68,217.2,43.8,46.9,43.2,40.8,40.6,32.9
313001027059,CONC. ESCOLAR BERTHA SUTTNER,NO OFICIAL,CARTAGENA DE INDIAS,2022,73,230.9,48.3,48.8,45.9,42.4,43.9,39.5
313001027059,CONC. ESCOLAR BERTHA SUTTNER,NO OFICIAL,CARTAGENA DE INDIAS,2023,64,239.1,49.1,51.3,47.2,43.8,47.0,41.4
313001027059,CONC. ESCOLAR BERTHA SUTTNER,NO OFICIAL,CARTAGENA DE INDIAS,2024,72,244.5,50.8,51.7,49.5,44.4,47.0,43.2
313001027059,CONC. ESCOLAR BERTHA SUTTNER,NO OFICIAL,CARTAGENA DE INDIAS,2025,73,240.2,51.0,51.3,47.9,42.0,48.1,39.4
313001027199,COL. SUE?OS Y OPORTUNIDADES JESUS MAESTRO,OFICIAL,CARTAGENA DE INDIAS,2021,92,249.9,53.0,52.7,49.8,45.4,47.1,52.8
313001027199,COL. SUE?OS Y OPORTUNIDADES JESUS MAESTRO,OFICIAL,CARTAGENA DE INDIAS,2022,96,248.9,52.7,53.9,49.3,43.8,47.8,49.8
313001027199,COL. SUE?OS Y OPORTUNIDADES JESUS MAESTRO,OFICIAL,CARTAGENA DE INDIAS,2023,79,260.0,55.0,53.4,51.6,48.1,51.5,53.8
313001027199,COL. SUE?OS Y OPORTUNIDADES JESUS MAESTRO,OFICIAL,CARTAGENA DE INDIAS,2024,120,246.6,51.1,52.8,48.9,44.5,49.3,44.0
313001027199,COL. SUE?OS Y OPORTUNIDADES JESUS MAESTRO,OFICIAL,CARTAGENA DE INDIAS,2025,109,249.7,51.4,52.8,49.9,45.5,50.0,45.3
313001027351,COL. SAN  RAFAEL  ARCANGEL,NO OFICIAL,CARTAGENA DE INDIAS,2021,28,237.4,47.8,51.5,46.0,44.7,47.5,46.6
313001027351,COL. SAN  RAFAEL  ARCANGEL,NO OFICIAL,CARTAGENA DE INDIAS,2022,23,249.7,49.5,53.2,48.4,47.2,54.3,50.5
313001027351,COL. SAN  RAFAEL  ARCANGEL,NO OFICIAL,CARTAGENA DE INDIAS,2023,25,236.9,47.7,49.7,46.2,45.7,48.2,40.2
313001027351,COL. SAN  RAFAEL  ARCANGEL,NO OFICIAL,CARTAGENA DE INDIAS,2024,24,250.3,49.3,54.2,47.4,47.2,57.0,47.7
313001027351,COL. SAN  RAFAEL  ARCANGEL,NO OFICIAL,CARTAGENA DE INDIAS,2025,25,259.4,50.9,56.1,50.4,49.3,55.1,53.6
313001028098,INSTITUCION EDUCATIVA LOS ANGELES,NO OFICIAL,CARTAGENA DE INDIAS,2021,15,241.2,46.9,51.8,46.2,46.3,53.7,46.7
313001028098,INSTITUCION EDUCATIVA LOS ANGELES,NO OFICIAL,CARTAGENA DE INDIAS,2022,6,263.2,50.8,53.0,51.8,51.3,63.0,56.7
313001028098,INSTITUCION EDUCATIVA LOS ANGELES,NO OFICIAL,CARTAGENA DE INDIAS,2023,7,269.0,49.4,59.7,47.9,56.3,59.3,59.3
313001028098,INSTITUCION EDUCATIVA LOS ANGELES,NO OFICIAL,CARTAGENA DE INDIAS,2024,5,260.6,51.8,53.4,51.8,51.6,52.4,53.2
313001028098,INSTITUCION EDUCATIVA LOS ANGELES,NO OFICIAL,CARTAGENA DE INDIAS,2025,8,252.8,49.0,52.6,51.6,45.8,59.8,47.1
313001028639,INST. CENTRAL DE COLOMBIA PARA ADULTOS  (513001004018),NO OFICIAL,CARTAGENA DE INDIAS,2021,35,232.1,44.9,51.2,44.7,44.2,48.4,41.3
313001028639,INST. CENTRAL DE COLOMBIA PARA ADULTOS  (513001004018),NO OFICIAL,CARTAGENA DE INDIAS,2022,91,232.7,44.9,50.9,44.2,45.1,49.7,34.2
313001028639,INST. CENTRAL DE COLOMBIA PARA ADULTOS  (513001004018),NO OFICIAL,CARTAGENA DE INDIAS,2023,88,231.0,44.4,50.0,44.6,44.5,50.1,35.3
313001028639,INST. CENTRAL DE COLOMBIA PARA ADULTOS  (513001004018),NO OFICIAL,CARTAGENA DE INDIAS,2024,119,228.9,43.0,51.1,43.6,44.4,48.9,31.6
313001028639,INST. CENTRAL DE COLOMBIA PARA ADULTOS  (513001004018),NO OFICIAL,CARTAGENA DE INDIAS,2025,114,229.6,44.4,50.0,44.5,44.1,48.0,31.5
313001028829,FUNDACION INSTITUCION EDUCATIVA FUNASER,NO OFICIAL,CARTAGENA DE INDIAS,2021,9,230.4,43.8,50.8,46.8,44.9,40.4,42.0
313001028829,FUNDACION INSTITUCION EDUCATIVA FUNASER,NO OFICIAL,CARTAGENA DE INDIAS,2022,16,202.7,38.8,44.8,38.8,40.6,38.3,22.4
313001028829,FUNDACION INSTITUCION EDUCATIVA FUNASER,NO OFICIAL,CARTAGENA DE INDIAS,2023,25,200.7,37.5,44.1,39.8,39.8,38.6,18.9
313001028829,FUNDACION INSTITUCION EDUCATIVA FUNASER,NO OFICIAL,CARTAGENA DE INDIAS,2024,15,230.4,43.5,50.6,45.7,44.3,46.6,36.3
313001028829,FUNDACION INSTITUCION EDUCATIVA FUNASER,NO OFICIAL,CARTAGENA DE INDIAS,2025,25,219.4,43.8,47.3,43.2,40.8,44.7,27.2
313001028843,COLEGIO JUAN PABLO II,NO OFICIAL,CARTAGENA DE INDIAS,2021,35,243.5,49.3,52.3,47.4,45.5,49.4,49.0
313001028843,COLEGIO JUAN PABLO II,NO OFICIAL,CARTAGENA DE INDIAS,2022,44,244.9,48.0,53.1,47.9,46.5,50.5,47.7
313001028843,COLEGIO JUAN PABLO II,NO OFICIAL,CARTAGENA DE INDIAS,2023,46,252.9,49.2,54.5,49.4,48.6,52.6,49.6
313001028843,COLEGIO JUAN PABLO II,NO OFICIAL,CARTAGENA DE INDIAS,2024,51,242.0,48.9,52.7,46.5,44.8,50.9,42.1
313001028843,COLEGIO JUAN PABLO II,NO OFICIAL,CARTAGENA DE INDIAS,2025,36,250.7,51.2,54.2,48.0,46.1,52.9,45.6
313001028868,COL. BILINGUE DE CARTAGENA,NO OFICIAL,CARTAGENA DE INDIAS,2021,27,299.7,54.9,65.3,56.3,58.8,73.6,81.0
313001028868,COL. BILINGUE DE CARTAGENA,NO OFICIAL,CARTAGENA DE INDIAS,2022,33,293.6,54.0,63.1,55.0,58.8,70.6,75.1
313001028868,COL. BILINGUE DE CARTAGENA,NO OFICIAL,CARTAGENA DE INDIAS,2023,22,322.8,62.3,66.0,62.9,63.9,74.2,87.0
313001028868,COL. BILINGUE DE CARTAGENA,NO OFICIAL,CARTAGENA DE INDIAS,2024,24,306.9,61.9,62.4,58.6,58.1,74.6,76.7
313001028868,COL. BILINGUE DE CARTAGENA,NO OFICIAL,CARTAGENA DE INDIAS,2025,26,317.1,61.7,64.3,62.2,61.7,74.7,79.3
313001028891,COLEGIO FERNANDO DE ARAGON DE CARTAGENA,NO OFICIAL,CARTAGENA DE INDIAS,2021,24,202.0,40.0,44.0,38.9,38.5,40.7,20.6
313001028891,COLEGIO FERNANDO DE ARAGON DE CARTAGENA,NO OFICIAL,CARTAGENA DE INDIAS,2022,107,210.3,40.3,46.4,41.1,40.2,42.7,23.9
313001028891,COLEGIO FERNANDO DE ARAGON DE CARTAGENA,NO OFICIAL,CARTAGENA DE INDIAS,2023,53,208.3,40.4,45.3,40.0,40.1,44.4,21.3
313001028891,COLEGIO FERNANDO DE ARAGON DE CARTAGENA,NO OFICIAL,CARTAGENA DE INDIAS,2024,42,198.5,38.3,44.2,38.4,37.3,41.0,16.5
313001028891,COLEGIO FERNANDO DE ARAGON DE CARTAGENA,NO OFICIAL,CARTAGENA DE INDIAS,2025,27,216.6,37.9,48.7,43.6,42.1,46.3,25.5
313001028985,COLEGIO DIOS ES AMOR -SEDE CARTAGENA,NO OFICIAL,CARTAGENA DE INDIAS,2021,25,229.0,45.4,52.1,43.2,42.6,45.4,41.2
313001028985,COLEGIO DIOS ES AMOR -SEDE CARTAGENA,NO OFICIAL,CARTAGENA DE INDIAS,2022,43,236.3,47.1,51.5,46.2,44.3,47.4,42.9
313001028985,COLEGIO DIOS ES AMOR -SEDE CARTAGENA,NO OFICIAL,CARTAGENA DE INDIAS,2023,39,247.6,47.6,54.9,48.3,47.2,49.8,46.3
313001028985,COLEGIO DIOS ES AMOR -SEDE CARTAGENA,NO OFICIAL,CARTAGENA DE INDIAS,2024,83,234.8,45.2,50.8,46.9,45.1,46.2,37.9
313001028985,COLEGIO DIOS ES AMOR -SEDE CARTAGENA,NO OFICIAL,CARTAGENA DE INDIAS,2025,75,240.3,46.1,52.4,46.8,46.7,48.9,39.4
313001029108,COLEGIO DE BACHILLERATO DEL LITORAL  CODEBOL LTDA,NO OFICIAL,CARTAGENA DE INDIAS,2021,24,211.5,41.5,46.1,39.8,41.0,44.5,29.6
313001029108,COLEGIO DE BACHILLERATO DEL LITORAL  CODEBOL LTDA,NO OFICIAL,CARTAGENA DE INDIAS,2022,13,212.4,39.0,47.0,40.9,42.1,45.1,28.6
313001029108,COLEGIO DE BACHILLERATO DEL LITORAL  CODEBOL LTDA,NO OFICIAL,CARTAGENA DE INDIAS,2023,12,219.3,41.6,47.0,41.7,42.0,53.6,30.2
313001029108,COLEGIO DE BACHILLERATO DEL LITORAL  CODEBOL LTDA,NO OFICIAL,CARTAGENA DE INDIAS,2024,21,211.5,39.9,48.6,40.3,39.7,44.3,24.0
313001029108,COLEGIO DE BACHILLERATO DEL LITORAL  CODEBOL LTDA,NO OFICIAL,CARTAGENA DE INDIAS,2025,17,229.3,45.6,49.8,44.1,43.2,47.4,33.8
313001029116,INSTITUCION EDUC COMUNITARIA LIRIO DE LOS VALLES,NO OFICIAL,CARTAGENA DE INDIAS,2022,19,203.0,40.5,43.9,40.4,38.8,37.1,22.9
313001029116,INSTITUCION EDUC COMUNITARIA LIRIO DE LOS VALLES,NO OFICIAL,CARTAGENA DE INDIAS,2023,16,216.8,41.9,47.2,43.1,41.2,42.9,29.1
313001029116,INSTITUCION EDUC COMUNITARIA LIRIO DE LOS VALLES,NO OFICIAL,CARTAGENA DE INDIAS,2024,12,206.6,40.2,45.2,43.3,36.5,41.8,21.4
313001029116,INSTITUCION EDUC COMUNITARIA LIRIO DE LOS VALLES,NO OFICIAL,CARTAGENA DE INDIAS,2025,21,254.2,54.8,50.5,52.0,44.9,54.0,48.2
313001029264,UNIVERSIDAD NACIONAL ABIERTA Y A DISTANCIA  UNAD,OFICIAL,CARTAGENA DE INDIAS,2024,2,253.5,49.0,53.0,50.5,49.0,55.0,48.5
313001029264,UNIVERSIDAD NACIONAL ABIERTA Y A DISTANCIA  UNAD,OFICIAL,CARTAGENA DE INDIAS,2025,17,185.4,34.0,40.9,39.5,34.8,34.5,14.4
313001029337,COLEGIO GORETTI,NO OFICIAL,CARTAGENA DE INDIAS,2021,24,269.7,51.2,59.3,52.7,51.7,56.5,65.9
313001029337,COLEGIO GORETTI,NO OFICIAL,CARTAGENA DE INDIAS,2022,25,294.4,59.6,62.4,56.1,56.3,62.1,74.8
313001029337,COLEGIO GORETTI,NO OFICIAL,CARTAGENA DE INDIAS,2023,29,289.2,57.4,60.1,55.7,56.2,64.5,71.0
313001029337,COLEGIO GORETTI,NO OFICIAL,CARTAGENA DE INDIAS,2024,32,270.7,54.4,57.0,53.8,50.1,59.0,60.8
313001029337,COLEGIO GORETTI,NO OFICIAL,CARTAGENA DE INDIAS,2025,26,283.6,54.6,58.5,58.5,53.5,63.1,66.3
313001029353,CORPORACION BEVERLY HILLS,NO OFICIAL,CARTAGENA DE INDIAS,2021,11,311.2,61.5,64.2,60.5,60.1,69.7,84.4
313001029353,CORPORACION BEVERLY HILLS,NO OFICIAL,CARTAGENA DE INDIAS,2022,40,313.4,61.1,64.3,59.9,63.0,70.2,83.5
313001029353,CORPORACION BEVERLY HILLS,NO OFICIAL,CARTAGENA DE INDIAS,2023,26,299.5,61.0,61.7,57.1,56.8,68.9,74.5
313001029353,CORPORACION BEVERLY HILLS,NO OFICIAL,CARTAGENA DE INDIAS,2024,32,300.2,60.1,62.5,57.1,57.1,70.0,73.1
313001029353,CORPORACION BEVERLY HILLS,NO OFICIAL,CARTAGENA DE INDIAS,2025,23,310.3,61.6,63.6,59.0,60.8,71.8,77.0
313001029396,INSTITUCION EDUCATIVA CLEMENTE MANUEL ZABAL,OFICIAL,CARTAGENA DE INDIAS,2021,131,204.8,41.6,44.1,40.5,37.8,40.1,25.3
313001029396,INSTITUCION EDUCATIVA CLEMENTE MANUEL ZABAL,OFICIAL,CARTAGENA DE INDIAS,2022,157,198.7,39.5,42.2,40.6,36.8,39.4,20.5
313001029396,INSTITUCION EDUCATIVA CLEMENTE MANUEL ZABAL,OFICIAL,CARTAGENA DE INDIAS,2023,178,206.6,40.5,44.3,40.9,39.3,42.4,22.5
313001029396,INSTITUCION EDUCATIVA CLEMENTE MANUEL ZABAL,OFICIAL,CARTAGENA DE INDIAS,2024,150,212.7,42.1,45.9,42.7,39.4,42.9,24.7
313001029396,INSTITUCION EDUCATIVA CLEMENTE MANUEL ZABAL,OFICIAL,CARTAGENA DE INDIAS,2025,106,220.5,43.7,48.9,43.9,39.8,44.2,28.6
313001029523,GIMNASIO BILINGÜE ALTAMAR DE CARTAGENA,NO OFICIAL,CARTAGENA DE INDIAS,2021,30,286.5,55.9,59.9,54.7,54.9,68.9,71.0
313001029523,GIMNASIO BILINGÜE ALTAMAR DE CARTAGENA,NO OFICIAL,CARTAGENA DE INDIAS,2022,52,305.5,58.8,63.0,60.5,58.4,74.8,81.4
313001029523,GIMNASIO BILINGÜE ALTAMAR DE CARTAGENA,NO OFICIAL,CARTAGENA DE INDIAS,2023,48,327.0,63.5,66.4,65.4,62.9,76.1,87.1
313001029523,GIMNASIO BILINGÜE ALTAMAR DE CARTAGENA,NO OFICIAL,CARTAGENA DE INDIAS,2024,47,326.4,63.1,65.7,65.2,62.4,79.5,85.5
313001029523,GIMNASIO BILINGÜE ALTAMAR DE CARTAGENA,NO OFICIAL,CARTAGENA DE INDIAS,2025,42,341.4,70.8,68.6,67.5,63.9,78.8,92.2
313001029671,INSTITUTO EDUCATIVO MUNDO HACIA EL FUTURO,NO OFICIAL,CARTAGENA DE INDIAS,2024,11,246.6,47.9,51.8,47.5,48.5,55.9,47.2
313001029671,INSTITUTO EDUCATIVO MUNDO HACIA EL FUTURO,NO OFICIAL,CARTAGENA DE INDIAS,2025,16,253.6,48.7,53.6,48.7,49.6,57.5,47.9
313001029680,CENTRO EDUCATIVO INTEGRAL MODERNO,NO OFICIAL,CARTAGENA DE INDIAS,2021,15,263.5,54.3,55.1,51.0,49.5,55.3,60.3
313001029680,CENTRO EDUCATIVO INTEGRAL MODERNO,NO OFICIAL,CARTAGENA DE INDIAS,2022,12,270.2,52.8,59.0,51.8,52.3,54.4,61.6
313001029680,CENTRO EDUCATIVO INTEGRAL MODERNO,NO OFICIAL,CARTAGENA DE INDIAS,2023,29,277.7,53.7,58.4,55.3,53.6,58.5,63.7
313001029680,CENTRO EDUCATIVO INTEGRAL MODERNO,NO OFICIAL,CARTAGENA DE INDIAS,2024,23,276.2,57.2,58.3,54.3,50.1,58.2,62.0
313001029680,CENTRO EDUCATIVO INTEGRAL MODERNO,NO OFICIAL,CARTAGENA DE INDIAS,2025,21,274.7,55.2,59.0,53.7,52.9,52.0,58.2
313001029868,INSTITUTO EDUCATIVO TECNOCIENCIAS REGIÓN CARIBE,NO OFICIAL,CARTAGENA DE INDIAS,2021,39,225.4,44.3,49.5,44.6,40.9,47.6,38.2
313001029868,INSTITUTO EDUCATIVO TECNOCIENCIAS REGIÓN CARIBE,NO OFICIAL,CARTAGENA DE INDIAS,2022,59,216.9,42.3,47.9,42.3,40.1,45.9,31.5
313001029868,INSTITUTO EDUCATIVO TECNOCIENCIAS REGIÓN CARIBE,NO OFICIAL,CARTAGENA DE INDIAS,2023,57,222.6,41.8,49.8,43.6,42.4,46.4,31.9
313001029868,INSTITUTO EDUCATIVO TECNOCIENCIAS REGIÓN CARIBE,NO OFICIAL,CARTAGENA DE INDIAS,2024,57,227.1,44.2,49.6,44.5,42.7,47.1,34.3
313001029868,INSTITUTO EDUCATIVO TECNOCIENCIAS REGIÓN CARIBE,NO OFICIAL,CARTAGENA DE INDIAS,2025,70,218.3,43.0,47.3,43.1,40.5,45.9,27.6
313001029931,COLEGIO MANOS CREATIVAS,NO OFICIAL,CARTAGENA DE INDIAS,2022,10,208.7,43.7,42.3,44.2,37.0,41.2,26.2
313001029931,COLEGIO MANOS CREATIVAS,NO OFICIAL,CARTAGENA DE INDIAS,2023,7,196.4,39.3,44.7,35.0,36.6,44.0,15.6
313001029931,COLEGIO MANOS CREATIVAS,NO OFICIAL,CARTAGENA DE INDIAS,2024,15,211.7,41.3,43.9,42.3,41.1,44.7,26.7
313001029931,COLEGIO MANOS CREATIVAS,NO OFICIAL,CARTAGENA DE INDIAS,2025,13,196.1,36.5,43.1,40.5,35.2,43.5,16.7
313001029981,COLEGIO JOSÉ MARÍA GARCÍA TOLEDO,NO OFICIAL,CARTAGENA DE INDIAS,2021,18,239.9,48.2,51.5,47.2,45.5,46.5,46.7
313001029981,COLEGIO JOSÉ MARÍA GARCÍA TOLEDO,NO OFICIAL,CARTAGENA DE INDIAS,2022,17,214.2,44.1,45.1,43.9,37.4,45.5,28.3
313001029981,COLEGIO JOSÉ MARÍA GARCÍA TOLEDO,NO OFICIAL,CARTAGENA DE INDIAS,2023,27,241.7,47.4,49.7,50.1,45.9,50.8,46.0
313001029981,COLEGIO JOSÉ MARÍA GARCÍA TOLEDO,NO OFICIAL,CARTAGENA DE INDIAS,2024,19,238.2,47.1,51.6,47.7,43.5,49.9,40.4
313001029981,COLEGIO JOSÉ MARÍA GARCÍA TOLEDO,NO OFICIAL,CARTAGENA DE INDIAS,2025,11,240.8,48.1,52.7,46.7,43.3,53.6,40.7
313001030025,GIMNASIO AMERICANO HOWARD GARDNER,NO OFICIAL,CARTAGENA DE INDIAS,2023,10,289.2,55.3,61.5,54.7,54.9,72.3,68.7
313001030025,GIMNASIO AMERICANO HOWARD GARDNER,NO OFICIAL,CARTAGENA DE INDIAS,2024,11,289.4,57.3,62.0,54.9,53.3,69.9,66.6
313001030025,GIMNASIO AMERICANO HOWARD GARDNER,NO OFICIAL,CARTAGENA DE INDIAS,2025,20,293.7,58.9,60.5,55.8,56.7,67.6,69.2
313001800017,CORPORACION EDUCATIVA JOSEPH WILSON SWAN,NO OFICIAL,CARTAGENA DE INDIAS,2021,31,203.6,38.5,44.9,40.3,39.6,39.2,18.4
313001800017,CORPORACION EDUCATIVA JOSEPH WILSON SWAN,NO OFICIAL,CARTAGENA DE INDIAS,2022,79,212.0,42.2,46.1,41.9,39.6,41.6,21.4
313001800017,CORPORACION EDUCATIVA JOSEPH WILSON SWAN,NO OFICIAL,CARTAGENA DE INDIAS,2023,36,210.6,41.2,45.9,40.8,40.2,43.1,20.9
313001800017,CORPORACION EDUCATIVA JOSEPH WILSON SWAN,NO OFICIAL,CARTAGENA DE INDIAS,2024,32,220.1,40.8,48.5,44.2,41.8,46.2,25.2
313001800017,CORPORACION EDUCATIVA JOSEPH WILSON SWAN,NO OFICIAL,CARTAGENA DE INDIAS,2025,38,213.2,41.5,47.0,41.1,39.8,46.1,21.1
313001800051,CORPORACION EDUCATIVA INTERNACIONAL Y LABORAL CORPOINSTEL,NO OFICIAL,CARTAGENA DE INDIAS,2024,25,210.5,42.9,45.4,41.6,38.1,43.2,23.7
313001800051,CORPORACION EDUCATIVA INTERNACIONAL Y LABORAL CORPOINSTEL,NO OFICIAL,CARTAGENA DE INDIAS,2025,56,192.5,37.1,42.2,37.7,36.0,41.9,14.7
313001800068,CORPORACION BERAKAH ACADEMY SCHOOL,NO OFICIAL,CARTAGENA DE INDIAS,2025,8,289.5,57.5,60.2,56.8,56.5,59.5,68.6
313001800076,COLEGIO PABLO HOFF - SEDE PRINCIPAL,NO OFICIAL,CARTAGENA DE INDIAS,2022,11,307.3,59.1,64.8,60.0,60.5,65.5,60.3
313001800076,COLEGIO PABLO HOFF - SEDE PRINCIPAL,NO OFICIAL,CARTAGENA DE INDIAS,2023,6,290.7,57.7,59.2,54.7,56.8,74.8,55.6
313001800076,COLEGIO PABLO HOFF - SEDE PRINCIPAL,NO OFICIAL,CARTAGENA DE INDIAS,2024,6,298.2,56.3,61.7,58.3,59.7,71.6,63.2
313001800076,COLEGIO PABLO HOFF - SEDE PRINCIPAL,NO OFICIAL,CARTAGENA DE INDIAS,2025,10,289.5,56.5,62.2,56.0,54.7,69.5,60.0
313001800092,COLEGIO BEN AVID,NO OFICIAL,CARTAGENA DE INDIAS,2023,125,216.9,43.0,46.8,42.3,40.7,45.7,24.0
313001800092,COLEGIO BEN AVID,NO OFICIAL,CARTAGENA DE INDIAS,2024,74,215.5,41.3,46.4,42.9,41.0,45.4,24.4
313001800092,COLEGIO BEN AVID,NO OFICIAL,CARTAGENA DE INDIAS,2025,79,210.9,41.6,46.3,40.8,39.3,44.4,23.5
313001800149,INSTITUTO CARL ROS,NO OFICIAL,CARTAGENA DE INDIAS,2022,3,193.7,35.3,43.0,40.7,36.7,35.7,16.0
313001800149,INSTITUTO CARL ROS,NO OFICIAL,CARTAGENA DE INDIAS,2023,6,229.3,49.8,51.2,42.8,40.5,42.8,34.7
313001800149,INSTITUTO CARL ROS,NO OFICIAL,CARTAGENA DE INDIAS,2024,4,221.5,48.5,51.5,41.5,35.2,45.8,27.8
313001800149,INSTITUTO CARL ROS,NO OFICIAL,CARTAGENA DE INDIAS,2025,7,204.4,40.9,45.1,39.3,38.1,41.3,18.0
313001800254,GIMNASIO INTERNATIONAL SCHOOL CARTAGENA (HUELLITAS INTERNATIONAL SCHOOL),NO OFICIAL,CARTAGENA DE INDIAS,2024,4,283.5,56.8,61.2,53.2,53.0,64.0,64.5
313001800254,GIMNASIO INTERNATIONAL SCHOOL CARTAGENA (HUELLITAS INTERNATIONAL SCHOOL),NO OFICIAL,CARTAGENA DE INDIAS,2025,15,261.7,51.9,55.5,50.2,50.0,57.8,51.6
313001800459,CENTRO DE APRENDIZAJE DESPERTANDO TALENTOS,NO OFICIAL,CARTAGENA DE INDIAS,2024,3,224.3,44.7,51.0,44.0,38.7,48.0,32.0
313001800459,CENTRO DE APRENDIZAJE DESPERTANDO TALENTOS,NO OFICIAL,CARTAGENA DE INDIAS,2025,1,186.0,34.0,37.0,38.0,40.0,36.0,8.0
313001800467,CENTRO EDUCATIVO AMOR A COLOMBIA,NO OFICIAL,CARTAGENA DE INDIAS,2021,19,196.2,39.0,41.9,38.4,37.1,40.7,21.1
313001800467,CENTRO EDUCATIVO AMOR A COLOMBIA,NO OFICIAL,CARTAGENA DE INDIAS,2022,29,216.9,42.0,47.3,42.6,41.6,43.6,31.4
313001800467,CENTRO EDUCATIVO AMOR A COLOMBIA,NO OFICIAL,CARTAGENA DE INDIAS,2023,26,204.8,39.1,45.6,42.0,36.0,44.5,21.4
313001800467,CENTRO EDUCATIVO AMOR A COLOMBIA,NO OFICIAL,CARTAGENA DE INDIAS,2024,42,202.4,39.9,44.1,40.8,36.5,42.3,21.0
313001800467,CENTRO EDUCATIVO AMOR A COLOMBIA,NO OFICIAL,CARTAGENA DE INDIAS,2025,45,209.8,40.9,47.2,41.8,37.7,42.9,23.4
313001800521,CENTRO DE DESARROLLO INTEGRAL MANITOS CREATIVAS,NO OFICIAL,CARTAGENA DE INDIAS,2023,2,166.5,33.5,32.0,37.0,29.0,41.0,1.0
313001800521,CENTRO DE DESARROLLO INTEGRAL MANITOS CREATIVAS,NO OFICIAL,CARTAGENA DE INDIAS,2024,4,198.5,30.0,48.0,40.8,39.0,47.7,28.3
313001800521,CENTRO DE DESARROLLO INTEGRAL MANITOS CREATIVAS,NO OFICIAL,CARTAGENA DE INDIAS,2025,1,227.0,33.0,47.0,43.0,50.0,70.0,30.0
313001800599,INSTITUTO CRISTOCENTRICO DEL CARIBE,NO OFICIAL,CARTAGENA DE INDIAS,2021,20,258.4,49.4,55.7,48.6,52.2,55.9,62.4
313001800599,INSTITUTO CRISTOCENTRICO DEL CARIBE,NO OFICIAL,CARTAGENA DE INDIAS,2022,10,273.1,53.2,56.8,52.8,54.8,56.9,63.8
313001800599,INSTITUTO CRISTOCENTRICO DEL CARIBE,NO OFICIAL,CARTAGENA DE INDIAS,2023,9,265.4,50.9,54.6,52.8,54.4,51.9,58.3
313001800599,INSTITUTO CRISTOCENTRICO DEL CARIBE,NO OFICIAL,CARTAGENA DE INDIAS,2024,14,259.9,51.0,56.9,51.2,48.7,52.2,54.6
313001800599,INSTITUTO CRISTOCENTRICO DEL CARIBE,NO OFICIAL,CARTAGENA DE INDIAS,2025,19,281.1,56.5,58.6,54.5,54.2,60.6,64.9
313001800637,COLEGIO SAN JOSE DE LOS CAMPANOS,NO OFICIAL,CARTAGENA DE INDIAS,2022,13,234.8,43.9,53.9,44.9,45.8,45.2,40.8
313001800637,COLEGIO SAN JOSE DE LOS CAMPANOS,NO OFICIAL,CARTAGENA DE INDIAS,2023,24,240.0,48.0,50.9,46.7,46.4,47.8,42.7
313001800637,COLEGIO SAN JOSE DE LOS CAMPANOS,NO OFICIAL,CARTAGENA DE INDIAS,2024,21,232.7,47.2,49.0,46.1,43.9,46.4,36.6
313001800637,COLEGIO SAN JOSE DE LOS CAMPANOS,NO OFICIAL,CARTAGENA DE INDIAS,2025,24,250.5,48.9,53.5,48.8,48.0,53.8,46.3
313001800751,COLEGIO HUMANISTA FRANCESCO PETRARCA,NO OFICIAL,CARTAGENA DE INDIAS,2021,25,188.0,37.2,41.6,37.2,34.2,38.2,16.2
313001800751,COLEGIO HUMANISTA FRANCESCO PETRARCA,NO OFICIAL,CARTAGENA DE INDIAS,2022,29,193.3,36.2,42.5,38.6,37.0,39.7,16.7
313001800751,COLEGIO HUMANISTA FRANCESCO PETRARCA,NO OFICIAL,CARTAGENA DE INDIAS,2023,20,190.0,35.6,41.8,38.0,36.4,38.6,12.8
313001800751,COLEGIO HUMANISTA FRANCESCO PETRARCA,NO OFICIAL,CARTAGENA DE INDIAS,2024,23,211.1,42.3,45.0,40.7,41.1,40.6,19.9
313001800751,COLEGIO HUMANISTA FRANCESCO PETRARCA,NO OFICIAL,CARTAGENA DE INDIAS,2025,18,198.1,37.2,44.9,39.4,37.0,39.4,14.8
313001800891,INSTITUTO EDUCATIVO JEAN PIAGET S.A.S,NO OFICIAL,CARTAGENA DE INDIAS,2025,21,240.3,44.9,52.5,48.1,44.5,54.9,39.5
313052000309,INSTITUCIÓN EDUCATIVA DOMINGO TARRA GUARDO,OFICIAL,ARJONA,2021,45,207.2,42.0,44.6,40.5,39.2,39.7,26.8
313052000309,INSTITUCIÓN EDUCATIVA DOMINGO TARRA GUARDO,OFICIAL,ARJONA,2022,36,210.2,42.1,45.0,42.8,39.0,39.8,27.2
313052000309,INSTITUCIÓN EDUCATIVA DOMINGO TARRA GUARDO,OFICIAL,ARJONA,2023,43,207.5,39.6,45.0,41.7,39.7,41.2,22.7
313052000309,INSTITUCIÓN EDUCATIVA DOMINGO TARRA GUARDO,OFICIAL,ARJONA,2024,26,220.2,43.2,47.6,44.8,41.3,41.8,30.0
313052000309,INSTITUCIÓN EDUCATIVA DOMINGO TARRA GUARDO,OFICIAL,ARJONA,2025,33,214.8,44.4,45.7,43.4,37.4,45.9,26.8
313052000376,LICEO PATERNINA,NO OFICIAL,ARJONA,2021,33,277.2,55.5,59.1,52.4,54.8,55.6,67.1
313052000376,LICEO PATERNINA,NO OFICIAL,ARJONA,2022,34,275.7,56.4,58.5,53.2,52.9,54.2,66.4
313052000376,LICEO PATERNINA,NO OFICIAL,ARJONA,2023,39,274.1,55.9,55.8,53.7,54.2,53.9,60.8
313052000376,LICEO PATERNINA,NO OFICIAL,ARJONA,2024,36,255.5,53.0,53.1,51.6,47.0,50.2,49.1
313052000376,LICEO PATERNINA,NO OFICIAL,ARJONA,2025,49,277.3,56.2,56.4,55.9,53.2,55.9,61.4
313052000384,CONCENTRACION EDUCATIVA CAROLINA GAMERO PEREZ,NO OFICIAL,ARJONA,2021,13,232.6,49.8,49.6,44.4,44.2,40.8,42.5
313052000384,CONCENTRACION EDUCATIVA CAROLINA GAMERO PEREZ,NO OFICIAL,ARJONA,2022,9,297.8,60.2,62.6,57.0,58.9,58.4,78.8
313052000384,CONCENTRACION EDUCATIVA CAROLINA GAMERO PEREZ,NO OFICIAL,ARJONA,2023,9,263.1,53.1,55.9,51.4,52.1,46.1,56.1
313052000384,CONCENTRACION EDUCATIVA CAROLINA GAMERO PEREZ,NO OFICIAL,ARJONA,2024,11,287.3,62.5,56.6,56.7,54.9,54.8,67.4
313052000384,CONCENTRACION EDUCATIVA CAROLINA GAMERO PEREZ,NO OFICIAL,ARJONA,2025,13,293.8,61.8,60.4,56.3,58.2,53.6,70.0
313052000392,INSTITUTO BOLIVARIANO (ANTIGUO MIS PRIMERAS LUCES),NO OFICIAL,ARJONA,2021,36,297.2,62.1,62.1,56.7,57.3,58.3,76.3
313052000392,INSTITUTO BOLIVARIANO (ANTIGUO MIS PRIMERAS LUCES),NO OFICIAL,ARJONA,2022,28,295.6,59.7,63.0,57.2,55.4,62.8,74.4
313052000392,INSTITUTO BOLIVARIANO (ANTIGUO MIS PRIMERAS LUCES),NO OFICIAL,ARJONA,2023,49,310.9,65.4,63.1,61.3,58.6,62.8,80.2
313052000392,INSTITUTO BOLIVARIANO (ANTIGUO MIS PRIMERAS LUCES),NO OFICIAL,ARJONA,2024,30,328.1,68.4,67.4,65.1,61.9,65.0,84.4
313052000392,INSTITUTO BOLIVARIANO (ANTIGUO MIS PRIMERAS LUCES),NO OFICIAL,ARJONA,2025,41,340.5,71.6,67.4,67.2,65.2,71.6,90.6
313052000741,CONCEBIR,NO OFICIAL,ARJONA,2021,3,168.7,33.3,38.7,37.3,25.7,34.0,7.0
313052000741,CONCEBIR,NO OFICIAL,ARJONA,2022,6,201.2,37.3,41.0,43.2,39.8,42.0,31.8
313052000741,CONCEBIR,NO OFICIAL,ARJONA,2023,1,221.0,48.0,47.0,41.0,41.0,43.0,28.0
313052000741,CONCEBIR,NO OFICIAL,ARJONA,2024,4,205.5,41.2,43.8,40.5,40.5,35.2,18.5
313052000741,CONCEBIR,NO OFICIAL,ARJONA,2025,2,228.0,47.5,45.0,46.0,42.0,51.0,31.5
313052000767,ESC. MARIA EUGENIA VELANDIA SUAREZ,NO OFICIAL,ARJONA,2023,30,217.7,42.9,47.3,43.8,41.2,40.2,27.9
313052000767,ESC. MARIA EUGENIA VELANDIA SUAREZ,NO OFICIAL,ARJONA,2024,37,210.0,40.6,45.7,41.4,40.9,40.0,22.8
313052800003,ALPES MAGIC SCHOOL - SEDE PRINCIPAL,NO OFICIAL,ARJONA,2025,4,213.0,46.8,46.2,39.5,39.8,37.5,24.8
313052800011,NUEVO ALPES SCHOOL,NO OFICIAL,ARJONA,2022,19,256.2,52.1,53.6,50.5,49.3,49.6,54.4
313052800011,NUEVO ALPES SCHOOL,NO OFICIAL,ARJONA,2023,23,248.9,49.5,52.7,46.7,49.4,51.7,47.8
313052800011,NUEVO ALPES SCHOOL,NO OFICIAL,ARJONA,2024,18,257.8,51.5,54.2,50.2,49.0,55.5,51.4
313052800011,NUEVO ALPES SCHOOL,NO OFICIAL,ARJONA,2025,16,255.1,54.3,51.2,51.4,46.6,53.1,48.2
313052800020,CENTRO EDUCATIVO INTEGRAL SCHOOL,NO OFICIAL,ARJONA,2025,1,242.0,47.0,49.0,49.0,44.0,62.0,40.0
313052800054,CENTRO EDUCATIVO LICEO MI NUEVA ESPERANZA,NO OFICIAL,ARJONA,2021,7,181.4,34.0,38.9,38.3,33.3,38.3,11.4
313052800054,CENTRO EDUCATIVO LICEO MI NUEVA ESPERANZA,NO OFICIAL,ARJONA,2022,1,278.0,53.0,64.0,52.0,58.0,42.0,70.0
313052800054,CENTRO EDUCATIVO LICEO MI NUEVA ESPERANZA,NO OFICIAL,ARJONA,2023,5,207.2,41.0,42.8,41.2,40.4,42.6,23.4
313052800054,CENTRO EDUCATIVO LICEO MI NUEVA ESPERANZA,NO OFICIAL,ARJONA,2024,3,211.3,43.3,42.3,41.3,42.0,42.7,24.3
313052800054,CENTRO EDUCATIVO LICEO MI NUEVA ESPERANZA,NO OFICIAL,ARJONA,2025,4,161.8,30.0,35.0,34.0,29.5,35.2,2.8
313052800089,INSTITUTO ANDINOAMERICANO,NO OFICIAL,ARJONA,2021,63,216.3,41.8,46.5,41.9,43.1,42.5,32.5
313052800089,INSTITUTO ANDINOAMERICANO,NO OFICIAL,ARJONA,2022,14,250.1,46.0,52.3,49.8,52.9,47.5,50.6
313052800089,INSTITUTO ANDINOAMERICANO,NO OFICIAL,ARJONA,2023,1,221.0,46.0,51.0,45.0,36.0,41.0,29.0
313052800089,INSTITUTO ANDINOAMERICANO,NO OFICIAL,ARJONA,2025,7,223.1,42.0,49.7,44.4,42.9,43.0,26.4
313052800101,INSTITUCION EDUCATIVA CORPOIDEAR DE LA MANO DE LOS NIÑOS Y NIÑAS,NO OFICIAL,ARJONA,2024,25,189.2,35.6,42.9,37.4,34.9,39.6,12.6
313052800101,INSTITUCION EDUCATIVA CORPOIDEAR DE LA MANO DE LOS NIÑOS Y NIÑAS,NO OFICIAL,ARJONA,2025,40,196.7,36.5,44.6,40.2,35.4,41.2,16.1
313052800144,COLEGIO INTERNACIONAL LOS ANDES,NO OFICIAL,ARJONA,2025,99,220.8,43.2,47.8,43.2,41.5,47.0,29.1
313074000019,INSTITUCIÓN EDUCATIVA TÉCNICA AGROPECUARIA JULIO RAMÓN FACIOLINCE,OFICIAL,BARRANCO DE LOBA,2021,95,218.2,44.4,47.9,41.9,41.9,38.7,33.5
313074000019,INSTITUCIÓN EDUCATIVA TÉCNICA AGROPECUARIA JULIO RAMÓN FACIOLINCE,OFICIAL,BARRANCO DE LOBA,2022,62,215.8,42.2,46.9,43.6,41.3,38.8,30.5
313074000019,INSTITUCIÓN EDUCATIVA TÉCNICA AGROPECUARIA JULIO RAMÓN FACIOLINCE,OFICIAL,BARRANCO DE LOBA,2023,65,215.4,44.0,46.1,41.5,41.5,40.8,26.8
313074000019,INSTITUCIÓN EDUCATIVA TÉCNICA AGROPECUARIA JULIO RAMÓN FACIOLINCE,OFICIAL,BARRANCO DE LOBA,2024,79,241.1,48.5,51.5,47.4,46.5,45.2,41.2
313074000019,INSTITUCIÓN EDUCATIVA TÉCNICA AGROPECUARIA JULIO RAMÓN FACIOLINCE,OFICIAL,BARRANCO DE LOBA,2025,66,245.8,51.5,52.2,49.6,44.7,45.4,43.2
313212000131,INSTITUCIÓN EDUCATIVA OSWALDO OCHOA BECERRA,OFICIAL,CÓRDOBA,2021,42,225.4,44.7,47.5,45.6,43.3,42.4,37.3
313212000131,INSTITUCIÓN EDUCATIVA OSWALDO OCHOA BECERRA,OFICIAL,CÓRDOBA,2022,57,214.4,43.2,45.2,43.3,40.9,39.7,29.3
313212000131,INSTITUCIÓN EDUCATIVA OSWALDO OCHOA BECERRA,OFICIAL,CÓRDOBA,2023,49,232.0,48.1,47.6,46.3,43.5,46.6,36.3
313212000131,INSTITUCIÓN EDUCATIVA OSWALDO OCHOA BECERRA,OFICIAL,CÓRDOBA,2024,59,220.2,43.6,45.9,45.8,41.0,43.4,28.7
313212000131,INSTITUCIÓN EDUCATIVA OSWALDO OCHOA BECERRA,OFICIAL,CÓRDOBA,2025,51,238.9,48.1,50.3,49.2,44.3,45.5,38.8
313244000612,CORPORACION EDUCATIVA ANTONIO RICAURTE,NO OFICIAL,EL CARMEN DE BOLÍVAR,2021,21,256.5,48.8,56.6,49.4,51.8,47.0,54.0
313244000612,CORPORACION EDUCATIVA ANTONIO RICAURTE,NO OFICIAL,EL CARMEN DE BOLÍVAR,2022,16,261.5,52.5,55.0,51.6,51.0,50.0,57.9
313244000612,CORPORACION EDUCATIVA ANTONIO RICAURTE,NO OFICIAL,EL CARMEN DE BOLÍVAR,2023,18,285.4,56.3,59.1,54.6,59.6,53.6,69.2
313244000612,CORPORACION EDUCATIVA ANTONIO RICAURTE,NO OFICIAL,EL CARMEN DE BOLÍVAR,2024,23,257.1,49.9,55.1,47.8,52.8,51.8,50.8
313244000612,CORPORACION EDUCATIVA ANTONIO RICAURTE,NO OFICIAL,EL CARMEN DE BOLÍVAR,2025,23,289.3,57.4,60.3,58.4,55.7,57.0,66.0
313244000710,COL SAN RAFAEL,NO OFICIAL,EL CARMEN DE BOLÍVAR,2021,29,275.7,55.6,59.1,52.2,53.6,55.4,66.7
313244000710,COL SAN RAFAEL,NO OFICIAL,EL CARMEN DE BOLÍVAR,2022,18,284.8,57.6,58.9,55.6,56.4,54.6,68.9
313244000710,COL SAN RAFAEL,NO OFICIAL,EL CARMEN DE BOLÍVAR,2023,22,280.0,57.4,58.0,54.0,53.7,58.5,64.9
313244000710,COL SAN RAFAEL,NO OFICIAL,EL CARMEN DE BOLÍVAR,2024,23,317.6,65.7,66.6,60.5,62.0,61.3,82.8
313244000710,COL SAN RAFAEL,NO OFICIAL,EL CARMEN DE BOLÍVAR,2025,24,299.7,58.5,63.6,59.6,57.5,61.5,74.1
313244001139,INSTITUTO ALTAIR MONTEMARIANO,NO OFICIAL,EL CARMEN DE BOLÍVAR,2021,27,265.9,52.1,56.9,51.6,52.4,52.3,62.4
313244001139,INSTITUTO ALTAIR MONTEMARIANO,NO OFICIAL,EL CARMEN DE BOLÍVAR,2022,27,275.4,56.1,57.2,54.3,51.8,57.6,63.0
313244001139,INSTITUTO ALTAIR MONTEMARIANO,NO OFICIAL,EL CARMEN DE BOLÍVAR,2023,20,281.8,54.0,61.3,54.8,55.2,57.1,66.9
313244001139,INSTITUTO ALTAIR MONTEMARIANO,NO OFICIAL,EL CARMEN DE BOLÍVAR,2024,26,263.8,52.5,55.8,52.7,49.8,53.1,54.2
313244001139,INSTITUTO ALTAIR MONTEMARIANO,NO OFICIAL,EL CARMEN DE BOLÍVAR,2025,17,270.5,53.9,57.1,53.2,51.8,55.4,57.6
313244003247,INSTITUTO EDUCATIVO CRISTIANO COLOMBO AMERICANO,NO OFICIAL,EL CARMEN DE BOLÍVAR,2021,1,287.0,55.0,56.0,60.0,59.0,56.0,78.0
313244003247,INSTITUTO EDUCATIVO CRISTIANO COLOMBO AMERICANO,NO OFICIAL,EL CARMEN DE BOLÍVAR,2022,11,231.8,44.2,48.5,47.6,46.5,42.5,40.4
313244003247,INSTITUTO EDUCATIVO CRISTIANO COLOMBO AMERICANO,NO OFICIAL,EL CARMEN DE BOLÍVAR,2023,5,219.8,41.6,44.8,44.8,44.6,44.6,29.6
313244003247,INSTITUTO EDUCATIVO CRISTIANO COLOMBO AMERICANO,NO OFICIAL,EL CARMEN DE BOLÍVAR,2024,6,240.5,50.7,47.5,49.0,46.0,46.3,37.8
313244003247,INSTITUTO EDUCATIVO CRISTIANO COLOMBO AMERICANO,NO OFICIAL,EL CARMEN DE BOLÍVAR,2025,16,244.3,50.4,49.4,50.0,45.9,48.2,42.4
313244800015,INSTITUCION EDUCATIVA ELLEN WHITE SCHOOL,NO OFICIAL,EL CARMEN DE BOLÍVAR,2022,10,271.0,56.5,55.2,52.8,51.5,56.6,61.3
313244800015,INSTITUCION EDUCATIVA ELLEN WHITE SCHOOL,NO OFICIAL,EL CARMEN DE BOLÍVAR,2023,4,281.0,56.2,60.5,52.5,54.8,58.2,63.5
313244800015,INSTITUCION EDUCATIVA ELLEN WHITE SCHOOL,NO OFICIAL,EL CARMEN DE BOLÍVAR,2024,16,260.6,51.5,54.4,50.5,50.9,55.6,53.6
313244800015,INSTITUCION EDUCATIVA ELLEN WHITE SCHOOL,NO OFICIAL,EL CARMEN DE BOLÍVAR,2025,10,279.7,63.1,57.5,53.1,49.1,59.0,61.0
313244800031,INSTITUTO PSICOPEDAGOGICO DEL CARIBE,NO OFICIAL,EL CARMEN DE BOLÍVAR,2022,6,227.5,45.0,46.2,46.5,47.0,38.0,36.7
313244800031,INSTITUTO PSICOPEDAGOGICO DEL CARIBE,NO OFICIAL,EL CARMEN DE BOLÍVAR,2023,15,226.3,44.6,46.5,45.5,44.7,44.6,33.2
313244800031,INSTITUTO PSICOPEDAGOGICO DEL CARIBE,NO OFICIAL,EL CARMEN DE BOLÍVAR,2024,56,227.4,46.6,47.6,44.8,43.5,43.7,31.1
313244800031,INSTITUTO PSICOPEDAGOGICO DEL CARIBE,NO OFICIAL,EL CARMEN DE BOLÍVAR,2025,27,227.0,45.8,49.4,43.3,42.5,46.9,25.1
313430000983,INST TEC CULT DIOCESANO,NO OFICIAL,MAGANGUÉ,2021,108,276.4,54.5,58.3,53.7,54.4,55.9,67.1
313430000983,INST TEC CULT DIOCESANO,NO OFICIAL,MAGANGUÉ,2022,83,281.9,55.5,59.5,54.7,55.2,58.0,67.6
313430000983,INST TEC CULT DIOCESANO,NO OFICIAL,MAGANGUÉ,2023,131,283.0,56.7,59.5,55.1,54.6,58.1,66.2
313430000983,INST TEC CULT DIOCESANO,NO OFICIAL,MAGANGUÉ,2024,114,307.4,62.4,63.2,60.5,59.3,63.2,76.6
313430000983,INST TEC CULT DIOCESANO,NO OFICIAL,MAGANGUÉ,2025,95,300.3,61.3,61.2,59.4,57.7,61.8,72.5
313430001416,COL SAGRADO CORAZON DE JESUS,NO OFICIAL,MAGANGUÉ,2021,4,217.8,39.5,47.5,46.2,39.5,47.8,35.0
313430001416,COL SAGRADO CORAZON DE JESUS,NO OFICIAL,MAGANGUÉ,2022,50,201.2,39.8,44.8,39.6,37.6,38.1,19.7
313430001416,COL SAGRADO CORAZON DE JESUS,NO OFICIAL,MAGANGUÉ,2023,74,199.2,40.3,43.1,39.1,36.6,40.8,17.5
313430001416,COL SAGRADO CORAZON DE JESUS,NO OFICIAL,MAGANGUÉ,2024,53,189.8,36.5,41.7,37.4,36.4,37.8,13.3
313430001416,ESCUELA NORMAL SUPERIOR SAGRADO CORAZON DE JESUS,NO OFICIAL,MAGANGUÉ,2025,67,190.1,35.6,42.8,38.2,35.3,38.6,12.6
313430001653,COL LA CANDELARIA,NO OFICIAL,MAGANGUÉ,2021,32,236.2,47.8,51.3,45.9,44.5,45.7,44.9
313430001653,COL LA CANDELARIA,NO OFICIAL,MAGANGUÉ,2022,23,251.8,50.8,54.2,48.0,48.5,50.0,51.7
313430001653,COL LA CANDELARIA,NO OFICIAL,MAGANGUÉ,2023,32,254.0,52.7,53.2,50.0,47.9,49.1,50.6
313430001653,COL LA CANDELARIA,NO OFICIAL,MAGANGUÉ,2024,36,252.2,47.9,55.1,50.1,47.8,53.0,47.7
313430001653,COL LA CANDELARIA,NO OFICIAL,MAGANGUÉ,2025,28,264.7,51.2,56.2,53.9,50.6,53.4,56.1
313430001769,CENT EDUC INTEGRAL CEDI,NO OFICIAL,MAGANGUÉ,2021,9,215.8,41.8,45.9,43.9,40.8,44.0,34.2
313430002129,GIMN MODERNO MONTECATINI,NO OFICIAL,MAGANGUÉ,2021,45,320.4,63.7,66.2,63.1,62.2,67.4,87.3
313430002129,GIMN MODERNO MONTECATINI,NO OFICIAL,MAGANGUÉ,2022,35,310.0,62.5,63.1,60.2,60.1,68.1,78.7
313430002129,GIMN MODERNO MONTECATINI,NO OFICIAL,MAGANGUÉ,2023,37,320.7,66.9,63.5,63.1,61.6,68.3,81.6
313430002129,GIMN MODERNO MONTECATINI,NO OFICIAL,MAGANGUÉ,2024,37,328.2,66.1,68.2,63.7,63.1,70.4,85.5
313430002129,GIMN MODERNO MONTECATINI,NO OFICIAL,MAGANGUÉ,2025,32,339.1,69.7,67.7,67.7,65.0,71.4,88.8
313430002889,CORP EDUC DE MAGANGUE CEDEMAG,NO OFICIAL,MAGANGUÉ,2023,11,222.2,45.9,46.9,42.7,42.7,42.6,31.5
313430002889,CORP EDUC DE MAGANGUE CEDEMAG,NO OFICIAL,MAGANGUÉ,2024,45,192.2,37.0,41.9,39.0,36.1,37.8,14.3
313430002889,CORP EDUC DE MAGANGUE CEDEMAG,NO OFICIAL,MAGANGUÉ,2025,54,202.3,40.0,43.8,41.0,37.4,39.3,18.5
313430003249,CORP POLITECNICA DE MAGANGUE,NO OFICIAL,MAGANGUÉ,2021,11,196.0,37.5,45.3,38.2,36.6,37.3,17.6
313430003249,CORP POLITECNICA DE MAGANGUE,NO OFICIAL,MAGANGUÉ,2022,22,211.3,41.6,44.4,41.7,41.3,42.7,21.0
313430003249,CORP POLITECNICA DE MAGANGUE,NO OFICIAL,MAGANGUÉ,2023,22,208.0,41.2,46.3,41.4,38.0,39.5,19.0
313430003249,CORP POLITECNICA DE MAGANGUE,NO OFICIAL,MAGANGUÉ,2024,6,224.3,46.5,47.8,42.0,45.2,38.8,22.2
313430003249,CORP POLITECNICA DE MAGANGUE,NO OFICIAL,MAGANGUÉ,2025,10,206.5,42.3,45.8,40.5,37.4,38.5,18.4
313433800624,INSTITUCIÓN EDUCATIVA EDUCAMOS CON VALORES,NO OFICIAL,MAHATES,2024,4,224.8,44.8,49.2,42.0,43.0,47.8,23.0
313433800624,INSTITUCIÓN EDUCATIVA EDUCAMOS CON VALORES,NO OFICIAL,MAHATES,2025,51,200.1,38.4,43.8,39.8,37.2,42.2,16.5
313440000418,INSTITUCIÓN EDUCATIVA TÉCNICA EN SISTEMAS DE MARGARITA,OFICIAL,MARGARITA,2021,47,221.0,46.1,48.5,42.2,39.9,44.3,35.4
313440000418,INSTITUCIÓN EDUCATIVA TÉCNICA EN SISTEMAS DE MARGARITA,OFICIAL,MARGARITA,2022,64,232.6,47.4,49.0,46.2,44.5,43.6,40.5
313440000418,INSTITUCIÓN EDUCATIVA TÉCNICA EN SISTEMAS DE MARGARITA,OFICIAL,MARGARITA,2023,50,221.0,42.9,46.4,44.9,43.3,42.3,30.4
313440000418,INSTITUCIÓN EDUCATIVA TÉCNICA EN SISTEMAS DE MARGARITA,OFICIAL,MARGARITA,2024,63,225.3,45.2,48.1,45.6,41.8,43.2,32.2
313440000418,INSTITUCIÓN EDUCATIVA TÉCNICA EN SISTEMAS DE MARGARITA,OFICIAL,MARGARITA,2025,39,253.4,52.2,52.1,51.3,48.0,48.2,46.6
313468000022,COL SAGRADO CORAZON DE JESUS,NO OFICIAL,MOMPÓS,2021,35,278.1,55.0,60.5,52.3,54.4,56.5,68.9
313468000022,COL SAGRADO CORAZON DE JESUS,NO OFICIAL,MOMPÓS,2022,43,283.4,58.3,59.0,54.4,54.7,57.3,68.9
313468000022,COL SAGRADO CORAZON DE JESUS,NO OFICIAL,MOMPÓS,2023,44,280.5,56.8,58.2,54.2,55.0,56.9,65.5
313468000022,COL SAGRADO CORAZON DE JESUS,NO OFICIAL,MOMPÓS,2024,32,283.6,58.6,59.3,54.6,54.0,57.6,65.1
313468000022,COL SAGRADO CORAZON DE JESUS,NO OFICIAL,MOMPÓS,2025,47,283.8,60.0,57.5,56.0,53.1,58.0,63.4
313468001487,COL SANTA CRUZ DE MOMPOS,NO OFICIAL,MOMPÓS,2021,19,301.5,63.6,62.9,58.0,56.9,59.4,77.5
313468001487,COL SANTA CRUZ DE MOMPOS,NO OFICIAL,MOMPÓS,2022,17,300.9,62.8,61.1,58.5,58.7,59.4,79.1
313468001487,COL SANTA CRUZ DE MOMPOS,NO OFICIAL,MOMPÓS,2023,12,293.8,61.8,59.5,58.8,54.5,60.4,73.5
313468001487,COL SANTA CRUZ DE MOMPOS,NO OFICIAL,MOMPÓS,2024,16,296.6,60.7,58.1,61.2,58.7,55.2,72.3
313468001487,COL SANTA CRUZ DE MOMPOS,NO OFICIAL,MOMPÓS,2025,17,286.5,58.2,59.4,57.5,54.4,56.4,63.5
313473000251,INSTITUCIÓN EDUCATIVA TÉCNICA AGROPECUARIA VICENTE HONDARZA,OFICIAL,MORALES,2021,112,206.0,41.1,45.4,40.8,38.2,39.0,26.4
313473000251,INSTITUCIÓN EDUCATIVA TÉCNICA AGROPECUARIA VICENTE HONDARZA,OFICIAL,MORALES,2022,125,203.8,41.1,44.1,40.7,37.7,39.0,23.4
313473000251,INSTITUCIÓN EDUCATIVA TÉCNICA AGROPECUARIA VICENTE HONDARZA,OFICIAL,MORALES,2023,85,221.5,45.4,47.1,43.4,41.7,43.2,30.5
313473000251,INSTITUCIÓN EDUCATIVA TÉCNICA AGROPECUARIA VICENTE HONDARZA,OFICIAL,MORALES,2024,122,208.8,40.6,45.5,42.8,38.6,40.3,23.2
313473000251,INSTITUCIÓN EDUCATIVA TÉCNICA AGROPECUARIA VICENTE HONDARZA,OFICIAL,MORALES,2025,83,211.1,42.0,46.3,42.8,38.8,39.0,23.3
313657000653,COLEGIO DARIO ARRIETA YEPEZ,NO OFICIAL,SAN JUAN NEPOMUCENO,2023,7,220.0,43.4,45.9,39.9,47.1,43.4,30.6
313657000653,COLEGIO DARIO ARRIETA YEPEZ,NO OFICIAL,SAN JUAN NEPOMUCENO,2024,9,268.6,54.8,57.4,51.4,51.8,51.9,56.0
313657000653,COLEGIO DARIO ARRIETA YEPEZ,NO OFICIAL,SAN JUAN NEPOMUCENO,2025,10,282.0,53.3,60.2,55.2,55.9,59.5,64.0
313670000131,INSTITUCIÓN EDUCATIVA TÉCNICA AGROPECUARIA Y COMERCIAL DE SAN PABLO,OFICIAL,SAN PABLO,2021,157,219.2,44.9,47.1,42.4,41.9,40.6,34.0
313670000131,INSTITUCIÓN EDUCATIVA TÉCNICA AGROPECUARIA Y COMERCIAL DE SAN PABLO,OFICIAL,SAN PABLO,2022,119,226.6,45.2,48.6,44.0,44.5,42.5,37.4
313670000131,INSTITUCIÓN EDUCATIVA TÉCNICA AGROPECUARIA Y COMERCIAL DE SAN PABLO,OFICIAL,SAN PABLO,2023,138,231.6,46.4,50.8,44.5,44.3,44.4,37.2
313670000131,INSTITUCIÓN EDUCATIVA TÉCNICA AGROPECUARIA Y COMERCIAL DE SAN PABLO,OFICIAL,SAN PABLO,2024,112,238.7,48.3,50.6,47.0,45.5,46.5,39.8
313670000131,INSTITUCIÓN EDUCATIVA TÉCNICA AGROPECUARIA Y COMERCIAL DE SAN PABLO,OFICIAL,SAN PABLO,2025,126,224.2,45.5,48.8,44.1,40.9,45.2,30.7
313688011459,CORPORACION E INSTITUCION EDUCATIVA ALBERT EINSTEIN C.I.N.E.A.E,NO OFICIAL,SANTA ROSA DEL SUR,2021,13,213.4,41.8,46.8,43.2,40.1,39.5,29.9
313688011459,CORPORACION E INSTITUCION EDUCATIVA ALBERT EINSTEIN C.I.N.E.A.E,NO OFICIAL,SANTA ROSA DEL SUR,2022,20,227.6,47.4,48.2,44.2,43.4,41.8,37.2
313688011459,CORPORACION E INSTITUCION EDUCATIVA ALBERT EINSTEIN C.I.N.E.A.E,NO OFICIAL,SANTA ROSA DEL SUR,2023,8,220.1,45.2,48.0,42.5,41.5,40.2,29.9
313688011459,CORPORACION E INSTITUCION EDUCATIVA ALBERT EINSTEIN C.I.N.E.A.E,NO OFICIAL,SANTA ROSA DEL SUR,2024,16,215.6,43.0,45.6,44.9,40.3,39.3,27.1
313688011459,CORPORACION E INSTITUCION EDUCATIVA ALBERT EINSTEIN C.I.N.E.A.E,NO OFICIAL,SANTA ROSA DEL SUR,2025,19,210.5,44.0,45.5,42.7,36.6,41.2,23.3
313688800098,FUNDACION EDUCATIVA Y TECNICA HACIA EL PROGRESO INDUSTRIAL - FUNDETEC,NO OFICIAL,SANTA ROSA DEL SUR,2025,6,259.2,50.5,57.2,51.3,47.7,53.8,52.2
313780000285,INSTITUCIÓN EDUCATIVA DE TALAIGUA NUEVO,OFICIAL,TALAIGUA NUEVO,2021,66,223.6,46.4,47.8,44.0,41.5,42.2,36.7
313780000285,INSTITUCIÓN EDUCATIVA DE TALAIGUA NUEVO,OFICIAL,TALAIGUA NUEVO,2022,78,221.2,45.5,46.0,44.6,42.2,40.4,34.3
313780000285,INSTITUCIÓN EDUCATIVA DE TALAIGUA NUEVO,OFICIAL,TALAIGUA NUEVO,2023,87,219.3,45.3,44.8,43.8,41.9,42.7,29.4
313780000285,INSTITUCIÓN EDUCATIVA DE TALAIGUA NUEVO,OFICIAL,TALAIGUA NUEVO,2024,79,215.4,44.7,45.3,42.3,40.2,42.8,27.3
313780000285,INSTITUCIÓN EDUCATIVA DE TALAIGUA NUEVO,OFICIAL,TALAIGUA NUEVO,2025,98,223.2,45.9,48.2,44.4,40.5,43.0,30.3
313836000178,COL EL NINO JESUS,NO OFICIAL,TURBACO,2021,27,254.1,49.4,55.7,48.5,49.6,51.0,55.5
313836000178,COL EL NINO JESUS,NO OFICIAL,TURBACO,2022,24,269.4,53.7,56.8,55.3,51.5,49.0,62.8
313836000178,COL EL NINO JESUS,NO OFICIAL,TURBACO,2023,24,272.6,53.0,58.8,53.2,52.3,56.7,59.8
313836000178,COL EL NINO JESUS,NO OFICIAL,TURBACO,2024,27,272.4,54.4,57.7,54.4,51.1,55.5,60.0
313836000178,COL EL NINO JESUS,NO OFICIAL,TURBACO,2025,30,253.9,49.2,54.4,49.6,48.3,55.2,47.8
313836000348,ASPAEN GIMNASIO CARTAGENA DE INDIAS,NO OFICIAL,CARTAGENA DE INDIAS,2021,32,354.8,73.2,71.9,66.4,67.5,85.2,76.4
313836000348,ASPAEN GIMNASIO CARTAGENA DE INDIAS,NO OFICIAL,CARTAGENA DE INDIAS,2022,32,338.1,68.7,68.0,65.4,62.9,83.7,74.8
313836000348,ASPAEN GIMNASIO CARTAGENA DE INDIAS,NO OFICIAL,CARTAGENA DE INDIAS,2023,29,330.3,65.8,67.0,63.3,61.4,86.4,72.5
313836000348,ASPAEN GIMNASIO CARTAGENA DE INDIAS,NO OFICIAL,CARTAGENA DE INDIAS,2024,36,338.3,66.8,67.9,66.1,65.2,81.4,75.0
313836000348,ASPAEN GIMNASIO CARTAGENA DE INDIAS,NO OFICIAL,CARTAGENA DE INDIAS,2025,25,340.0,67.3,69.1,65.6,65.1,82.6,75.8
313836000437,COLEGIO SURAMERICANO,NO OFICIAL,TURBACO,2021,12,241.7,47.0,55.9,45.2,45.2,48.5,48.3
313836000437,COLEGIO SURAMERICANO,NO OFICIAL,TURBACO,2022,16,247.6,51.8,51.8,49.8,45.2,47.9,50.2
313836000437,COLEGIO SURAMERICANO,NO OFICIAL,TURBACO,2023,15,258.1,51.5,52.3,51.7,50.9,51.6,50.1
313836000437,COLEGIO SURAMERICANO,NO OFICIAL,TURBACO,2024,9,234.1,50.1,46.6,50.1,40.1,50.6,44.4
313836000437,COLEGIO SURAMERICANO,NO OFICIAL,TURBACO,2025,7,217.6,45.6,46.0,41.7,39.3,48.1,26.4
313836000518,COLEGIO SAN JOSE DE TURBACO,NO OFICIAL,TURBACO,2021,23,285.9,57.5,58.8,56.6,55.1,59.4,71.0
313836000518,COLEGIO SAN JOSE DE TURBACO,NO OFICIAL,TURBACO,2022,23,271.4,52.0,58.1,52.2,54.2,56.1,61.5
313836000518,COLEGIO SAN JOSE DE TURBACO,NO OFICIAL,TURBACO,2023,31,298.9,59.5,61.7,58.8,58.7,61.0,76.0
313836000518,COLEGIO SAN JOSE DE TURBACO,NO OFICIAL,TURBACO,2024,42,288.4,56.6,61.5,56.6,55.3,60.0,67.5
313836000518,COLEGIO SAN JOSE DE TURBACO,NO OFICIAL,TURBACO,2025,29,290.3,59.7,60.3,57.9,53.4,61.1,66.7
313836000623,ASPAEN GIMNASIO CARTAGENA,NO OFICIAL,CARTAGENA DE INDIAS,2021,33,349.3,71.3,67.7,68.5,67.8,82.3,76.1
313836000623,ASPAEN GIMNASIO CARTAGENA,NO OFICIAL,CARTAGENA DE INDIAS,2022,26,351.9,72.3,67.5,68.7,68.8,82.5,80.3
313836000623,ASPAEN GIMNASIO CARTAGENA,NO OFICIAL,CARTAGENA DE INDIAS,2023,23,335.6,65.7,66.7,65.9,64.6,83.9,73.9
313836000623,ASPAEN GIMNASIO CARTAGENA,NO OFICIAL,CARTAGENA DE INDIAS,2024,31,344.4,68.9,69.9,66.9,65.7,81.1,78.2
313836000623,ASPAEN GIMNASIO CARTAGENA,NO OFICIAL,CARTAGENA DE INDIAS,2025,30,363.1,78.2,71.4,71.1,65.8,84.6,82.9
313836000640,COORPORACION EDUCATIVA COLEGIO EL MUNDO DE LOS NIÑOS GIMNASIO DEL VALLE,NO OFICIAL,TURBACO,2021,22,285.6,57.3,60.3,55.1,54.0,62.2,74.4
313836000640,COORPORACION EDUCATIVA COLEGIO EL MUNDO DE LOS NIÑOS GIMNASIO DEL VALLE,NO OFICIAL,TURBACO,2022,17,306.0,61.4,64.1,60.6,57.7,64.7,81.3
313836000640,COORPORACION EDUCATIVA COLEGIO EL MUNDO DE LOS NIÑOS GIMNASIO DEL VALLE,NO OFICIAL,TURBACO,2023,27,282.5,56.3,59.5,53.4,55.0,62.1,66.5
313836000640,COORPORACION EDUCATIVA COLEGIO EL MUNDO DE LOS NIÑOS GIMNASIO DEL VALLE,NO OFICIAL,TURBACO,2024,28,295.6,58.9,62.0,58.5,55.9,62.2,71.4
313836000640,COORPORACION EDUCATIVA COLEGIO EL MUNDO DE LOS NIÑOS GIMNASIO DEL VALLE,NO OFICIAL,TURBACO,2025,33,309.7,63.2,62.8,61.5,58.5,67.4,77.9
313836000739,GIMNASIO MODERNO VILLA DEL NORTE,NO OFICIAL,TURBACO,2021,29,278.8,53.9,60.1,53.1,55.6,56.8,70.7
313836000739,GIMNASIO MODERNO VILLA DEL NORTE,NO OFICIAL,TURBACO,2022,28,272.8,53.9,59.2,51.8,54.2,52.2,64.2
313836000739,GIMNASIO MODERNO VILLA DEL NORTE,NO OFICIAL,TURBACO,2023,47,299.7,61.6,62.8,57.3,58.5,58.6,76.4
313836000739,GIMNASIO MODERNO VILLA DEL NORTE,NO OFICIAL,TURBACO,2024,38,285.9,55.6,59.1,54.2,59.1,60.2,68.6
313836000739,GIMNASIO MODERNO VILLA DEL NORTE,NO OFICIAL,TURBACO,2025,40,279.6,58.4,56.7,54.5,54.6,54.5,63.1
313836000763,COLEGIO LA NUEVA ESPERANZA,NO OFICIAL,TURBACO,2021,38,323.8,67.3,65.3,62.4,62.7,68.7,88.8
313836000763,COLEGIO LA NUEVA ESPERANZA,NO OFICIAL,TURBACO,2022,37,339.5,70.5,67.6,66.9,63.7,76.4,91.6
313836000763,COLEGIO LA NUEVA ESPERANZA,NO OFICIAL,TURBACO,2023,35,351.6,70.3,70.5,68.7,69.6,76.7,93.4
313836000763,COLEGIO LA NUEVA ESPERANZA,NO OFICIAL,TURBACO,2024,23,353.1,72.8,71.0,68.2,68.6,76.3,92.9
313836000763,COLEGIO LA NUEVA ESPERANZA,NO OFICIAL,TURBACO,2025,31,366.1,78.5,71.5,71.4,69.6,79.1,95.6
313836000992,COLEGIO SAGRADO CORAZON DE JESUS,NO OFICIAL,TURBACO,2021,29,273.2,54.0,59.0,51.5,53.8,55.5,66.6
313836000992,COLEGIO SAGRADO CORAZON DE JESUS,NO OFICIAL,TURBACO,2022,23,304.3,60.7,62.9,59.7,59.8,61.6,78.9
313836000992,COLEGIO SAGRADO CORAZON DE JESUS,NO OFICIAL,TURBACO,2023,32,279.3,54.5,58.2,54.5,54.6,61.0,64.3
313836000992,COLEGIO SAGRADO CORAZON DE JESUS,NO OFICIAL,TURBACO,2024,30,300.6,60.6,61.8,58.5,59.2,61.5,75.2
313836000992,COLEGIO SAGRADO CORAZON DE JESUS,NO OFICIAL,TURBACO,2025,27,292.1,59.6,60.5,58.6,54.4,60.2,68.7
313836001026,C.E. QUERIDOS AMIGOS,NO OFICIAL,TURBACO,2021,36,237.2,47.6,50.5,46.3,44.8,49.1,44.5
313836001026,C.E. QUERIDOS AMIGOS,NO OFICIAL,TURBACO,2022,23,244.0,47.4,53.0,46.7,47.6,50.1,47.3
313836001026,C.E. QUERIDOS AMIGOS,NO OFICIAL,TURBACO,2023,26,271.5,52.3,56.8,54.0,53.2,57.2,58.8
313836001026,C.E. QUERIDOS AMIGOS,NO OFICIAL,TURBACO,2024,32,235.4,48.0,51.5,45.7,42.0,51.0,38.0
313836001026,C.E. QUERIDOS AMIGOS,NO OFICIAL,TURBACO,2025,40,235.4,45.3,51.5,44.5,45.6,51.6,37.6
313836001051,INSTITUCIÓN EDUCATIVA GAMALIEL,NO OFICIAL,TURBACO,2021,39,217.9,42.5,46.9,43.7,41.1,44.3,32.8
313836001051,INSTITUCIÓN EDUCATIVA GAMALIEL,NO OFICIAL,TURBACO,2022,40,222.2,44.2,47.3,44.5,41.8,44.8,34.1
313836001051,INSTITUCIÓN EDUCATIVA GAMALIEL,NO OFICIAL,TURBACO,2023,37,217.7,43.2,47.5,41.5,41.8,44.0,28.1
313836001051,INSTITUCIÓN EDUCATIVA GAMALIEL,NO OFICIAL,TURBACO,2024,41,211.6,40.9,46.5,41.6,39.8,43.7,25.1
313836001051,INSTITUCIÓN EDUCATIVA GAMALIEL,NO OFICIAL,TURBACO,2025,34,217.6,43.1,48.2,42.4,39.5,46.4,27.2
313836001085,CORPORACION EDUCATIVA LA CONCEPCION,NO OFICIAL,TURBACO,2021,37,356.0,73.4,71.9,68.6,69.3,76.2,96.8
313836001085,CORPORACION EDUCATIVA LA CONCEPCION,NO OFICIAL,TURBACO,2022,40,362.1,73.9,75.6,69.2,68.5,79.8,96.5
313836001085,CORPORACION EDUCATIVA LA CONCEPCION,NO OFICIAL,TURBACO,2023,53,361.1,75.6,72.0,68.2,71.2,78.1,96.2
313836001085,CORPORACION EDUCATIVA LA CONCEPCION,NO OFICIAL,TURBACO,2024,38,373.3,78.5,73.0,74.1,71.0,80.9,97.0
313836001085,CORPORACION EDUCATIVA LA CONCEPCION,NO OFICIAL,TURBACO,2025,49,377.4,79.7,73.0,74.7,72.7,81.4,97.0
313836001182,FUNDETEC,NO OFICIAL,TURBACO,2023,6,252.8,47.5,56.0,48.3,50.0,51.8,45.8
313836001182,FUNDETEC,NO OFICIAL,TURBACO,2024,13,195.4,39.0,41.9,38.5,37.0,38.8,12.6
313836800051,CORPORACION EDUCATIVA COLEGIO GIMNASIO CAMPESTRE,NO OFICIAL,TURBACO,2022,4,283.2,50.5,62.5,52.2,58.0,66.5,70.0
313836800051,CORPORACION EDUCATIVA COLEGIO GIMNASIO CAMPESTRE,NO OFICIAL,TURBACO,2023,14,311.6,62.4,63.0,59.9,62.1,68.2,79.8
313836800051,CORPORACION EDUCATIVA COLEGIO GIMNASIO CAMPESTRE,NO OFICIAL,TURBACO,2024,24,278.0,57.1,57.3,55.0,52.0,59.3,62.9
313836800051,CORPORACION EDUCATIVA COLEGIO GIMNASIO CAMPESTRE,NO OFICIAL,TURBACO,2025,16,313.6,65.0,63.5,62.2,58.3,68.1,80.8
313836800140,INSTITUCION EDUCATIVA EL RODEO,NO OFICIAL,TURBACO,2021,22,256.2,51.6,53.4,49.5,50.3,53.4,62.2
313836800140,INSTITUCION EDUCATIVA EL RODEO,NO OFICIAL,TURBACO,2022,22,279.0,56.0,58.9,53.0,54.7,57.5,66.7
313836800140,INSTITUCION EDUCATIVA EL RODEO,NO OFICIAL,TURBACO,2023,29,277.2,56.0,58.8,53.1,53.6,56.4,62.9
313836800140,INSTITUCION EDUCATIVA EL RODEO,NO OFICIAL,TURBACO,2024,19,274.4,52.8,57.4,55.3,52.3,59.9,59.5
313836800140,INSTITUCION EDUCATIVA EL RODEO,NO OFICIAL,TURBACO,2025,31,272.3,54.8,55.8,54.3,52.7,55.2,57.1
313836800158,INSTITUTO IBEROAMERICANO,NO OFICIAL,TURBACO,2021,129,244.9,48.7,52.6,46.7,47.5,50.1,49.9
313836800158,INSTITUTO IBEROAMERICANO,NO OFICIAL,TURBACO,2022,76,248.5,48.2,52.5,47.9,49.3,52.3,50.1
313836800158,INSTITUTO IBEROAMERICANO,NO OFICIAL,TURBACO,2023,92,256.2,49.6,54.5,49.8,50.0,54.6,51.5
313836800158,INSTITUTO IBEROAMERICANO,NO OFICIAL,TURBACO,2024,169,232.9,46.0,49.4,45.3,44.6,49.7,36.6
313836800158,INSTITUTO IBEROAMERICANO,NO OFICIAL,TURBACO,2025,115,264.0,50.9,56.7,51.4,50.7,56.8,53.9
313836800174,FUNDACION CENTRO INTEGRAL OLGA ARAUJO GRAU,NO OFICIAL,TURBACO,2024,6,265.8,51.0,54.3,54.7,51.2,57.8,55.7
313836800174,FUNDACION CENTRO INTEGRAL OLGA ARAUJO GRAU,NO OFICIAL,TURBACO,2025,12,244.1,48.8,54.0,47.6,44.2,51.4,41.3
313836800212,COORPORACION EDUCATIVA COLEGIO SANTA MARIA DEL VALLE,NO OFICIAL,TURBACO,2021,12,288.8,58.8,59.8,56.5,54.3,62.8,74.2
313836800212,COORPORACION EDUCATIVA COLEGIO SANTA MARIA DEL VALLE,NO OFICIAL,TURBACO,2022,11,283.5,57.4,60.2,56.0,52.6,58.3,66.9
313836800212,COORPORACION EDUCATIVA COLEGIO SANTA MARIA DEL VALLE,NO OFICIAL,TURBACO,2023,12,298.8,61.8,62.6,59.6,55.8,58.0,75.5
313836800212,COORPORACION EDUCATIVA COLEGIO SANTA MARIA DEL VALLE,NO OFICIAL,TURBACO,2024,15,309.9,63.6,62.6,62.5,59.3,61.9,77.7
313836800212,COORPORACION EDUCATIVA COLEGIO SANTA MARIA DEL VALLE,NO OFICIAL,TURBACO,2025,40,301.1,62.0,62.0,59.4,55.6,65.4,72.9
313836800221,CORPORACION INSTITUCION EDUCATIVA LA NUEVA EDAD DE ORO,NO OFICIAL,TURBACO,2021,10,225.9,45.9,47.3,43.9,42.3,49.0,37.9
313836800263,INSTITUCION EDUCATIVA EDUCAMOS CON VALORES,NO OFICIAL,TURBACO,2024,41,218.6,42.8,47.6,43.0,41.9,42.7,26.4
313836800263,INSTITUCION EDUCATIVA EDUCAMOS CON VALORES,NO OFICIAL,TURBACO,2025,69,203.7,40.7,45.2,40.0,36.7,41.9,18.0
313836800370,FUNDACIN EDUCATIVA CRISTIANA BERACA NOCEDARESH,NO OFICIAL,TURBACO,2024,11,212.0,41.8,45.3,41.4,41.1,42.5,26.7
313836800370,FUNDACIN EDUCATIVA CRISTIANA BERACA NOCEDARESH,NO OFICIAL,TURBACO,2025,23,223.7,44.9,49.3,43.7,40.9,45.3,30.2
313836800388,GIMNASIO PEDAGOGICO ISMARS DE SANES,NO OFICIAL,TURBACO,2025,1,341.0,64.0,73.0,66.0,68.0,73.0,93.0
313838000205,LICEO MIXTO DE TURBANA,NO OFICIAL,TURBANÁ,2021,11,198.5,39.8,41.5,39.4,37.7,40.7,22.5
313838000205,LICEO MIXTO DE TURBANA,NO OFICIAL,TURBANÁ,2022,8,197.4,38.6,44.0,38.4,36.0,42.0,18.9
313838000205,LICEO MIXTO DE TURBANA,NO OFICIAL,TURBANÁ,2023,18,201.8,38.9,45.2,40.2,36.9,41.0,18.8
313838000205,LICEO MIXTO DE TURBANA,NO OFICIAL,TURBANÁ,2024,15,198.3,38.4,43.5,40.5,35.5,41.6,16.4
313838000205,LICEO MIXTO DE TURBANA,NO OFICIAL,TURBANÁ,2025,11,193.4,39.9,44.4,36.2,33.2,41.8,12.7
313894000072,INSTITUCIÓN EDUCATIIVA TÉCNICA AGROPECUARIA ERASMO DONADO LLANOS,OFICIAL,ZAMBRANO,2021,37,201.2,38.7,43.1,41.6,37.9,39.2,23.3
313894000072,INSTITUCIÓN EDUCATIIVA TÉCNICA AGROPECUARIA ERASMO DONADO LLANOS,OFICIAL,ZAMBRANO,2022,51,199.9,39.4,42.1,42.3,36.8,37.9,21.7
313894000072,INSTITUCIÓN EDUCATIIVA TÉCNICA AGROPECUARIA ERASMO DONADO LLANOS,OFICIAL,ZAMBRANO,2023,40,209.6,42.5,44.4,42.5,40.0,36.8,24.2
313894000072,INSTITUCIÓN EDUCATIIVA TÉCNICA AGROPECUARIA ERASMO DONADO LLANOS,OFICIAL,ZAMBRANO,2024,36,222.8,45.8,47.3,44.5,41.3,42.9,32.7
313894000072,INSTITUCIÓN EDUCATIIVA TÉCNICA AGROPECUARIA ERASMO DONADO LLANOS,OFICIAL,ZAMBRANO,2025,31,221.5,42.3,47.8,45.7,41.6,43.6,30.0
313894000269,FUNDETEC,NO OFICIAL,ZAMBRANO,2022,14,217.4,44.1,46.6,42.6,41.1,41.9,31.5
313894000269,FUNDETEC,NO OFICIAL,ZAMBRANO,2023,8,197.8,39.6,43.0,38.9,37.6,36.5,15.6
313894000269,FUNDETEC,NO OFICIAL,ZAMBRANO,2024,2,218.0,43.0,46.5,42.0,42.5,45.0,28.0
313894000269,FUNDETEC,NO OFICIAL,ZAMBRANO,2025,1,215.0,41.0,53.0,39.0,41.0,38.0,24.0
413001004703,INSTITUCION EDUCATIVA DE LA BOQUILLA,OFICIAL,CARTAGENA DE INDIAS,2021,144,197.5,39.0,42.8,39.7,36.5,39.5,21.2
413001004703,INSTITUCION EDUCATIVA DE LA BOQUILLA,OFICIAL,CARTAGENA DE INDIAS,2022,136,196.8,38.0,43.1,38.7,36.8,41.8,19.7
413001004703,INSTITUCION EDUCATIVA DE LA BOQUILLA,OFICIAL,CARTAGENA DE INDIAS,2023,146,205.8,40.5,44.1,40.7,38.7,43.1,22.2
413001004703,INSTITUCION EDUCATIVA DE LA BOQUILLA,OFICIAL,CARTAGENA DE INDIAS,2024,167,200.4,39.0,43.4,40.4,37.3,41.0,19.0
413001004703,INSTITUCION EDUCATIVA DE LA BOQUILLA,OFICIAL,CARTAGENA DE INDIAS,2025,159,201.1,40.0,43.1,40.8,35.9,43.4,17.9
413001007648,COL. CAMINO DEL CORAL DE C/GENA.,NO OFICIAL,CARTAGENA DE INDIAS,2021,44,254.3,50.8,54.8,49.0,47.8,54.8,55.9
413001007648,COL. CAMINO DEL CORAL DE C/GENA.,NO OFICIAL,CARTAGENA DE INDIAS,2022,43,256.9,49.1,55.5,50.7,49.4,54.2,54.4
413001007648,COL. CAMINO DEL CORAL DE C/GENA.,NO OFICIAL,CARTAGENA DE INDIAS,2023,54,272.8,51.2,59.0,52.2,53.9,60.5,61.8
413001007648,COL. CAMINO DEL CORAL DE C/GENA.,NO OFICIAL,CARTAGENA DE INDIAS,2024,53,275.0,53.2,57.7,55.3,52.6,58.7,59.6
413001007648,COL. CAMINO DEL CORAL DE C/GENA.,NO OFICIAL,CARTAGENA DE INDIAS,2025,49,260.9,51.0,55.6,50.7,49.8,57.0,51.3
413001008024,INST. EDUC. EL PARAISO,NO OFICIAL,CARTAGENA DE INDIAS,2021,20,267.1,52.9,58.3,51.2,51.2,53.8,63.2
413001008024,INST. EDUC. EL PARAISO,NO OFICIAL,CARTAGENA DE INDIAS,2022,25,279.5,58.2,58.2,54.7,52.4,56.5,67.4
413001008024,INST. EDUC. EL PARAISO,NO OFICIAL,CARTAGENA DE INDIAS,2023,18,295.3,59.6,62.7,55.4,57.9,60.9,71.2
413001008024,INST. EDUC. EL PARAISO,NO OFICIAL,CARTAGENA DE INDIAS,2024,29,275.6,58.4,58.0,52.6,50.3,58.7,61.5
413001008024,INST. EDUC. EL PARAISO,NO OFICIAL,CARTAGENA DE INDIAS,2025,24,298.4,61.5,61.0,58.7,57.1,60.9,73.0
413001013176,FUNDACION EDUCATIVA INSTITUTO ECOLÓGICO BARBACOAS,NO OFICIAL,CARTAGENA DE INDIAS,2021,30,215.6,44.5,45.7,43.2,40.4,39.2,31.7
413001013176,FUNDACION EDUCATIVA INSTITUTO ECOLÓGICO BARBACOAS,NO OFICIAL,CARTAGENA DE INDIAS,2022,40,205.7,41.7,43.1,40.8,38.1,43.6,24.8
413001013176,FUNDACION EDUCATIVA INSTITUTO ECOLÓGICO BARBACOAS,NO OFICIAL,CARTAGENA DE INDIAS,2023,32,219.3,42.4,46.5,43.4,42.7,45.4,29.8
413001013176,FUNDACION EDUCATIVA INSTITUTO ECOLÓGICO BARBACOAS,NO OFICIAL,CARTAGENA DE INDIAS,2024,33,207.6,38.4,44.9,42.5,39.2,45.1,22.6
413001013176,FUNDACION EDUCATIVA INSTITUTO ECOLÓGICO BARBACOAS,NO OFICIAL,CARTAGENA DE INDIAS,2025,51,209.2,38.9,46.8,42.2,38.6,44.3,22.4
413001027126,INSTITUTO NUEVA LUZ DE ESPERANZA,NO OFICIAL,CARTAGENA DE INDIAS,2024,15,234.7,48.2,49.2,48.8,42.1,45.3,37.5
413001027126,INSTITUTO NUEVA LUZ DE ESPERANZA,NO OFICIAL,CARTAGENA DE INDIAS,2025,21,207.5,40.6,45.2,42.3,37.6,42.4,22.4
413140000208,INSTITUCIÓN EDUCATIVA TÉCNICA AGROPECUARIA JÓSE ANTONIO GALÁN,OFICIAL,CALAMAR,2021,53,193.7,37.2,40.9,40.5,36.0,39.8,18.3
413140000208,INSTITUCIÓN EDUCATIVA TÉCNICA AGROPECUARIA JÓSE ANTONIO GALÁN,OFICIAL,CALAMAR,2022,64,197.7,39.6,41.5,41.2,36.1,38.5,19.8
413140000208,INSTITUCIÓN EDUCATIVA TÉCNICA AGROPECUARIA JÓSE ANTONIO GALÁN,OFICIAL,CALAMAR,2023,46,205.5,42.2,43.1,42.1,37.3,40.3,20.8
413140000208,INSTITUCIÓN EDUCATIVA TÉCNICA AGROPECUARIA JÓSE ANTONIO GALÁN,OFICIAL,CALAMAR,2024,52,222.8,45.6,45.8,45.8,41.8,42.7,30.3
413140000208,INSTITUCIÓN EDUCATIVA TÉCNICA AGROPECUARIA JÓSE ANTONIO GALÁN,OFICIAL,CALAMAR,2025,44,216.8,44.2,46.3,44.5,38.8,42.5,27.2
413140000259,INSTITUCIÓN EDUCATIVA GUSTAVO SALOM DE BARRANCA NUEVA,OFICIAL,CALAMAR,2021,17,191.9,38.9,40.1,39.6,33.8,41.8,17.8
413140000259,INSTITUCIÓN EDUCATIVA GUSTAVO SALOM DE BARRANCA NUEVA,OFICIAL,CALAMAR,2022,14,228.0,46.4,47.4,45.9,42.4,46.0,38.3
413140000259,INSTITUCIÓN EDUCATIVA GUSTAVO SALOM DE BARRANCA NUEVA,OFICIAL,CALAMAR,2023,19,205.6,41.1,41.9,42.7,38.6,41.1,20.7
413140000259,INSTITUCIÓN EDUCATIVA GUSTAVO SALOM DE BARRANCA NUEVA,OFICIAL,CALAMAR,2024,25,193.8,38.1,41.3,39.4,35.6,40.4,14.7
413140000259,INSTITUCIÓN EDUCATIVA GUSTAVO SALOM DE BARRANCA NUEVA,OFICIAL,CALAMAR,2025,21,222.2,45.6,48.1,45.9,38.1,44.3,28.2
413442800018,CORPORACION INSTITUTO DOCENTE DEL CARIBE,NO OFICIAL,MARÍA LA BAJA,2025,10,239.1,51.7,48.0,45.6,45.0,51.0,37.8
413549001273,INSTITUCIÓN EDUCATIVA DE TIQUISIO NUEVO,OFICIAL,TIQUISIO,2021,26,204.5,41.1,44.9,42.1,35.9,40.0,25.4
413549001273,INSTITUCIÓN EDUCATIVA DE TIQUISIO NUEVO,OFICIAL,TIQUISIO,2022,28,198.3,40.9,42.6,39.7,36.8,35.6,19.5
413549001273,INSTITUCIÓN EDUCATIVA DE TIQUISIO NUEVO,OFICIAL,TIQUISIO,2023,35,201.8,40.7,42.1,40.9,38.6,38.3,18.5
413549001273,INSTITUCIÓN EDUCATIVA DE TIQUISIO NUEVO,OFICIAL,TIQUISIO,2024,28,196.9,39.8,41.2,39.3,37.0,40.1,16.2
413549001273,INSTITUCIÓN EDUCATIVA DE TIQUISIO NUEVO,OFICIAL,TIQUISIO,2025,21,207.2,40.5,45.9,41.2,38.0,41.6,20.9
413549001575,INSTITUCIÓN EDUCATIVA DE PUERTO RICO,OFICIAL,TIQUISIO,2021,58,209.7,42.6,45.3,42.2,38.7,38.8,27.5
413549001575,INSTITUCIÓN EDUCATIVA DE PUERTO RICO,OFICIAL,TIQUISIO,2022,73,209.7,42.1,46.2,41.3,39.6,37.9,26.5
413549001575,INSTITUCIÓN EDUCATIVA DE PUERTO RICO,OFICIAL,TIQUISIO,2023,83,212.6,41.6,45.7,41.7,41.2,42.3,25.0
413549001575,INSTITUCIÓN EDUCATIVA DE PUERTO RICO,OFICIAL,TIQUISIO,2024,108,214.1,42.3,45.8,43.3,40.2,42.0,25.6
413549001575,INSTITUCIÓN EDUCATIVA DE PUERTO RICO,OFICIAL,TIQUISIO,2025,107,214.1,43.0,46.0,43.2,39.6,41.0,25.4
413657000615,INSTITUCION EDUCATIVA SAN PEDRO CONSOLADO,OFICIAL,SAN JUAN NEPOMUCENO,2021,23,193.7,36.5,41.7,39.1,38.3,36.7,19.3
413657000615,INSTITUCION EDUCATIVA SAN PEDRO CONSOLADO,OFICIAL,SAN JUAN NEPOMUCENO,2022,8,192.0,35.0,41.0,40.2,35.9,43.0,16.9
413657000615,INSTITUCION EDUCATIVA SAN PEDRO CONSOLADO,OFICIAL,SAN JUAN NEPOMUCENO,2023,9,230.1,46.3,47.6,46.8,43.7,45.0,36.9
413657000615,INSTITUCION EDUCATIVA SAN PEDRO CONSOLADO,OFICIAL,SAN JUAN NEPOMUCENO,2024,15,207.5,40.3,42.4,42.5,40.9,41.2,23.0
413657000615,INSTITUCION EDUCATIVA SAN PEDRO CONSOLADO,OFICIAL,SAN JUAN NEPOMUCENO,2025,12,226.6,43.5,49.9,47.6,41.0,42.8,31.3
413673000226,INSTITUCIÓN EDUCATIVA TÉCNICA AGROPECUARIA SAN JOSÉ DE CLEMENCIA,OFICIAL,CLEMENCIA,2021,95,199.2,38.3,44.3,38.9,38.3,38.6,22.0
413673000226,INSTITUCIÓN EDUCATIVA TÉCNICA AGROPECUARIA SAN JOSÉ DE CLEMENCIA,OFICIAL,CLEMENCIA,2022,136,194.2,36.6,42.0,39.7,37.2,38.6,18.5
413673000226,INSTITUCIÓN EDUCATIVA TÉCNICA AGROPECUARIA SAN JOSÉ DE CLEMENCIA,OFICIAL,CLEMENCIA,2023,110,202.4,38.7,44.5,40.6,38.8,38.7,19.6
413673000226,INSTITUCIÓN EDUCATIVA TÉCNICA AGROPECUARIA SAN JOSÉ DE CLEMENCIA,OFICIAL,CLEMENCIA,2024,99,202.8,39.1,43.9,41.5,38.4,38.8,20.0
413673000226,INSTITUCIÓN EDUCATIVA TÉCNICA AGROPECUARIA SAN JOSÉ DE CLEMENCIA,OFICIAL,CLEMENCIA,2025,116,203.4,39.1,44.9,40.8,38.0,40.3,19.9
413744000516,INSTITUCIÓN EDUCATIVA TÉCNICA AGROPECUARIA ALFREDO NOBEL,OFICIAL,SANTA ROSA DEL SUR,2021,88,245.5,51.2,51.6,48.8,45.8,46.3,50.4
413744000516,INSTITUCIÓN EDUCATIVA TÉCNICA AGROPECUARIA ALFREDO NOBEL,OFICIAL,SANTA ROSA DEL SUR,2022,159,241.9,49.5,51.1,48.0,45.9,45.4,45.5
413744000516,INSTITUCIÓN EDUCATIVA TÉCNICA AGROPECUARIA ALFREDO NOBEL,OFICIAL,SANTA ROSA DEL SUR,2023,157,240.2,50.0,50.8,47.4,45.1,44.5,42.1
413744000516,INSTITUCIÓN EDUCATIVA TÉCNICA AGROPECUARIA ALFREDO NOBEL,OFICIAL,SANTA ROSA DEL SUR,2024,167,231.4,47.2,48.9,46.5,43.4,43.7,35.7
413744000516,INSTITUCIÓN EDUCATIVA TÉCNICA AGROPECUARIA ALFREDO NOBEL,OFICIAL,SANTA ROSA DEL SUR,2025,147,240.2,50.8,51.0,48.4,43.1,45.0,39.9
413836001128,CORPORACION BEVERLY HILLS,NO OFICIAL,TURBACO,2021,12,300.2,57.5,63.4,59.1,59.2,62.5,78.0
413836001128,CORPORACION BEVERLY HILLS,NO OFICIAL,TURBACO,2022,18,301.3,58.6,62.4,58.4,58.7,69.0,78.1
413836001128,CORPORACION BEVERLY HILLS,NO OFICIAL,TURBACO,2023,16,313.2,64.4,64.7,60.3,58.3,71.1,79.7
413836001128,CORPORACION BEVERLY HILLS,NO OFICIAL,TURBACO,2024,19,286.2,56.3,57.9,56.4,55.3,68.5,70.9
413836001128,CORPORACION BEVERLY HILLS,NO OFICIAL,TURBACO,2025,26,298.7,59.3,61.7,56.3,58.2,70.1,71.1
