cole_cod_dane_establecimiento,cole_nombre_establecimiento,anio,c_naturales,ingles,lectura_critica,matematicas,sociales
113001000143,INSTITUCION EDUCATIVA ARROYO DE PIEDRA,2021,70.0,97.1,25.7,50.0,80.0
113001000143,INSTITUCION EDUCATIVA ARROYO DE PIEDRA,2022,64.4,93.2,35.6,49.3,79.5
113001000143,INSTITUCION EDUCATIVA ARROYO DE PIEDRA,2023,70.0,82.0,28.0,52.0,74.0
113001000143,INSTITUCION EDUCATIVA ARROYO DE PIEDRA,2024,67.6,95.8,19.7,45.1,85.9
113001000143,INSTITUCION EDUCATIVA ARROYO DE PIEDRA,2025,59.2,97.4,28.9,51.3,76.3
113001000160,INSTITUCION EDUCATIVA CORAZON DE MARIA,2021,71.4,100.0,25.0,41.1,76.8
113001000160,INSTITUCION EDUCATIVA CORAZON DE MARIA,2022,64.1,100.0,18.8,37.5,68.8
113001000160,INSTITUCION EDUCATIVA CORAZON DE MARIA,2023,54.9,96.3,9.8,32.9,72.0
113001000160,INSTITUCION EDUCATIVA CORAZON DE MARIA,2024,53.1,97.5,12.3,39.5,67.9
113001000160,INSTITUCION EDUCATIVA CORAZON DE MARIA,2025,57.1,96.1,15.6,31.2,81.8
113001000241,INSTITUCION EDUCATIVA NUESTRO ESFUERZO,2021,32.4,96.2,7.6,12.4,52.4
113001000241,INSTITUCION EDUCATIVA NUESTRO ESFUERZO,2022,28.1,88.6,7.0,14.9,38.6
113001000241,INSTITUCION EDUCATIVA NUESTRO ESFUERZO,2023,36.1,96.6,5.9,20.2,45.4
113001000241,INSTITUCION EDUCATIVA NUESTRO ESFUERZO,2024,36.6,93.9,3.7,22.0,43.9
113001000241,INSTITUCION EDUCATIVA NUESTRO ESFUERZO,2025,24.0,93.0,11.6,18.6,45.7
113001000259,INSTITUCIÓN EDUCATIVA VALORES UNIDOS,2021,51.9,96.2,7.6,21.5,58.2
113001000259,INSTITUCIÓN EDUCATIVA VALORES UNIDOS,2022,45.5,96.6,11.4,33.0,64.8
113001000259,INSTITUCIÓN EDUCATIVA VALORES UNIDOS,2023,40.0,95.6,7.8,25.6,52.2
113001000259,INSTITUCIÓN EDUCATIVA VALORES UNIDOS,2024,54.5,90.1,19.8,37.2,58.7
113001000259,INSTITUCIÓN EDUCATIVA VALORES UNIDOS,2025,39.7,96.0,13.5,31.0,57.9
113001000321,INSTITUCION EDUCATIVA LUIS C GALAN SARMIENTO,2021,53.8,98.1,8.7,26.9,60.6
113001000321,INSTITUCION EDUCATIVA LUIS C GALAN SARMIENTO,2022,40.3,93.3,9.2,25.2,52.1
113001000321,INSTITUCION EDUCATIVA LUIS C GALAN SARMIENTO,2023,39.1,97.3,8.2,21.8,56.4
113001000321,INSTITUCION EDUCATIVA LUIS C GALAN SARMIENTO,2024,40.5,97.6,5.6,22.2,55.6
113001000321,INSTITUCION EDUCATIVA LUIS C GALAN SARMIENTO,2025,34.6,90.7,4.7,15.9,52.3
113001000348,INSTITUCION EDUCATIVA AMBIENTALISTA DE CARTAGENA,2021,49.5,92.1,10.9,30.7,56.1
113001000348,INSTITUCION EDUCATIVA AMBIENTALISTA DE CARTAGENA,2022,35.5,85.0,8.6,23.6,39.5
113001000348,INSTITUCION EDUCATIVA AMBIENTALISTA DE CARTAGENA,2023,27.2,84.5,8.2,19.0,41.4
113001000348,INSTITUCION EDUCATIVA AMBIENTALISTA DE CARTAGENA,2024,39.1,85.1,11.7,21.4,44.8
113001000348,INSTITUCION EDUCATIVA AMBIENTALISTA DE CARTAGENA,2025,32.3,84.5,8.8,24.3,51.3
113001000429,INSTITUCION EDUCATIVA SALIM BECHARA,2021,58.7,100.0,17.5,38.1,73.0
113001000429,INSTITUCION EDUCATIVA SALIM BECHARA,2022,57.1,98.4,15.9,34.9,68.3
113001000429,INSTITUCION EDUCATIVA SALIM BECHARA,2023,42.9,100.0,14.3,28.6,57.1
113001000429,INSTITUCION EDUCATIVA SALIM BECHARA,2024,45.2,97.3,1.4,28.8,56.2
113001000429,INSTITUCION EDUCATIVA SALIM BECHARA,2025,50.7,91.5,14.1,25.4,64.8
113001000437,INSTITUCION EDUCATIVA REPUBLICA DE ARGENTINA,2021,38.7,88.3,5.4,16.2,44.1
113001000437,INSTITUCION EDUCATIVA REPUBLICA DE ARGENTINA,2022,30.2,79.2,1.9,11.3,40.9
113001000437,INSTITUCION EDUCATIVA REPUBLICA DE ARGENTINA,2023,18.0,79.5,0.8,9.8,27.9
113001000437,INSTITUCION EDUCATIVA REPUBLICA DE ARGENTINA,2024,26.5,83.7,3.1,4.1,34.7
113001000437,INSTITUCION EDUCATIVA REPUBLICA DE ARGENTINA,2025,17.0,70.4,3.0,5.2,28.9
113001000721,INSTITUCION EDUCATIVA LUIS CARLOS LOPEZ,2021,28.4,76.5,0.0,5.9,36.3
113001000721,INSTITUCION EDUCATIVA LUIS CARLOS LOPEZ,2022,14.8,60.0,5.2,11.3,20.0
113001000721,INSTITUCION EDUCATIVA LUIS CARLOS LOPEZ,2023,17.9,61.1,0.0,3.2,20.0
113001000721,INSTITUCION EDUCATIVA LUIS CARLOS LOPEZ,2024,18.6,62.8,1.8,6.2,25.7
113001000721,INSTITUCION EDUCATIVA LUIS CARLOS LOPEZ,2025,5.7,52.8,0.9,4.7,20.8
113001000739,INSTITUCION EDUCATIVA ANA MARIA VELEZ DE TRUJILLO,2021,67.6,98.5,19.1,38.2,77.9
113001000739,INSTITUCION EDUCATIVA ANA MARIA VELEZ DE TRUJILLO,2022,55.2,95.4,12.6,31.0,67.8
113001000739,INSTITUCION EDUCATIVA ANA MARIA VELEZ DE TRUJILLO,2023,46.7,98.3,13.3,21.7,63.3
113001000739,INSTITUCION EDUCATIVA ANA MARIA VELEZ DE TRUJILLO,2024,60.0,96.0,22.7,34.7,65.3
113001000739,INSTITUCION EDUCATIVA ANA MARIA VELEZ DE TRUJILLO,2025,32.4,85.3,5.9,20.6,61.8
113001000771,INSTITUCION EDUCATIVA CAMILO TORRES DEL POZON,2021,43.8,94.5,10.0,23.7,58.0
113001000771,INSTITUCION EDUCATIVA CAMILO TORRES DEL POZON,2022,37.1,93.7,13.2,23.3,48.4
113001000771,INSTITUCION EDUCATIVA CAMILO TORRES DEL POZON,2023,24.5,88.8,3.5,14.0,39.2
113001000771,INSTITUCION EDUCATIVA CAMILO TORRES DEL POZON,2024,37.4,88.2,9.7,24.4,55.9
113001000771,INSTITUCION EDUCATIVA CAMILO TORRES DEL POZON,2025,32.2,82.9,7.5,17.1,50.8
113001000852,INSTITUCION EDUCATIVA NUESTRA SRA DEL CARMEN,2021,40.8,89.2,8.0,17.8,51.6
113001000852,INSTITUCION EDUCATIVA NUESTRA SRA DEL CARMEN,2022,42.9,92.5,10.4,20.5,58.2
113001000852,INSTITUCION EDUCATIVA NUESTRA SRA DEL CARMEN,2023,29.7,84.9,2.4,12.3,39.2
113001000852,INSTITUCION EDUCATIVA NUESTRA SRA DEL CARMEN,2024,16.0,84.0,3.0,4.7,34.9
113001000852,INSTITUCION EDUCATIVA NUESTRA SRA DEL CARMEN,2025,21.9,76.5,3.8,8.2,36.6
113001000879,INSTITUCION EDUCATIVA SANTA MARIA,2021,42.3,92.6,8.7,21.5,52.3
113001000879,INSTITUCION EDUCATIVA SANTA MARIA,2022,41.4,93.2,6.0,22.6,45.9
113001000879,INSTITUCION EDUCATIVA SANTA MARIA,2023,33.6,85.9,5.4,14.1,47.0
113001000879,INSTITUCION EDUCATIVA SANTA MARIA,2024,38.4,88.2,8.9,14.3,49.8
113001000879,INSTITUCION EDUCATIVA SANTA MARIA,2025,24.6,73.8,3.8,13.1,50.0
113001001336,INSTITUCION EDUCATIVA JOHN F KENNEDY,2021,39.4,92.6,11.8,27.1,53.7
113001001336,INSTITUCION EDUCATIVA JOHN F KENNEDY,2022,33.1,89.4,6.2,17.5,48.8
113001001336,INSTITUCION EDUCATIVA JOHN F KENNEDY,2023,35.3,92.6,5.9,9.6,41.2
113001001336,INSTITUCION EDUCATIVA JOHN F KENNEDY,2024,32.0,85.8,7.1,14.2,40.6
113001001336,INSTITUCION EDUCATIVA JOHN F KENNEDY,2025,30.7,80.2,7.8,14.6,42.2
113001001450,INSTITUCION ETNOEDUCATIVA PEDRO ROMERO,2021,51.6,95.2,14.5,33.9,62.9
113001001450,INSTITUCION ETNOEDUCATIVA PEDRO ROMERO,2022,39.1,89.1,21.9,18.8,51.6
113001001450,INSTITUCION ETNOEDUCATIVA PEDRO ROMERO,2023,52.4,97.6,12.2,22.0,62.2
113001001450,INSTITUCION ETNOEDUCATIVA PEDRO ROMERO,2024,41.7,93.3,11.7,11.7,56.7
113001001450,INSTITUCION ETNOEDUCATIVA PEDRO ROMERO,2025,39.5,92.6,9.9,18.5,53.1
113001001484,INSTITUCION EDUCATIVA MERCEDES ABREGO,2021,28.4,88.8,4.2,9.8,35.8
113001001484,INSTITUCION EDUCATIVA MERCEDES ABREGO,2022,26.1,83.7,4.4,14.8,39.4
113001001484,INSTITUCION EDUCATIVA MERCEDES ABREGO,2023,25.1,76.4,4.1,15.9,34.9
113001001484,INSTITUCION EDUCATIVA MERCEDES ABREGO,2024,14.1,70.6,2.3,11.3,31.6
113001001484,INSTITUCION EDUCATIVA MERCEDES ABREGO,2025,19.5,73.7,2.1,15.8,33.2
113001001492,INSTITUCION EDUCATIVA LICEO DE BOLIVAR,2021,63.6,97.7,18.5,35.3,72.8
113001001492,INSTITUCION EDUCATIVA LICEO DE BOLIVAR,2022,55.9,94.1,16.1,36.4,61.9
113001001492,INSTITUCION EDUCATIVA LICEO DE BOLIVAR,2023,42.3,94.6,10.7,30.2,59.1
113001001492,INSTITUCION EDUCATIVA LICEO DE BOLIVAR,2024,60.5,95.5,17.5,33.9,71.8
113001001492,INSTITUCION EDUCATIVA LICEO DE BOLIVAR,2025,50.3,93.5,10.8,31.9,64.3
113001001581,INSTITUCION EDUCATIVA DE FREDONIA,2021,46.8,98.4,6.5,19.4,53.2
113001001581,INSTITUCION EDUCATIVA DE FREDONIA,2022,35.8,97.0,10.4,28.4,58.2
113001001581,INSTITUCION EDUCATIVA DE FREDONIA,2023,37.5,95.3,12.5,25.0,46.9
113001001581,INSTITUCION EDUCATIVA DE FREDONIA,2024,32.4,95.4,13.9,31.5,50.0
113001001581,INSTITUCION EDUCATIVA DE FREDONIA,2025,55.6,95.7,12.0,35.9,77.8
113001001697,INSTITUCION EDUCATIVA MANUELA BELTRAN,2021,43.0,92.0,11.0,20.0,52.0
113001001697,INSTITUCION EDUCATIVA MANUELA BELTRAN,2022,30.9,82.5,6.2,9.3,44.3
113001001697,INSTITUCION EDUCATIVA MANUELA BELTRAN,2023,31.0,87.4,3.4,18.4,39.1
113001001697,INSTITUCION EDUCATIVA MANUELA BELTRAN,2024,27.8,86.7,3.3,11.1,34.4
113001001697,INSTITUCION EDUCATIVA MANUELA BELTRAN,2025,26.7,76.7,3.3,16.7,37.8
113001001719,INSTITUCION EDUCATIVA PROMOCION SOCIAL DE C/GENA.,2021,14.6,76.8,0.6,3.7,19.5
113001001719,INSTITUCION EDUCATIVA PROMOCION SOCIAL DE C/GENA.,2022,13.8,72.5,3.0,3.6,22.8
113001001719,INSTITUCION EDUCATIVA PROMOCION SOCIAL DE C/GENA.,2023,9.2,67.3,0.7,1.3,16.3
113001001719,INSTITUCION EDUCATIVA PROMOCION SOCIAL DE C/GENA.,2024,7.9,49.2,1.1,1.1,13.6
113001001719,INSTITUCION EDUCATIVA PROMOCION SOCIAL DE C/GENA.,2025,3.6,48.8,0.6,1.2,15.1
113001001727,INSTITUCION EDUCATIVA REPUBLICA DEL LIBANO,2021,40.7,93.8,9.9,14.8,58.0
113001001727,INSTITUCION EDUCATIVA REPUBLICA DEL LIBANO,2022,37.1,96.6,10.1,16.9,51.7
113001001727,INSTITUCION EDUCATIVA REPUBLICA DEL LIBANO,2023,41.8,95.5,7.5,19.4,61.2
113001001727,INSTITUCION EDUCATIVA REPUBLICA DEL LIBANO,2024,23.5,94.1,10.8,19.6,42.2
113001001727,INSTITUCION EDUCATIVA REPUBLICA DEL LIBANO,2025,35.5,90.1,10.7,32.2,58.7
113001001816,INSTITUCION EDUCATIVA JOSE DE LA VEGA,2021,56.6,94.0,12.0,28.3,70.1
113001001816,INSTITUCION EDUCATIVA JOSE DE LA VEGA,2022,51.1,96.8,14.6,27.9,63.9
113001001816,INSTITUCION EDUCATIVA JOSE DE LA VEGA,2023,47.0,92.4,11.9,25.8,64.0
113001001816,INSTITUCION EDUCATIVA JOSE DE LA VEGA,2024,49.8,95.5,18.5,29.2,68.3
113001001816,INSTITUCION EDUCATIVA JOSE DE LA VEGA,2025,52.9,90.6,12.9,30.2,72.2
113001001972,INSTITUCION EDUCATIVA SEMINARIO,2021,30.8,85.6,5.1,11.3,42.1
113001001972,INSTITUCION EDUCATIVA SEMINARIO,2022,29.0,78.5,8.1,17.2,48.9
113001001972,INSTITUCION EDUCATIVA SEMINARIO,2023,26.9,82.9,3.6,13.0,46.6
113001001972,INSTITUCION EDUCATIVA SEMINARIO,2024,21.4,83.4,4.8,7.5,40.1
113001001972,INSTITUCION EDUCATIVA SEMINARIO,2025,21.6,73.2,4.1,17.0,39.2
113001002057,INSTITUCION EDUCATIVA SOLEDAD ROMAN DE NU?EZ,2021,26.0,71.4,5.2,10.4,35.1
113001002057,INSTITUCION EDUCATIVA SOLEDAD ROMAN DE NU?EZ,2022,22.7,77.9,2.6,12.3,33.1
113001002057,INSTITUCION EDUCATIVA SOLEDAD ROMAN DE NU?EZ,2023,21.0,76.5,3.1,12.3,34.6
113001002057,INSTITUCION EDUCATIVA SOLEDAD ROMAN DE NU?EZ,2024,7.5,54.1,3.0,6.0,11.3
113001002057,INSTITUCION EDUCATIVA SOLEDAD ROMAN DE NU?EZ,2025,13.2,54.7,3.1,7.5,27.0
113001002120,INSTITUCION EDUCATIVA HIJOS DE MARIA,2021,52.2,95.0,15.0,30.6,62.2
113001002120,INSTITUCION EDUCATIVA HIJOS DE MARIA,2022,49.3,93.6,17.1,32.1,61.4
113001002120,INSTITUCION EDUCATIVA HIJOS DE MARIA,2023,51.6,96.8,10.8,23.6,61.1
113001002120,INSTITUCION EDUCATIVA HIJOS DE MARIA,2024,52.0,95.9,21.6,35.8,63.5
113001002120,INSTITUCION EDUCATIVA HIJOS DE MARIA,2025,51.6,93.5,13.7,34.0,73.2
113001002138,INSTITUCION EDUCATIVA NUESTRA SRA DEL PERPETUO SOCORRO,2021,47.1,95.6,17.6,33.8,63.2
113001002138,INSTITUCION EDUCATIVA NUESTRA SRA DEL PERPETUO SOCORRO,2022,61.6,95.3,14.0,36.0,67.4
113001002138,INSTITUCION EDUCATIVA NUESTRA SRA DEL PERPETUO SOCORRO,2023,60.2,97.6,14.5,28.9,65.1
113001002138,INSTITUCION EDUCATIVA NUESTRA SRA DEL PERPETUO SOCORRO,2024,35.7,91.4,8.6,21.4,42.9
113001002138,INSTITUCION EDUCATIVA NUESTRA SRA DEL PERPETUO SOCORRO,2025,50.0,88.2,9.2,23.7,53.9
113001002413,INSTITUCION EDUCATIVA MADRE LAURA,2021,45.0,86.7,5.0,22.5,54.2
113001002413,INSTITUCION EDUCATIVA MADRE LAURA,2022,38.0,79.3,9.1,15.7,47.1
113001002413,INSTITUCION EDUCATIVA MADRE LAURA,2023,25.0,81.2,0.0,13.5,39.6
113001002413,INSTITUCION EDUCATIVA MADRE LAURA,2024,25.5,84.4,4.3,10.6,44.0
113001002413,INSTITUCION EDUCATIVA MADRE LAURA,2025,18.8,73.9,2.9,17.4,39.1
113001002626,INSTITUCION EDUCATIVA OLGA GONZALEZ ARRAUT,2021,53.3,94.6,18.5,34.8,59.8
113001002626,INSTITUCION EDUCATIVA OLGA GONZALEZ ARRAUT,2022,43.4,90.9,11.1,22.2,52.5
113001002626,INSTITUCION EDUCATIVA OLGA GONZALEZ ARRAUT,2023,44.7,87.1,8.2,23.5,47.1
113001002626,INSTITUCION EDUCATIVA OLGA GONZALEZ ARRAUT,2024,41.1,86.3,11.6,32.6,51.6
113001002626,INSTITUCION EDUCATIVA OLGA GONZALEZ ARRAUT,2025,25.4,76.1,7.5,10.4,35.8
113001002812,INSTITUCION EDUCATIVA MARIA REINA,2021,53.4,95.5,11.3,28.6,57.9
113001002812,INSTITUCION EDUCATIVA MARIA REINA,2022,32.7,91.1,8.9,18.8,50.5
113001002812,INSTITUCION EDUCATIVA MARIA REINA,2023,36.0,91.9,9.0,25.2,48.6
113001002812,INSTITUCION EDUCATIVA MARIA REINA,2024,28.4,90.2,5.9,13.7,49.0
113001002812,INSTITUCION EDUCATIVA MARIA REINA,2025,41.7,90.8,13.5,33.1,60.7
113001002952,INSTITUCION EDUCATIVA DE TERNERA,2021,37.7,84.4,5.2,15.6,36.4
113001002952,INSTITUCION EDUCATIVA DE TERNERA,2022,29.6,77.5,2.8,14.1,29.6
113001002952,INSTITUCION EDUCATIVA DE TERNERA,2023,26.7,81.3,1.3,9.3,32.0
113001002952,INSTITUCION EDUCATIVA DE TERNERA,2024,16.2,78.4,0.0,9.5,33.8
113001002952,INSTITUCION EDUCATIVA DE TERNERA,2025,17.6,65.9,1.2,9.4,32.9
113001002979,INSTITUCION EDUCATIVA LA MILAGROSA,2021,45.7,84.8,10.9,8.7,41.3
113001002979,INSTITUCION EDUCATIVA LA MILAGROSA,2022,14.8,74.1,3.7,14.8,22.2
113001002979,INSTITUCION EDUCATIVA LA MILAGROSA,2023,15.2,69.7,0.0,6.1,21.2
113001002979,INSTITUCION EDUCATIVA LA MILAGROSA,2024,13.3,73.3,0.0,10.0,16.7
113001002979,INSTITUCION EDUCATIVA LA MILAGROSA,2025,7.7,69.2,2.6,0.0,15.4
113001003053,INSTITUCION EDUCATIVA SOLEDAD ACOSTA DE SAMPER,2021,13.8,66.7,1.6,5.2,18.7
113001003053,INSTITUCION EDUCATIVA SOLEDAD ACOSTA DE SAMPER,2022,6.8,55.4,1.0,3.4,9.9
113001003053,INSTITUCION EDUCATIVA SOLEDAD ACOSTA DE SAMPER,2023,7.3,48.1,0.8,4.3,8.2
113001003053,INSTITUCION EDUCATIVA SOLEDAD ACOSTA DE SAMPER,2024,4.5,46.2,0.6,2.5,7.0
113001003053,INSTITUCION EDUCATIVA SOLEDAD ACOSTA DE SAMPER,2025,1.6,35.3,0.0,1.0,6.9
113001003061,INSTITUCION EDUCATIVA HERMANO ANTONIO RAMOS DE LA SALLE,2021,19.0,59.5,1.3,7.6,20.3
113001003061,INSTITUCION EDUCATIVA HERMANO ANTONIO RAMOS DE LA SALLE,2022,8.3,50.0,0.0,5.0,11.7
113001003061,INSTITUCION EDUCATIVA HERMANO ANTONIO RAMOS DE LA SALLE,2023,13.3,54.7,4.0,9.3,25.3
113001003061,INSTITUCION EDUCATIVA HERMANO ANTONIO RAMOS DE LA SALLE,2024,3.0,50.7,0.0,3.0,25.4
113001003061,INSTITUCION EDUCATIVA HERMANO ANTONIO RAMOS DE LA SALLE,2025,4.1,56.2,0.0,1.4,12.3
113001003126,INSTITUCION EDUCATIVA FERNANDO DE LA VEGA,2021,51.6,100.0,16.1,38.7,64.5
113001003126,INSTITUCION EDUCATIVA FERNANDO DE LA VEGA,2022,48.4,93.5,12.9,29.0,71.0
113001003126,INSTITUCION EDUCATIVA FERNANDO DE LA VEGA,2023,44.8,96.6,10.3,24.1,62.1
113001003126,INSTITUCION EDUCATIVA FERNANDO DE LA VEGA,2024,48.6,82.9,14.3,31.4,62.9
113001003126,INSTITUCION EDUCATIVA FERNANDO DE LA VEGA,2025,24.1,93.1,0.0,3.4,58.6
113001003274,INSTITUCION EDUCATIVA JOSE MANUEL RODRIGUEZ TORICES,2021,35.6,85.9,5.8,15.7,40.4
113001003274,INSTITUCION EDUCATIVA JOSE MANUEL RODRIGUEZ TORICES,2022,31.2,79.5,4.2,12.5,37.2
113001003274,INSTITUCION EDUCATIVA JOSE MANUEL RODRIGUEZ TORICES,2023,20.6,76.1,7.5,9.8,32.7
113001003274,INSTITUCION EDUCATIVA JOSE MANUEL RODRIGUEZ TORICES,2024,21.0,70.4,4.3,9.6,31.5
113001003274,INSTITUCION EDUCATIVA JOSE MANUEL RODRIGUEZ TORICES,2025,21.1,75.4,2.3,8.7,34.4
113001003771,INSTITUCION EDUCATIVA LAS GAVIOTAS,2021,19.7,71.5,2.9,4.4,24.8
113001003771,INSTITUCION EDUCATIVA LAS GAVIOTAS,2022,9.7,77.9,1.4,4.8,20.0
113001003771,INSTITUCION EDUCATIVA LAS GAVIOTAS,2023,11.6,80.6,3.9,3.1,25.6
113001003771,INSTITUCION EDUCATIVA LAS GAVIOTAS,2024,10.5,68.4,0.8,0.8,27.1
113001003771,INSTITUCION EDUCATIVA LAS GAVIOTAS,2025,3.5,55.6,0.7,3.5,22.2
113001004149,INSTITUCION EDUCATIVA JUAN JOSE NIETO,2021,43.0,93.0,9.1,22.2,52.2
113001004149,INSTITUCION EDUCATIVA JUAN JOSE NIETO,2022,31.6,89.5,8.8,19.7,47.4
113001004149,INSTITUCION EDUCATIVA JUAN JOSE NIETO,2023,29.5,86.1,4.2,13.5,38.4
113001004149,INSTITUCION EDUCATIVA JUAN JOSE NIETO,2024,35.1,86.8,11.4,19.7,46.5
113001004149,INSTITUCION EDUCATIVA JUAN JOSE NIETO,2025,33.9,83.1,8.3,24.8,47.6
113001004254,INSTITUCION EDUCATIVA FULGENCIO LEQUERICA  VELEZ,2021,55.3,100.0,11.8,19.7,65.8
113001004254,INSTITUCION EDUCATIVA FULGENCIO LEQUERICA  VELEZ,2022,45.3,98.7,8.0,18.7,54.7
113001004254,INSTITUCION EDUCATIVA FULGENCIO LEQUERICA  VELEZ,2023,35.6,97.3,5.5,12.3,52.1
113001004254,INSTITUCION EDUCATIVA FULGENCIO LEQUERICA  VELEZ,2024,31.9,97.1,7.2,17.4,52.2
113001004254,INSTITUCION EDUCATIVA FULGENCIO LEQUERICA  VELEZ,2025,44.7,89.5,6.6,30.3,60.5
113001004289,INSTITUCION EDUCATIVA SAN LUCAS,2021,36.9,87.7,5.4,11.5,40.0
113001004289,INSTITUCION EDUCATIVA SAN LUCAS,2022,37.5,90.2,9.8,18.8,50.9
113001004289,INSTITUCION EDUCATIVA SAN LUCAS,2023,26.6,90.8,4.6,6.4,38.5
113001004289,INSTITUCION EDUCATIVA SAN LUCAS,2024,20.9,83.5,1.7,3.5,28.7
113001004289,INSTITUCION EDUCATIVA SAN LUCAS,2025,26.6,88.3,4.7,18.0,55.5
113001005358,INSTITUCION EDUCATIVA ALBERTO E. FERNANDEZ BAENA,2021,37.6,91.8,10.6,18.8,44.7
113001005358,INSTITUCION EDUCATIVA ALBERTO E. FERNANDEZ BAENA,2022,41.8,85.5,12.7,20.0,50.9
113001005358,INSTITUCION EDUCATIVA ALBERTO E. FERNANDEZ BAENA,2023,21.5,75.4,3.1,7.7,26.2
113001005358,INSTITUCION EDUCATIVA ALBERTO E. FERNANDEZ BAENA,2024,22.7,79.5,2.3,15.9,40.9
113001005358,INSTITUCION EDUCATIVA ALBERTO E. FERNANDEZ BAENA,2025,17.5,71.9,1.8,15.8,40.4
113001005374,INSTITUCION EDUCATIVA ANTONIA SANTOS,2021,46.7,90.8,10.8,31.7,58.3
113001005374,INSTITUCION EDUCATIVA ANTONIA SANTOS,2022,49.3,87.0,13.8,25.4,61.6
113001005374,INSTITUCION EDUCATIVA ANTONIA SANTOS,2023,39.3,91.0,6.9,26.9,49.7
113001005374,INSTITUCION EDUCATIVA ANTONIA SANTOS,2024,46.6,89.5,17.3,22.6,60.2
113001005374,INSTITUCION EDUCATIVA ANTONIA SANTOS,2025,36.6,80.6,9.0,27.6,53.0
113001005544,INSTITUCION EDUCATIVA ANTONIO NARIÑO,2021,50.0,91.1,5.4,19.6,58.9
113001005544,INSTITUCION EDUCATIVA ANTONIO NARIÑO,2022,50.7,98.6,14.5,36.2,60.9
113001005544,INSTITUCION EDUCATIVA ANTONIO NARIÑO,2023,50.7,94.5,8.2,30.1,63.0
113001005544,INSTITUCION EDUCATIVA ANTONIO NARIÑO,2024,63.4,93.0,16.9,29.6,59.2
113001005544,INSTITUCION EDUCATIVA ANTONIO NARIÑO,2025,49.4,94.3,16.1,31.0,72.4
113001006711,INSTITUCION EDUCATIVA OMAIRA SANCHEZ GARZON,2021,73.9,97.8,26.1,52.2,71.7
113001006711,INSTITUCION EDUCATIVA OMAIRA SANCHEZ GARZON,2022,52.0,100.0,20.0,52.0,64.0
113001006711,INSTITUCION EDUCATIVA OMAIRA SANCHEZ GARZON,2023,70.5,97.7,22.7,52.3,90.9
113001006711,INSTITUCION EDUCATIVA OMAIRA SANCHEZ GARZON,2024,53.7,100.0,18.5,44.4,81.5
113001006711,INSTITUCION EDUCATIVA OMAIRA SANCHEZ GARZON,2025,60.9,98.4,10.9,39.1,78.1
113001006800,INSTITUCION EDUCATIVA 20 DE JULIO,2021,29.1,89.5,3.5,16.3,31.4
113001006800,INSTITUCION EDUCATIVA 20 DE JULIO,2022,25.0,86.2,6.2,16.2,41.2
113001006800,INSTITUCION EDUCATIVA 20 DE JULIO,2023,21.8,83.9,3.4,19.5,35.6
113001006800,INSTITUCION EDUCATIVA 20 DE JULIO,2024,18.2,79.2,2.6,9.1,24.7
113001006800,INSTITUCION EDUCATIVA 20 DE JULIO,2025,12.8,81.4,2.3,10.5,33.7
113001007199,INSTITUCION EDUCATIVA FE Y ALEGRIA LAS AMERICAS,2021,48.5,95.9,12.4,29.6,60.9
113001007199,INSTITUCION EDUCATIVA FE Y ALEGRIA LAS AMERICAS,2022,51.0,92.1,21.9,31.8,60.9
113001007199,INSTITUCION EDUCATIVA FE Y ALEGRIA LAS AMERICAS,2023,40.0,95.0,8.6,12.9,54.3
113001007199,INSTITUCION EDUCATIVA FE Y ALEGRIA LAS AMERICAS,2024,36.1,95.5,12.0,26.3,46.6
113001007199,INSTITUCION EDUCATIVA FE Y ALEGRIA LAS AMERICAS,2025,37.0,89.1,9.7,15.2,64.8
113001007857,INSTITUCION EDUCATIVA LA LIBERTAD,2021,48.3,95.8,10.8,29.2,56.7
113001007857,INSTITUCION EDUCATIVA LA LIBERTAD,2022,42.2,89.1,11.6,30.6,53.7
113001007857,INSTITUCION EDUCATIVA LA LIBERTAD,2023,42.9,93.3,5.7,25.7,59.0
113001007857,INSTITUCION EDUCATIVA LA LIBERTAD,2024,45.7,94.5,12.2,25.0,66.5
113001007857,INSTITUCION EDUCATIVA LA LIBERTAD,2025,44.7,86.2,15.8,30.9,61.2
113001008268,INSTITUCION EDUCATIVA MARIA CANO,2021,41.5,84.9,9.4,18.9,43.4
113001008268,INSTITUCION EDUCATIVA MARIA CANO,2022,44.4,92.6,7.4,16.7,50.0
113001008268,INSTITUCION EDUCATIVA MARIA CANO,2023,43.1,88.2,7.8,29.4,47.1
113001008268,INSTITUCION EDUCATIVA MARIA CANO,2024,33.9,76.3,8.5,16.9,45.8
113001008268,INSTITUCION EDUCATIVA MARIA CANO,2025,31.0,84.5,8.6,22.4,44.8
113001008276,INSTITUCION EDUCATIVA PLAYAS DE ACAPULCO,2021,58.0,96.3,18.5,29.6,63.0
113001008276,INSTITUCION EDUCATIVA PLAYAS DE ACAPULCO,2022,60.5,96.1,17.1,38.2,65.8
113001008276,INSTITUCION EDUCATIVA PLAYAS DE ACAPULCO,2023,45.5,94.5,5.5,18.2,43.6
113001008276,INSTITUCION EDUCATIVA PLAYAS DE ACAPULCO,2024,11.5,84.6,3.8,3.8,42.3
113001008276,INSTITUCION EDUCATIVA PLAYAS DE ACAPULCO,2025,26.8,85.4,12.2,7.3,48.8
113001008284,INSTITUCION EDUCATIVA SAN FELIPE NERI,2021,70.6,99.1,18.3,39.4,69.7
113001008284,INSTITUCION EDUCATIVA SAN FELIPE NERI,2022,59.7,90.9,14.3,41.6,71.4
113001008284,INSTITUCION EDUCATIVA SAN FELIPE NERI,2023,48.7,96.2,10.3,25.6,62.8
113001008284,INSTITUCION EDUCATIVA SAN FELIPE NERI,2024,49.5,94.6,17.2,32.3,65.6
113001008284,INSTITUCION EDUCATIVA SAN FELIPE NERI,2025,58.8,92.8,24.7,37.1,77.3
113001009281,INSTITUCION EDUCATIVA VILLA ESTRELLA,2021,51.8,100.0,11.8,25.5,64.5
113001009281,INSTITUCION EDUCATIVA VILLA ESTRELLA,2022,39.7,92.2,6.9,17.2,56.0
113001009281,INSTITUCION EDUCATIVA VILLA ESTRELLA,2023,36.5,97.1,7.7,19.2,43.3
113001009281,INSTITUCION EDUCATIVA VILLA ESTRELLA,2024,38.1,87.3,19.0,27.0,53.2
113001009281,INSTITUCION EDUCATIVA VILLA ESTRELLA,2025,27.5,84.3,5.9,17.6,41.2
113001012427,INSTITUCION EDUCATIVA MANUELA VERGARA DE CURI,2021,64.6,99.2,15.0,30.7,70.9
113001012427,INSTITUCION EDUCATIVA MANUELA VERGARA DE CURI,2022,53.1,97.7,14.1,26.6,68.0
113001012427,INSTITUCION EDUCATIVA MANUELA VERGARA DE CURI,2023,62.3,97.7,14.6,33.8,71.5
113001012427,INSTITUCION EDUCATIVA MANUELA VERGARA DE CURI,2024,49.6,93.6,12.1,27.0,58.9
113001012427,INSTITUCION EDUCATIVA MANUELA VERGARA DE CURI,2025,57.3,97.9,18.8,39.6,75.0
113001012508,ESCUELA NORMAL SUPERIOR DE CARTAGENA DE INDIAS,2021,27.0,87.9,1.4,10.6,32.6
113001012508,ESCUELA NORMAL SUPERIOR DE CARTAGENA DE INDIAS,2022,24.5,82.1,3.3,17.2,30.5
113001012508,ESCUELA NORMAL SUPERIOR DE CARTAGENA DE INDIAS,2023,17.9,78.6,4.1,6.2,26.9
113001012508,ESCUELA NORMAL SUPERIOR DE CARTAGENA DE INDIAS,2024,14.2,78.0,1.6,7.9,25.2
113001012508,ESCUELA NORMAL SUPERIOR DE CARTAGENA DE INDIAS,2025,9.8,65.6,2.5,9.0,24.6
113001012788,INSTITUCION EDUCATIVA CIUDAD DE TUNJA,2021,43.0,90.3,9.7,26.9,63.4
113001012788,INSTITUCION EDUCATIVA CIUDAD DE TUNJA,2022,41.0,88.5,9.0,32.1,59.0
113001012788,INSTITUCION EDUCATIVA CIUDAD DE TUNJA,2023,38.7,78.7,10.7,16.0,41.3
113001012788,INSTITUCION EDUCATIVA CIUDAD DE TUNJA,2024,35.3,85.3,14.7,27.9,51.5
113001012788,INSTITUCION EDUCATIVA CIUDAD DE TUNJA,2025,30.9,82.7,8.6,19.8,50.6
113001013814,INSTITUCION EDUCATIVA BERTHA GEDEON DE BALADI,2021,14.0,72.9,1.6,5.4,22.5
113001013814,INSTITUCION EDUCATIVA BERTHA GEDEON DE BALADI,2022,14.1,66.3,0.0,3.3,28.3
113001013814,INSTITUCION EDUCATIVA BERTHA GEDEON DE BALADI,2023,15.6,74.4,2.2,3.3,22.2
113001013814,INSTITUCION EDUCATIVA BERTHA GEDEON DE BALADI,2024,13.8,73.1,4.6,8.5,27.7
113001013814,INSTITUCION EDUCATIVA BERTHA GEDEON DE BALADI,2025,32.8,80.9,11.5,19.1,50.8
113001020969,INSTITUCION EDUCATIVA FRANCISCO DE PAULA SANTANDER,2021,48.4,93.8,1.6,20.3,50.0
113001020969,INSTITUCION EDUCATIVA FRANCISCO DE PAULA SANTANDER,2022,40.7,96.3,11.1,24.1,51.9
113001020969,INSTITUCION EDUCATIVA FRANCISCO DE PAULA SANTANDER,2023,36.2,98.3,6.9,22.4,44.8
113001020969,INSTITUCION EDUCATIVA FRANCISCO DE PAULA SANTANDER,2024,37.9,91.4,8.6,24.1,53.4
113001020969,INSTITUCION EDUCATIVA FRANCISCO DE PAULA SANTANDER,2025,47.3,94.5,16.4,38.2,69.1
113001028421,INSTITUCION EDUCATIVA 14 DE FEBRERO,2021,44.3,98.4,0.0,16.4,49.2
113001028421,INSTITUCION EDUCATIVA 14 DE FEBRERO,2022,47.0,94.0,9.6,34.9,61.4
113001028421,INSTITUCION EDUCATIVA 14 DE FEBRERO,2023,38.2,96.1,7.8,19.6,52.0
113001028421,INSTITUCION EDUCATIVA 14 DE FEBRERO,2024,35.0,91.1,8.9,26.8,61.8
113001028421,INSTITUCION EDUCATIVA 14 DE FEBRERO,2025,32.0,92.2,6.8,23.3,62.1
113001028469,INSTITUCION EDUCATIVA RAFAEL NU?EZ,2021,46.3,92.5,7.5,25.4,49.3
113001028469,INSTITUCION EDUCATIVA RAFAEL NU?EZ,2022,42.4,87.9,10.6,18.2,43.9
113001028469,INSTITUCION EDUCATIVA RAFAEL NU?EZ,2023,30.8,83.1,10.8,16.9,38.5
113001028469,INSTITUCION EDUCATIVA RAFAEL NU?EZ,2024,35.6,79.7,11.9,20.3,39.0
113001028469,INSTITUCION EDUCATIVA RAFAEL NU?EZ,2025,15.5,82.8,3.4,27.6,36.2
113001028483,INSTITUCION EDUCATIVA CASD MANUELA BELTRAN,2021,33.9,92.9,5.4,12.5,44.6
113001028483,INSTITUCION EDUCATIVA CASD MANUELA BELTRAN,2022,31.2,81.2,4.2,8.3,47.9
113001028483,INSTITUCION EDUCATIVA CASD MANUELA BELTRAN,2023,24.6,80.7,1.8,5.3,40.4
113001028483,INSTITUCION EDUCATIVA CASD MANUELA BELTRAN,2024,30.0,78.0,6.0,8.0,38.0
113001028483,INSTITUCION EDUCATIVA CASD MANUELA BELTRAN,2025,20.8,79.2,9.4,7.5,54.7
113001028919,INSTITUCION EDUCATIVA NUEVO BOSQUE,2021,40.9,94.2,9.7,20.8,51.3
113001028919,INSTITUCION EDUCATIVA NUEVO BOSQUE,2022,35.3,89.9,7.2,17.3,51.8
113001028919,INSTITUCION EDUCATIVA NUEVO BOSQUE,2023,24.4,84.6,5.7,9.8,39.8
113001028919,INSTITUCION EDUCATIVA NUEVO BOSQUE,2024,31.2,87.9,11.6,15.6,55.5
113001028919,INSTITUCION EDUCATIVA NUEVO BOSQUE,2025,30.6,87.3,9.2,22.0,53.8
113001028927,INSTITUCION EDUCATIVA CIUDADELA 2000,2021,29.6,94.4,4.8,8.8,44.8
113001028927,INSTITUCION EDUCATIVA CIUDADELA 2000,2022,30.2,92.2,7.8,17.1,44.2
113001028927,INSTITUCION EDUCATIVA CIUDADELA 2000,2023,27.5,89.3,3.8,6.9,37.4
113001028927,INSTITUCION EDUCATIVA CIUDADELA 2000,2024,21.6,85.8,4.5,11.9,37.3
113001028927,INSTITUCION EDUCATIVA CIUDADELA 2000,2025,22.9,76.3,1.5,19.1,34.4
113001029095,INSTITUCION EDUCATIVA FOCO ROJO,2021,46.6,96.6,13.6,21.6,58.0
113001029095,INSTITUCION EDUCATIVA FOCO ROJO,2022,48.8,100.0,16.2,33.8,57.5
113001029095,INSTITUCION EDUCATIVA FOCO ROJO,2023,43.8,90.0,2.5,20.0,53.8
113001029095,INSTITUCION EDUCATIVA FOCO ROJO,2024,37.9,95.8,7.4,25.3,54.7
113001029095,INSTITUCION EDUCATIVA FOCO ROJO,2025,37.5,87.5,1.4,18.1,41.7
113001029851,INSTITUCION EDUCATIVA JORGE ARTEL,2021,61.3,100.0,20.8,38.7,77.4
113001029851,INSTITUCION EDUCATIVA JORGE ARTEL,2022,68.1,98.9,26.6,41.5,77.7
113001029851,INSTITUCION EDUCATIVA JORGE ARTEL,2023,63.6,100.0,16.7,40.9,71.2
113001029851,INSTITUCION EDUCATIVA JORGE ARTEL,2024,57.1,100.0,20.6,36.5,66.7
113001029851,INSTITUCION EDUCATIVA JORGE ARTEL,2025,49.2,90.2,14.8,24.6,72.1
113001029893,INSTITUCIÓN EDUCATIVA ROSEDAL,2021,19.4,81.7,2.2,5.4,31.2
113001029893,INSTITUCIÓN EDUCATIVA ROSEDAL,2022,17.5,86.6,2.1,8.2,38.1
113001029893,INSTITUCIÓN EDUCATIVA ROSEDAL,2023,25.9,79.3,4.3,11.2,50.9
113001029893,INSTITUCIÓN EDUCATIVA ROSEDAL,2024,17.8,79.4,4.7,9.3,37.4
113001029893,INSTITUCIÓN EDUCATIVA ROSEDAL,2025,10.0,68.0,2.0,7.0,28.0
113001030085,INSTITUCION EDUCATIVA MANDELA,2021,43.0,87.2,8.1,15.1,51.2
113001030085,INSTITUCION EDUCATIVA MANDELA,2022,46.6,92.2,15.5,26.2,67.0
113001030085,INSTITUCION EDUCATIVA MANDELA,2023,39.4,91.9,8.1,24.2,55.6
113001030085,INSTITUCION EDUCATIVA MANDELA,2024,43.8,96.9,8.3,21.9,58.3
113001030085,INSTITUCION EDUCATIVA MANDELA,2025,39.0,89.0,9.0,21.0,56.0
113001030093,INSTITUCION EDUCATIVA FUNDACION PIES DESCALZOS,2021,30.9,94.5,10.9,16.4,45.5
113001030093,INSTITUCION EDUCATIVA FUNDACION PIES DESCALZOS,2022,16.3,81.4,7.0,7.0,30.2
113001030093,INSTITUCION EDUCATIVA FUNDACION PIES DESCALZOS,2023,17.5,87.7,3.5,10.5,35.1
113001030093,INSTITUCION EDUCATIVA FUNDACION PIES DESCALZOS,2024,14.9,87.2,2.1,14.9,31.9
113001030093,INSTITUCION EDUCATIVA FUNDACION PIES DESCALZOS,2025,15.4,88.5,1.9,7.7,38.5
113001030212,INSTITUCION EDUCATIVA BICENTENARIO,2021,34.6,94.4,6.5,16.8,44.9
113001030212,INSTITUCION EDUCATIVA BICENTENARIO,2022,36.0,89.5,7.0,15.1,46.5
113001030212,INSTITUCION EDUCATIVA BICENTENARIO,2023,31.5,89.8,6.5,13.9,48.1
113001030212,INSTITUCION EDUCATIVA BICENTENARIO,2024,17.0,87.0,3.0,10.0,32.0
113001030212,INSTITUCION EDUCATIVA BICENTENARIO,2025,27.9,82.0,2.7,6.3,35.1
113001800019,INSTITUCION EDUCATIVA FUNDACION PIES DESCALZOS VILLAS DE ARANJUEZ,2024,36.8,84.2,21.1,26.3,52.6
113001800019,INSTITUCION EDUCATIVA FUNDACION PIES DESCALZOS VILLAS DE ARANJUEZ,2025,33.7,88.0,9.6,26.5,60.2
113001800123,INSTITUCION EDUCATIVA GABRIEL GARCIA MARQUEZ,2021,49.0,95.2,19.2,22.1,58.7
113001800123,INSTITUCION EDUCATIVA GABRIEL GARCIA MARQUEZ,2022,36.0,97.4,8.8,27.2,50.9
113001800123,INSTITUCION EDUCATIVA GABRIEL GARCIA MARQUEZ,2023,53.7,96.7,6.5,27.6,62.6
113001800123,INSTITUCION EDUCATIVA GABRIEL GARCIA MARQUEZ,2024,42.3,92.3,6.7,28.8,47.1
113001800123,INSTITUCION EDUCATIVA GABRIEL GARCIA MARQUEZ,2025,33.3,91.2,7.8,22.5,56.9
113001800263,INSTITUCION EDUCATIVA EL SALVADOR,2021,46.9,96.5,11.1,28.3,61.9
113001800263,INSTITUCION EDUCATIVA EL SALVADOR,2022,49.8,93.5,14.1,28.9,59.5
113001800263,INSTITUCION EDUCATIVA EL SALVADOR,2023,36.9,92.2,6.1,19.7,52.5
113001800263,INSTITUCION EDUCATIVA EL SALVADOR,2024,34.4,93.0,8.4,25.3,50.5
113001800263,INSTITUCION EDUCATIVA EL SALVADOR,2025,38.8,91.9,9.4,27.5,61.9
113001800395,INSTITUCION EDUCATIVA JUAN BAUTISTA SCALABRINI,2025,32.3,86.8,5.4,24.0,52.1
113001800990,INSTITUCION EDUCATIVA POLITECNICO DEL POZON,2022,52.6,100.0,5.3,26.3,47.4
113001800990,INSTITUCION EDUCATIVA POLITECNICO DEL POZON,2023,43.2,95.9,9.5,31.1,45.9
113001800990,INSTITUCION EDUCATIVA POLITECNICO DEL POZON,2024,38.5,97.4,7.7,12.8,46.2
113001800990,INSTITUCION EDUCATIVA POLITECNICO DEL POZON,2025,30.0,85.7,4.3,15.7,38.6
113006000664,INSTITUCIÓN EDUCATIVA SAN JOSÉ DE ACHI,2021,62.2,93.3,17.8,28.9,71.1
113006000664,INSTITUCIÓN EDUCATIVA SAN JOSÉ DE ACHI,2022,65.0,97.5,22.5,30.0,77.5
113006000664,INSTITUCIÓN EDUCATIVA SAN JOSÉ DE ACHI,2023,48.8,95.3,11.6,20.9,60.5
113006000664,INSTITUCIÓN EDUCATIVA SAN JOSÉ DE ACHI,2024,51.3,100.0,30.8,38.5,56.4
113006000664,INSTITUCIÓN EDUCATIVA SAN JOSÉ DE ACHI,2025,50.0,97.2,13.9,30.6,72.2
113006000761,INSTITUCIÓN EDUCATIVA TECNICA AGROPECUARIA RICARDO CASTELLAR BARRIOS,2021,37.9,71.2,6.1,13.6,48.5
113006000761,INSTITUCIÓN EDUCATIVA TECNICA AGROPECUARIA RICARDO CASTELLAR BARRIOS,2022,40.7,81.4,6.8,27.1,44.1
113006000761,INSTITUCIÓN EDUCATIVA TECNICA AGROPECUARIA RICARDO CASTELLAR BARRIOS,2023,39.4,66.7,4.5,18.2,50.0
113006000761,INSTITUCIÓN EDUCATIVA TECNICA AGROPECUARIA RICARDO CASTELLAR BARRIOS,2024,28.7,83.9,6.9,21.8,43.7
113006000761,INSTITUCIÓN EDUCATIVA TECNICA AGROPECUARIA RICARDO CASTELLAR BARRIOS,2025,29.4,94.1,3.9,11.8,51.0
113042001618,INSTITUCIÓN EDUCATIVA TÉCNICA AGROPECUARIA EFIGENIO MENDOZA SIERRA,2021,35.9,98.4,6.2,18.8,53.1
113042001618,INSTITUCIÓN EDUCATIVA TÉCNICA AGROPECUARIA EFIGENIO MENDOZA SIERRA,2022,52.9,97.1,11.8,25.0,50.0
113042001618,INSTITUCIÓN EDUCATIVA TÉCNICA AGROPECUARIA EFIGENIO MENDOZA SIERRA,2023,50.0,96.2,9.0,33.3,52.6
113042001618,INSTITUCIÓN EDUCATIVA TÉCNICA AGROPECUARIA EFIGENIO MENDOZA SIERRA,2024,49.2,98.3,15.3,30.5,61.0
113042001618,INSTITUCIÓN EDUCATIVA TÉCNICA AGROPECUARIA EFIGENIO MENDOZA SIERRA,2025,44.1,96.8,6.5,29.0,57.0
113052000024,LICEO LAS FLORES,2021,22.2,55.6,0.0,0.0,22.2
113052000024,LICEO LAS FLORES,2022,0.0,55.6,0.0,0.0,0.0
113052000024,LICEO LAS FLORES,2023,0.0,75.0,12.5,0.0,12.5
113052000024,LICEO LAS FLORES,2024,0.0,72.7,0.0,0.0,18.2
113052000024,LICEO LAS FLORES,2025,40.0,70.0,10.0,20.0,50.0
113052000130,INSTITUCIÓN EDUCATIVA TÉCNICA EN INFORMATICA FRANCISCO DE PAULA SANTANDER,2021,39.6,86.5,8.3,16.7,53.1
113052000130,INSTITUCIÓN EDUCATIVA TÉCNICA EN INFORMATICA FRANCISCO DE PAULA SANTANDER,2022,37.8,90.8,8.2,15.3,40.8
113052000130,INSTITUCIÓN EDUCATIVA TÉCNICA EN INFORMATICA FRANCISCO DE PAULA SANTANDER,2023,42.6,93.9,7.8,20.9,47.8
113052000130,INSTITUCIÓN EDUCATIVA TÉCNICA EN INFORMATICA FRANCISCO DE PAULA SANTANDER,2024,35.1,92.4,10.7,24.4,43.5
113052000130,INSTITUCIÓN EDUCATIVA TÉCNICA EN INFORMATICA FRANCISCO DE PAULA SANTANDER,2025,24.6,77.6,5.2,15.7,35.1
113052000172,INSTITUCIÓN EDUCATIVA BENJAMIN HERRERA,2021,41.5,93.2,8.8,22.4,47.6
113052000172,INSTITUCIÓN EDUCATIVA BENJAMIN HERRERA,2022,33.9,90.3,9.1,18.8,43.6
113052000172,INSTITUCIÓN EDUCATIVA BENJAMIN HERRERA,2023,38.5,89.6,4.4,14.1,45.9
113052000172,INSTITUCIÓN EDUCATIVA BENJAMIN HERRERA,2024,23.2,84.5,7.0,16.2,50.7
113052000172,INSTITUCIÓN EDUCATIVA BENJAMIN HERRERA,2025,31.0,85.8,7.1,29.2,52.2
113052000211,INSTITUCIÓN EDUCATIVA TÉCNICA  AGROINDUSTRIAL REPUBLICA DE COLOMBIA,2021,48.6,100.0,10.8,29.7,64.9
113052000211,INSTITUCIÓN EDUCATIVA TÉCNICA  AGROINDUSTRIAL REPUBLICA DE COLOMBIA,2022,63.5,100.0,16.2,35.1,75.7
113052000211,INSTITUCIÓN EDUCATIVA TÉCNICA  AGROINDUSTRIAL REPUBLICA DE COLOMBIA,2023,53.4,95.9,19.2,43.8,75.3
113052000211,INSTITUCIÓN EDUCATIVA TÉCNICA  AGROINDUSTRIAL REPUBLICA DE COLOMBIA,2024,62.0,100.0,25.3,35.4,72.2
113052000211,INSTITUCIÓN EDUCATIVA TÉCNICA  AGROINDUSTRIAL REPUBLICA DE COLOMBIA,2025,62.0,94.4,19.7,42.3,73.2
113052000318,INSTITUCIÓN EDUCATIVA TÉCNICA EN ARTES Y OFICIOS MARIA MICHELSEN DE LOPEZ,2021,54.8,92.9,11.9,38.1,58.3
113052000318,INSTITUCIÓN EDUCATIVA TÉCNICA EN ARTES Y OFICIOS MARIA MICHELSEN DE LOPEZ,2022,64.8,95.2,26.4,42.4,72.8
113052000318,INSTITUCIÓN EDUCATIVA TÉCNICA EN ARTES Y OFICIOS MARIA MICHELSEN DE LOPEZ,2023,70.4,98.8,11.1,48.1,81.5
113052000318,INSTITUCIÓN EDUCATIVA TÉCNICA EN ARTES Y OFICIOS MARIA MICHELSEN DE LOPEZ,2024,53.6,97.1,27.5,43.5,66.7
113052000318,INSTITUCIÓN EDUCATIVA TÉCNICA EN ARTES Y OFICIOS MARIA MICHELSEN DE LOPEZ,2025,63.6,99.1,14.0,45.8,69.2
113052000415,INSTITUCIÓN EDUCATIVA TÉCNICA INDUSTRIAL DON BOSCO,2021,42.9,97.7,12.0,21.7,52.6
113052000415,INSTITUCIÓN EDUCATIVA TÉCNICA INDUSTRIAL DON BOSCO,2022,40.6,95.6,10.6,28.8,53.8
113052000415,INSTITUCIÓN EDUCATIVA TÉCNICA INDUSTRIAL DON BOSCO,2023,33.1,90.3,6.9,19.4,46.3
113052000415,INSTITUCIÓN EDUCATIVA TÉCNICA INDUSTRIAL DON BOSCO,2024,27.0,89.9,5.4,16.9,40.5
113052000415,INSTITUCIÓN EDUCATIVA TÉCNICA INDUSTRIAL DON BOSCO,2025,26.8,89.1,6.6,15.3,50.3
113052000431,INSTITUCIÓN EDUCATIVA CATALINA HERRERA,2021,49.1,99.1,9.8,27.7,57.1
113052000431,INSTITUCIÓN EDUCATIVA CATALINA HERRERA,2022,50.5,100.0,18.6,32.0,60.8
113052000431,INSTITUCIÓN EDUCATIVA CATALINA HERRERA,2023,48.7,98.2,14.2,30.1,55.8
113052000431,INSTITUCIÓN EDUCATIVA CATALINA HERRERA,2024,50.0,95.1,19.5,35.4,58.5
113052000431,INSTITUCIÓN EDUCATIVA CATALINA HERRERA,2025,37.1,87.1,3.2,25.8,48.4
113052000440,INSTITUCIÓN EDUCATIVA TÉCNICA AGROPECUARIA Y ACUÍCOLA DE PUERTO BADEL,2022,50.0,97.4,21.1,26.3,63.2
113052000440,INSTITUCIÓN EDUCATIVA TÉCNICA AGROPECUARIA Y ACUÍCOLA DE PUERTO BADEL,2023,61.3,100.0,12.9,32.3,87.1
113052000440,INSTITUCIÓN EDUCATIVA TÉCNICA AGROPECUARIA Y ACUÍCOLA DE PUERTO BADEL,2024,65.7,97.1,25.7,42.9,85.7
113052000440,INSTITUCIÓN EDUCATIVA TÉCNICA AGROPECUARIA Y ACUÍCOLA DE PUERTO BADEL,2025,43.8,96.9,6.2,18.8,75.0
113052800153,INSTITUCIÓN EDUCATIVA TÉCNICA INDUSTRIAL DON BOSCO,2025,100.0,100.0,0.0,0.0,100.0
113140000115,INSTITUCIÓN EDUCATIVA FRANCISCO DE PAULA SANTANDER,2021,62.9,96.8,14.5,45.2,72.6
113140000115,INSTITUCIÓN EDUCATIVA FRANCISCO DE PAULA SANTANDER,2022,62.5,95.0,20.0,51.2,71.2
113140000115,INSTITUCIÓN EDUCATIVA FRANCISCO DE PAULA SANTANDER,2023,49.4,95.5,7.9,47.2,57.3
113140000115,INSTITUCIÓN EDUCATIVA FRANCISCO DE PAULA SANTANDER,2024,61.8,95.5,21.3,40.4,66.3
113140000115,INSTITUCIÓN EDUCATIVA FRANCISCO DE PAULA SANTANDER,2025,49.4,92.9,5.9,28.2,57.6
113140000191,INSTITUCIÓN EDUCATIVA TÉCNICA  AGROINDUSTRIAL DE CALAMAR,2021,58.6,98.9,18.4,40.2,66.7
113140000191,INSTITUCIÓN EDUCATIVA TÉCNICA  AGROINDUSTRIAL DE CALAMAR,2022,54.5,98.0,19.2,42.4,72.7
113140000191,INSTITUCIÓN EDUCATIVA TÉCNICA  AGROINDUSTRIAL DE CALAMAR,2023,65.4,98.7,16.7,42.3,73.1
113140000191,INSTITUCIÓN EDUCATIVA TÉCNICA  AGROINDUSTRIAL DE CALAMAR,2024,46.7,98.7,20.0,24.0,65.3
113140000191,INSTITUCIÓN EDUCATIVA TÉCNICA  AGROINDUSTRIAL DE CALAMAR,2025,63.9,95.8,20.8,29.2,73.6
113188000028,INSTITUCIÓN EDUCATIVA TÉCNICA AGROAMBIENTAL SANTA ROSA DE LIMA,2021,50.9,100.0,7.3,27.3,56.4
113188000028,INSTITUCIÓN EDUCATIVA TÉCNICA AGROAMBIENTAL SANTA ROSA DE LIMA,2022,51.1,93.6,17.0,27.7,46.8
113188000028,INSTITUCIÓN EDUCATIVA TÉCNICA AGROAMBIENTAL SANTA ROSA DE LIMA,2023,36.1,100.0,4.9,24.6,49.2
113188000028,INSTITUCIÓN EDUCATIVA TÉCNICA AGROAMBIENTAL SANTA ROSA DE LIMA,2024,25.7,94.3,5.7,8.6,45.7
113188000028,INSTITUCIÓN EDUCATIVA TÉCNICA AGROAMBIENTAL SANTA ROSA DE LIMA,2025,17.1,91.4,0.0,14.3,28.6
113188000036,INSTITUCIÓN EDUCATIVA TÉCNICA ACUÍCOLA NUESTRA SEÑORA DE MONTECLARO,2021,30.7,93.2,10.2,23.9,44.3
113188000036,INSTITUCIÓN EDUCATIVA TÉCNICA ACUÍCOLA NUESTRA SEÑORA DE MONTECLARO,2022,28.0,92.0,10.7,17.3,41.3
113188000036,INSTITUCIÓN EDUCATIVA TÉCNICA ACUÍCOLA NUESTRA SEÑORA DE MONTECLARO,2023,20.0,84.0,4.0,6.7,28.0
113188000036,INSTITUCIÓN EDUCATIVA TÉCNICA ACUÍCOLA NUESTRA SEÑORA DE MONTECLARO,2024,31.5,83.6,5.5,13.7,46.6
113188000036,INSTITUCIÓN EDUCATIVA TÉCNICA ACUÍCOLA NUESTRA SEÑORA DE MONTECLARO,2025,29.4,90.2,3.9,15.7,39.2
113244000010,INSTITUCIÓN EDUCATIVA MANUEL EDMUNDO MENDOZA,2021,54.5,100.0,7.6,25.8,57.6
113244000010,INSTITUCIÓN EDUCATIVA MANUEL EDMUNDO MENDOZA,2022,48.8,94.0,7.1,26.2,51.2
113244000010,INSTITUCIÓN EDUCATIVA MANUEL EDMUNDO MENDOZA,2023,41.6,96.6,6.7,18.0,41.6
113244000010,INSTITUCIÓN EDUCATIVA MANUEL EDMUNDO MENDOZA,2024,33.3,89.5,5.3,15.8,45.6
113244000010,INSTITUCIÓN EDUCATIVA MANUEL EDMUNDO MENDOZA,2025,26.1,94.2,8.7,14.5,46.4
113244000125,INSTITUCIÓN EDUCATIVA TÉCNICA DE PROMOCIÓN SOCIAL,2021,52.5,96.7,18.0,32.8,54.1
113244000125,INSTITUCIÓN EDUCATIVA TÉCNICA DE PROMOCIÓN SOCIAL,2022,40.0,98.5,15.4,29.2,55.4
113244000125,INSTITUCIÓN EDUCATIVA TÉCNICA DE PROMOCIÓN SOCIAL,2023,39.7,96.6,19.0,22.4,56.9
113244000125,INSTITUCIÓN EDUCATIVA TÉCNICA DE PROMOCIÓN SOCIAL,2024,41.3,97.8,13.0,13.0,58.7
113244000125,INSTITUCIÓN EDUCATIVA TÉCNICA DE PROMOCIÓN SOCIAL,2025,45.1,94.4,15.5,25.4,63.4
113244000338,INSTITUCIÓN EDUCATIVA TÉCNICA  GABRIELA MISTRAL,2021,30.4,97.8,2.2,10.9,39.1
113244000338,INSTITUCIÓN EDUCATIVA TÉCNICA  GABRIELA MISTRAL,2022,27.7,95.7,2.1,21.3,53.2
113244000338,INSTITUCIÓN EDUCATIVA TÉCNICA  GABRIELA MISTRAL,2023,28.6,94.6,7.1,16.1,44.6
113244000338,INSTITUCIÓN EDUCATIVA TÉCNICA  GABRIELA MISTRAL,2024,33.3,96.7,1.7,15.0,36.7
113244000338,INSTITUCIÓN EDUCATIVA TÉCNICA  GABRIELA MISTRAL,2025,28.6,100.0,7.1,17.9,51.8
113244000397,INSTITUCIÓN EDUCATIVA MARIA INMACULADA,2021,39.4,98.5,7.6,18.2,48.5
113244000397,INSTITUCIÓN EDUCATIVA MARIA INMACULADA,2022,35.7,97.1,18.6,25.7,50.0
113244000397,INSTITUCIÓN EDUCATIVA MARIA INMACULADA,2023,40.7,94.4,5.6,18.5,37.0
113244000397,INSTITUCIÓN EDUCATIVA MARIA INMACULADA,2024,29.6,90.1,3.7,12.3,40.7
113244000397,INSTITUCIÓN EDUCATIVA MARIA INMACULADA,2025,19.7,94.7,2.6,14.5,36.8
113244000591,INSTITUCIÓN EDUCATIVA ESPIRITU SANTO,2021,20.7,79.3,3.4,12.1,15.5
113244000591,INSTITUCIÓN EDUCATIVA ESPIRITU SANTO,2022,12.5,65.6,1.6,3.1,14.1
113244000591,INSTITUCIÓN EDUCATIVA ESPIRITU SANTO,2023,16.9,80.0,0.0,6.2,27.7
113244000591,INSTITUCIÓN EDUCATIVA ESPIRITU SANTO,2024,4.6,69.2,1.5,3.1,16.9
113244000591,INSTITUCIÓN EDUCATIVA ESPIRITU SANTO,2025,4.8,64.5,1.6,8.1,21.0
113244000877,INSTITUCIÓN EDUCATIVA TÉCNICA Y DE PARTICIPACION COMUNITARIA JULIO CESAR TURBAY,2021,73.3,100.0,15.6,48.9,73.3
113244000877,INSTITUCIÓN EDUCATIVA TÉCNICA Y DE PARTICIPACION COMUNITARIA JULIO CESAR TURBAY,2022,65.7,98.5,19.4,47.8,68.7
113244000877,INSTITUCIÓN EDUCATIVA TÉCNICA Y DE PARTICIPACION COMUNITARIA JULIO CESAR TURBAY,2023,64.5,100.0,18.4,44.7,73.7
113244000877,INSTITUCIÓN EDUCATIVA TÉCNICA Y DE PARTICIPACION COMUNITARIA JULIO CESAR TURBAY,2024,74.7,97.5,26.6,46.8,77.2
113244000877,INSTITUCIÓN EDUCATIVA TÉCNICA Y DE PARTICIPACION COMUNITARIA JULIO CESAR TURBAY,2025,61.0,100.0,15.3,32.2,69.5
113244000982,INSTITUCIÒN EDUCATIVA TÈCNICA ECOLÒGICA EMMA CECILIA ARNOLD,2021,53.3,100.0,13.3,17.8,62.2
113244000982,INSTITUCIÒN EDUCATIVA TÈCNICA ECOLÒGICA EMMA CECILIA ARNOLD,2022,43.8,96.9,12.5,31.2,50.0
113244000982,INSTITUCIÒN EDUCATIVA TÈCNICA ECOLÒGICA EMMA CECILIA ARNOLD,2023,45.5,97.0,3.0,27.3,57.6
113244000982,INSTITUCIÒN EDUCATIVA TÈCNICA ECOLÒGICA EMMA CECILIA ARNOLD,2024,38.2,97.1,17.6,17.6,64.7
113244000982,INSTITUCIÒN EDUCATIVA TÈCNICA ECOLÒGICA EMMA CECILIA ARNOLD,2025,38.5,84.6,7.7,11.5,76.9
113244001041,INSTITUCIÓN EDUCATIVA TÉCNICA  AGROPECUARIA GEOVANNY CRISTINI CRISTINI,2021,58.3,100.0,15.0,28.3,70.0
113244001041,INSTITUCIÓN EDUCATIVA TÉCNICA  AGROPECUARIA GEOVANNY CRISTINI CRISTINI,2022,65.6,100.0,14.8,26.2,73.8
113244001041,INSTITUCIÓN EDUCATIVA TÉCNICA  AGROPECUARIA GEOVANNY CRISTINI CRISTINI,2023,52.0,100.0,10.7,33.3,66.7
113244001041,INSTITUCIÓN EDUCATIVA TÉCNICA  AGROPECUARIA GEOVANNY CRISTINI CRISTINI,2024,56.1,97.0,22.7,40.9,68.2
113244001041,INSTITUCIÓN EDUCATIVA TÉCNICA  AGROPECUARIA GEOVANNY CRISTINI CRISTINI,2025,56.6,100.0,15.8,34.2,71.1
113244003272,INSTITUCIÓN EDUCATIVA TÉCNICA INDUSTRIAL JUAN FEDERICO HOLLMAN,2021,37.9,97.1,4.9,14.6,48.5
113244003272,INSTITUCIÓN EDUCATIVA TÉCNICA INDUSTRIAL JUAN FEDERICO HOLLMAN,2022,33.1,97.9,9.7,19.3,61.4
113244003272,INSTITUCIÓN EDUCATIVA TÉCNICA INDUSTRIAL JUAN FEDERICO HOLLMAN,2023,36.4,95.3,9.3,22.5,45.0
113244003272,INSTITUCIÓN EDUCATIVA TÉCNICA INDUSTRIAL JUAN FEDERICO HOLLMAN,2024,10.0,92.5,6.2,3.8,37.5
113244003272,INSTITUCIÓN EDUCATIVA TÉCNICA INDUSTRIAL JUAN FEDERICO HOLLMAN,2025,12.0,90.7,3.7,2.8,42.6
113248000057,INSTITUCIÓN EDUCATIVA TÉCNICA AGROPECUARIAL DE EL GUAMO,2021,46.6,93.1,13.8,37.9,62.1
113248000057,INSTITUCIÓN EDUCATIVA TÉCNICA AGROPECUARIAL DE EL GUAMO,2022,35.3,95.6,8.8,26.5,50.0
113248000057,INSTITUCIÓN EDUCATIVA TÉCNICA AGROPECUARIAL DE EL GUAMO,2023,40.0,98.2,12.7,12.7,60.0
113248000057,INSTITUCIÓN EDUCATIVA TÉCNICA AGROPECUARIAL DE EL GUAMO,2024,35.7,96.4,8.9,12.5,53.6
113248000057,INSTITUCIÓN EDUCATIVA TÉCNICA AGROPECUARIAL DE EL GUAMO,2025,21.1,91.2,7.0,12.3,43.9
113430000003,INST EDUC LICEO JOAQUIN F. VELEZ,2021,41.2,96.6,14.2,27.7,56.8
113430000003,INST EDUC LICEO JOAQUIN F. VELEZ,2022,35.6,96.7,11.7,21.7,50.0
113430000003,INST EDUC LICEO JOAQUIN F. VELEZ,2023,42.2,97.3,7.6,20.5,55.7
113430000003,INST EDUC LICEO JOAQUIN F. VELEZ,2024,27.5,92.6,7.4,20.8,51.7
113430000003,INST EDUC LICEO JOAQUIN F. VELEZ,2025,35.4,90.0,7.7,14.6,59.2
113430000143,INST EDUC NSTRA SRA DE FATIMA,2021,25.0,88.3,3.3,7.5,35.0
113430000143,INST EDUC NSTRA SRA DE FATIMA,2022,12.6,74.8,4.9,10.7,29.1
113430000143,INST EDUC NSTRA SRA DE FATIMA,2023,17.1,81.9,1.9,11.4,33.3
113430000143,INST EDUC NSTRA SRA DE FATIMA,2024,14.5,76.1,2.6,6.0,30.8
113430000143,INST EDUC NSTRA SRA DE FATIMA,2025,18.6,69.6,2.0,10.8,22.5
113430000631,I.E. SAN JOSE NO 2,2021,28.8,93.3,6.7,14.4,46.2
113430000631,I.E. SAN JOSE NO 2,2022,18.8,85.4,2.1,14.6,28.1
113430000631,I.E. SAN JOSE NO 2,2023,14.1,83.5,3.5,4.7,32.9
113430000631,I.E. SAN JOSE NO 2,2024,23.6,86.8,1.9,6.6,37.7
113430000631,SAN JOSE NO 2,2025,22.9,80.0,2.9,15.2,42.9
113430001379,INST EDUC MANUEL ATENCIA ORDO¿EZ,2021,51.9,96.9,13.1,26.2,65.0
113430001379,INST EDUC MANUEL ATENCIA ORDO¿EZ,2022,49.3,95.5,14.9,29.9,60.4
113430001379,INST EDUC MANUEL ATENCIA ORDO¿EZ,2023,41.4,94.0,1.5,24.8,54.9
113430001379,INST EDUC MANUEL ATENCIA ORDO¿EZ,2024,44.5,92.7,10.0,23.6,65.5
113430001379,INST EDUC MANUEL ATENCIA ORDO¿EZ,2025,43.7,96.6,4.6,21.8,62.1
113430002171,INST EDUC COMUNAL DE VERSALLES,2021,29.8,95.2,6.0,14.3,54.8
113430002171,INST EDUC COMUNAL DE VERSALLES,2022,28.6,93.4,2.2,12.1,39.6
113430002171,INST EDUC COMUNAL DE VERSALLES,2023,24.8,91.4,4.8,7.6,45.7
113430002171,INST EDUC COMUNAL DE VERSALLES,2024,22.7,93.2,9.1,11.4,42.0
113430002171,INST EDUC COMUNAL DE VERSALLES,2025,30.9,85.2,6.2,8.6,49.4
113430002189,INST EDUC SAN MATEO,2021,12.9,79.2,0.0,3.0,21.8
113430002189,INST EDUC SAN MATEO,2022,6.7,72.2,1.1,2.2,16.7
113430002189,INST EDUC SAN MATEO,2023,10.9,78.2,0.9,2.7,30.9
113430002189,INST EDUC SAN MATEO,2024,5.5,76.9,0.0,1.1,20.9
113430002189,INST EDUC SAN MATEO,2025,20.8,65.3,4.0,6.9,37.6
113430003070,INST EDUC LICEO MODERNO MAGANGUE,2021,21.0,93.5,8.1,14.5,50.0
113430003070,INST EDUC LICEO MODERNO MAGANGUE,2022,31.5,91.8,6.8,16.4,38.4
113430003070,INST EDUC LICEO MODERNO MAGANGUE,2023,14.5,85.5,2.9,5.8,30.4
113430003070,INST EDUC LICEO MODERNO MAGANGUE,2024,10.0,82.5,0.0,2.5,17.5
113430003070,INST EDUC LICEO MODERNO MAGANGUE,2025,6.8,65.9,2.3,4.5,27.3
113430003096,I.E. SAN JOSE NO 1,2021,50.9,94.5,11.5,29.4,58.7
113430003096,I.E. SAN JOSE NO 1,2022,23.8,80.0,3.8,10.5,33.3
113430003096,I.E. SAN JOSE NO 1,2023,26.9,84.8,1.8,11.1,37.4
113430003096,I.E. SAN JOSE NO 1,2024,32.8,88.4,6.9,16.4,43.9
113430003096,I.E. SAN JOSE NO 1,2025,29.1,86.1,7.0,15.8,41.8
113433000021,INSTITUCIÓN EDUCATIVA CAMILO TORRES DE MAHATES,2021,53.5,100.0,16.9,31.0,69.0
113433000021,INSTITUCIÓN EDUCATIVA CAMILO TORRES DE MAHATES,2022,56.1,98.8,18.3,36.6,72.0
113433000021,INSTITUCIÓN EDUCATIVA CAMILO TORRES DE MAHATES,2023,41.1,95.9,4.1,27.4,54.8
113433000021,INSTITUCIÓN EDUCATIVA CAMILO TORRES DE MAHATES,2024,52.8,95.8,6.9,30.6,72.2
113433000021,INSTITUCIÓN EDUCATIVA CAMILO TORRES DE MAHATES,2025,40.4,94.2,3.8,23.1,59.6
113433000268,INSTITUCIÓN EDUCATIVA TÉCNICA AGROPECUARIA  LAZARO MARTINEZ OLIER,2021,65.4,100.0,23.1,50.0,67.9
113433000268,INSTITUCIÓN EDUCATIVA TÉCNICA AGROPECUARIA  LAZARO MARTINEZ OLIER,2022,57.3,96.8,25.8,53.2,73.4
113433000268,INSTITUCIÓN EDUCATIVA TÉCNICA AGROPECUARIA  LAZARO MARTINEZ OLIER,2023,56.2,100.0,19.6,40.2,70.5
113433000268,INSTITUCIÓN EDUCATIVA TÉCNICA AGROPECUARIA  LAZARO MARTINEZ OLIER,2024,66.0,96.0,27.0,45.0,75.0
113433000268,INSTITUCIÓN EDUCATIVA TÉCNICA AGROPECUARIA  LAZARO MARTINEZ OLIER,2025,61.6,99.0,25.3,35.4,73.7
113442000076,INSTITUCIÓN EDUCATIVA SAN LUIS BELTRAN,2021,73.8,98.4,23.8,46.0,74.6
113442000076,INSTITUCIÓN EDUCATIVA SAN LUIS BELTRAN,2022,61.8,98.2,21.8,39.1,73.6
113442000076,INSTITUCIÓN EDUCATIVA SAN LUIS BELTRAN,2023,69.2,99.2,22.3,49.2,76.9
113442000076,INSTITUCIÓN EDUCATIVA SAN LUIS BELTRAN,2024,70.4,99.4,29.6,45.1,82.7
113442000076,INSTITUCIÓN EDUCATIVA SAN LUIS BELTRAN,2025,70.9,98.1,20.3,50.0,81.0
113442000181,INSTITUCIÓN EDUCATIVA RAFAEL URIBE URIBE,2021,42.9,98.0,10.2,22.4,63.3
113442000181,INSTITUCIÓN EDUCATIVA RAFAEL URIBE URIBE,2022,31.5,94.6,6.5,16.3,38.0
113442000181,INSTITUCIÓN EDUCATIVA RAFAEL URIBE URIBE,2023,28.9,90.0,3.3,20.0,42.2
113442000181,INSTITUCIÓN EDUCATIVA RAFAEL URIBE URIBE,2024,19.3,89.8,6.8,6.8,40.9
113442000181,INSTITUCIÓN EDUCATIVA RAFAEL URIBE URIBE,2025,29.2,88.5,6.2,14.6,53.1
113442000297,INSTITUCIÓN EDUCATIVA TÉCNICA ACUICOLA SAN FRANCISCO DE ASIS,2021,69.1,100.0,23.5,35.3,76.5
113442000297,INSTITUCIÓN EDUCATIVA TÉCNICA ACUICOLA SAN FRANCISCO DE ASIS,2022,55.4,98.2,25.0,42.9,76.8
113442000297,INSTITUCIÓN EDUCATIVA TÉCNICA ACUICOLA SAN FRANCISCO DE ASIS,2023,48.9,97.8,8.9,15.6,57.8
113442000297,INSTITUCIÓN EDUCATIVA TÉCNICA ACUICOLA SAN FRANCISCO DE ASIS,2024,57.7,98.1,17.3,40.4,65.4
113442000297,INSTITUCIÓN EDUCATIVA TÉCNICA ACUICOLA SAN FRANCISCO DE ASIS,2025,52.0,94.0,10.0,26.0,76.0
113442000653,INSTITUCIÓN EDUCATIVA TÉCNICA AGROPECUARIA DE DESARROLLO RURAL DE MARIALABAJA,2021,53.2,98.9,9.6,23.4,67.0
113442000653,INSTITUCIÓN EDUCATIVA TÉCNICA AGROPECUARIA DE DESARROLLO RURAL DE MARIALABAJA,2022,50.5,98.0,13.9,29.7,65.3
113442000653,INSTITUCIÓN EDUCATIVA TÉCNICA AGROPECUARIA DE DESARROLLO RURAL DE MARIALABAJA,2023,46.5,94.2,8.1,33.7,66.3
113442000653,INSTITUCIÓN EDUCATIVA TÉCNICA AGROPECUARIA DE DESARROLLO RURAL DE MARIALABAJA,2024,60.2,96.6,15.9,36.4,58.0
113442000653,INSTITUCIÓN EDUCATIVA TÉCNICA AGROPECUARIA DE DESARROLLO RURAL DE MARIALABAJA,2025,46.0,92.0,10.3,33.3,64.4
113442000718,INSTITUCIÓN EDUCATIVA TÉCNICA AGROINDUSTRIAL DE SAN PABLO,2021,58.9,100.0,19.6,41.1,71.4
113442000718,INSTITUCIÓN EDUCATIVA TÉCNICA AGROINDUSTRIAL DE SAN PABLO,2022,48.9,100.0,11.1,37.8,55.6
113442000718,INSTITUCIÓN EDUCATIVA TÉCNICA AGROINDUSTRIAL DE SAN PABLO,2023,55.0,100.0,8.3,30.0,55.0
113442000718,INSTITUCIÓN EDUCATIVA TÉCNICA AGROINDUSTRIAL DE SAN PABLO,2024,54.7,100.0,21.9,40.6,76.6
113442000718,INSTITUCIÓN EDUCATIVA TÉCNICA AGROINDUSTRIAL DE SAN PABLO,2025,40.8,98.0,10.2,30.6,59.2
113468000015,INSTITUCIÓN EDUCATIVA NORMAL SUPERIOR DE MOMPOX,2021,29.1,94.6,6.8,12.2,44.6
113468000015,INSTITUCIÓN EDUCATIVA NORMAL SUPERIOR DE MOMPOX,2022,28.0,89.8,4.2,14.4,44.9
113468000015,INSTITUCIÓN EDUCATIVA NORMAL SUPERIOR DE MOMPOX,2023,28.1,93.8,2.7,12.3,44.5
113468000015,INSTITUCIÓN EDUCATIVA NORMAL SUPERIOR DE MOMPOX,2024,22.5,85.6,4.5,11.7,27.9
113468000015,INSTITUCIÓN EDUCATIVA NORMAL SUPERIOR DE MOMPOX,2025,21.4,85.0,3.6,6.4,44.3
113468000899,INSTITUCIÓN EDUCATIVA TÉCNICA AGROPECUARIA Y ORFEBRERIA TOMASA NAJERA,2021,52.3,95.3,11.6,29.1,58.1
113468000899,INSTITUCIÓN EDUCATIVA TÉCNICA AGROPECUARIA Y ORFEBRERIA TOMASA NAJERA,2022,44.9,96.6,15.7,31.5,65.2
113468000899,INSTITUCIÓN EDUCATIVA TÉCNICA AGROPECUARIA Y ORFEBRERIA TOMASA NAJERA,2023,40.7,96.7,14.3,20.9,60.4
113468000899,INSTITUCIÓN EDUCATIVA TÉCNICA AGROPECUARIA Y ORFEBRERIA TOMASA NAJERA,2024,45.9,96.5,11.8,20.0,60.0
113468000899,INSTITUCIÓN EDUCATIVA TÉCNICA AGROPECUARIA Y ORFEBRERIA TOMASA NAJERA,2025,34.1,90.6,5.9,24.7,56.5
113468001038,INSTITUCIÓN EDUCATIVA TÉCNICA COLEGIO NACIONAL PINILLOS,2021,41.7,91.7,6.7,20.0,46.7
113468001038,INSTITUCIÓN EDUCATIVA TÉCNICA COLEGIO NACIONAL PINILLOS,2022,41.1,90.2,9.8,24.1,68.8
113468001038,INSTITUCIÓN EDUCATIVA TÉCNICA COLEGIO NACIONAL PINILLOS,2023,40.6,92.1,11.9,17.8,59.4
113468001038,INSTITUCIÓN EDUCATIVA TÉCNICA COLEGIO NACIONAL PINILLOS,2024,43.3,90.0,10.0,27.8,67.8
113468001038,INSTITUCIÓN EDUCATIVA TÉCNICA COLEGIO NACIONAL PINILLOS,2025,35.9,87.2,5.1,20.5,56.4
113549000010,INSTITUCIÓN EDUCATIVA MANUEL FRANCISCO OBREGON,2021,53.8,100.0,11.8,29.0,72.0
113549000010,INSTITUCIÓN EDUCATIVA MANUEL FRANCISCO OBREGON,2022,54.3,99.0,12.4,27.6,59.0
113549000010,INSTITUCIÓN EDUCATIVA MANUEL FRANCISCO OBREGON,2023,59.8,97.5,11.5,35.2,67.2
113549000010,INSTITUCIÓN EDUCATIVA MANUEL FRANCISCO OBREGON,2024,42.7,97.3,10.7,34.7,69.3
113549000010,INSTITUCIÓN EDUCATIVA MANUEL FRANCISCO OBREGON,2025,50.6,96.4,16.9,26.5,73.5
113580000044,INSTITUCIÓN EDUCATIVA TÉCNICA AGROPECUARIA HÉCTOR MANUEL VIDES BALLESTEROS,2021,73.3,100.0,20.0,50.0,66.7
113580000044,INSTITUCIÓN EDUCATIVA TÉCNICA AGROPECUARIA HÉCTOR MANUEL VIDES BALLESTEROS,2022,74.5,95.7,29.8,55.3,80.9
113580000044,INSTITUCIÓN EDUCATIVA TÉCNICA AGROPECUARIA HÉCTOR MANUEL VIDES BALLESTEROS,2024,50.0,97.2,13.9,30.6,63.9
113580000044,INSTITUCIÓN EDUCATIVA TÉCNICA AGROPECUARIA HÉCTOR MANUEL VIDES BALLESTEROS,2025,65.3,98.0,14.3,40.8,71.4
113600000691,INSTITUCIÓN EDUCATIVA DE RIO VIEJO,2021,56.1,96.5,21.1,35.1,61.4
113600000691,INSTITUCIÓN EDUCATIVA DE RIO VIEJO,2022,52.5,93.2,16.9,18.6,50.8
113600000691,INSTITUCIÓN EDUCATIVA DE RIO VIEJO,2023,39.5,94.7,13.2,10.5,39.5
113600000691,INSTITUCIÓN EDUCATIVA DE RIO VIEJO,2024,56.0,92.0,13.3,22.7,61.3
113600000691,INSTITUCIÓN EDUCATIVA DE RIO VIEJO,2025,51.9,100.0,13.5,36.5,65.4
113647000125,INSTITUCION EDUCATIVA MAURICIO NELSON VISBAL,2021,63.6,98.0,27.8,49.7,72.8
113647000125,INSTITUCION EDUCATIVA MAURICIO NELSON VISBAL,2022,64.4,97.1,23.1,48.1,76.0
113647000125,INSTITUCION EDUCATIVA MAURICIO NELSON VISBAL,2023,62.8,96.6,14.9,38.5,66.9
113647000125,INSTITUCION EDUCATIVA MAURICIO NELSON VISBAL,2024,61.2,92.2,24.0,46.5,72.1
113647000125,INSTITUCION EDUCATIVA MAURICIO NELSON VISBAL,2025,59.5,92.8,19.8,43.2,73.9
113647000133,INSTITUCION EDUCATIVA FRANCISCO  DE PAULA SANTANDER,2021,57.5,100.0,22.5,32.5,77.5
113647000133,INSTITUCION EDUCATIVA FRANCISCO  DE PAULA SANTANDER,2022,45.5,97.0,18.2,36.4,69.7
113647000133,INSTITUCION EDUCATIVA FRANCISCO  DE PAULA SANTANDER,2023,53.5,95.3,7.0,34.9,83.7
113647000133,INSTITUCION EDUCATIVA FRANCISCO  DE PAULA SANTANDER,2024,54.1,100.0,27.0,37.8,73.0
113647000133,INSTITUCION EDUCATIVA FRANCISCO  DE PAULA SANTANDER,2025,54.3,97.1,8.6,22.9,74.3
113650000489,INSTITUCIÓN EDUCATIVA TÉCNICA AGROPECUARIA DE SAN FERNANDO,2021,41.2,97.1,14.7,26.5,61.8
113650000489,INSTITUCIÓN EDUCATIVA TÉCNICA AGROPECUARIA DE SAN FERNANDO,2022,37.5,97.5,10.0,22.5,57.5
113650000489,INSTITUCIÓN EDUCATIVA TÉCNICA AGROPECUARIA DE SAN FERNANDO,2023,53.0,98.5,7.6,37.9,72.7
113650000489,INSTITUCIÓN EDUCATIVA TÉCNICA AGROPECUARIA DE SAN FERNANDO,2024,46.4,94.6,14.3,30.4,58.9
113650000489,INSTITUCIÓN EDUCATIVA TÉCNICA AGROPECUARIA DE SAN FERNANDO,2025,23.7,97.4,7.9,28.9,73.7
113654000173,INSTITUCIÓN EDUCATIVA TÉCNICA AGRÍCOLA DE SAN JACINTO,2021,34.0,98.1,5.7,15.1,41.5
113654000173,INSTITUCIÓN EDUCATIVA TÉCNICA AGRÍCOLA DE SAN JACINTO,2022,57.7,96.2,15.4,21.2,73.1
113654000173,INSTITUCIÓN EDUCATIVA TÉCNICA AGRÍCOLA DE SAN JACINTO,2023,24.1,90.7,1.9,13.0,59.3
113654000173,INSTITUCIÓN EDUCATIVA TÉCNICA AGRÍCOLA DE SAN JACINTO,2024,27.8,96.3,18.5,13.0,46.3
113654000173,INSTITUCIÓN EDUCATIVA TÉCNICA AGRÍCOLA DE SAN JACINTO,2025,26.8,75.0,1.8,7.1,50.0
113654000327,INSTITUCIÓN EDUCATIVA PIO XII,2021,31.7,90.5,4.8,16.4,43.9
113654000327,INSTITUCIÓN EDUCATIVA PIO XII,2022,18.9,72.3,6.9,6.9,31.4
113654000327,INSTITUCIÓN EDUCATIVA PIO XII,2023,26.3,81.5,4.4,10.7,35.1
113654000327,INSTITUCIÓN EDUCATIVA PIO XII,2024,28.6,78.6,9.4,14.6,37.0
113654000327,INSTITUCIÓN EDUCATIVA PIO XII,2025,23.4,62.0,7.0,13.3,37.3
113657000018,INSTITUCIÓN EDUCATIVA  NORMAL SUPERIOR MONTES DE MARÍA,2021,32.5,79.3,4.9,13.8,37.9
113657000018,INSTITUCIÓN EDUCATIVA  NORMAL SUPERIOR MONTES DE MARÍA,2022,21.3,84.1,2.9,9.7,22.2
113657000018,INSTITUCIÓN EDUCATIVA  NORMAL SUPERIOR MONTES DE MARÍA,2023,15.9,81.3,1.1,6.0,22.5
113657000018,INSTITUCIÓN EDUCATIVA  NORMAL SUPERIOR MONTES DE MARÍA,2024,18.0,80.4,5.8,9.5,23.8
113657000018,INSTITUCIÓN EDUCATIVA  NORMAL SUPERIOR MONTES DE MARÍA,2025,19.7,80.3,3.2,6.4,28.7
113657000107,INSTITUCION EDUCATIVA TECNICA RODOLFO BARRIOS CABRERA,2021,56.4,96.4,10.9,38.2,67.3
113657000107,INSTITUCION EDUCATIVA TECNICA RODOLFO BARRIOS CABRERA,2022,60.0,95.4,24.6,29.2,72.3
113657000107,INSTITUCION EDUCATIVA TECNICA RODOLFO BARRIOS CABRERA,2023,44.2,94.2,7.7,19.2,53.8
113657000107,INSTITUCION EDUCATIVA TECNICA RODOLFO BARRIOS CABRERA,2024,47.8,92.8,18.8,26.1,62.3
113657000107,INSTITUCION EDUCATIVA TECNICA RODOLFO BARRIOS CABRERA,2025,39.7,94.5,13.7,31.5,65.8
113657000522,INSTITUCIÓN EDUCATIVA TÉCNICA EN SISTEMAS LA FLORESTA,2021,63.9,100.0,27.8,36.1,80.6
113657000522,INSTITUCIÓN EDUCATIVA TÉCNICA EN SISTEMAS LA FLORESTA,2022,63.0,92.6,25.9,25.9,70.4
113657000522,INSTITUCIÓN EDUCATIVA TÉCNICA EN SISTEMAS LA FLORESTA,2023,51.9,96.3,14.8,14.8,55.6
113657000522,INSTITUCIÓN EDUCATIVA TÉCNICA EN SISTEMAS LA FLORESTA,2024,36.6,95.1,14.6,26.8,61.0
113657000522,INSTITUCIÓN EDUCATIVA TÉCNICA EN SISTEMAS LA FLORESTA,2025,64.1,92.3,7.7,38.5,76.9
113657000590,INSTITUCIÓN EDUCATIVA ACADÉMICA Y TÉCNICA EN GESTIÓN EMPRESARIAL DIÓGENES A. ARRIETA,2021,62.3,96.2,22.6,34.9,79.2
113657000590,INSTITUCIÓN EDUCATIVA ACADÉMICA Y TÉCNICA EN GESTIÓN EMPRESARIAL DIÓGENES A. ARRIETA,2022,49.6,96.8,10.4,29.6,59.2
113657000590,INSTITUCIÓN EDUCATIVA ACADÉMICA Y TÉCNICA EN GESTIÓN EMPRESARIAL DIÓGENES A. ARRIETA,2023,48.1,91.3,13.5,29.8,54.8
113657000590,INSTITUCIÓN EDUCATIVA ACADÉMICA Y TÉCNICA EN GESTIÓN EMPRESARIAL DIÓGENES A. ARRIETA,2024,48.2,96.4,18.2,29.1,60.0
113657000590,INSTITUCIÓN EDUCATIVA ACADÉMICA Y TÉCNICA EN GESTIÓN EMPRESARIAL DIÓGENES A. ARRIETA,2025,44.1,100.0,10.2,37.3,78.0
113667000016,INSTITUCIÓN EDUCATIVA TÉCNICA AGROPECUARIA Y MINERA DE SAN MARTÍN DE LOBA,2021,45.5,94.1,7.9,25.7,59.4
113667000016,INSTITUCIÓN EDUCATIVA TÉCNICA AGROPECUARIA Y MINERA DE SAN MARTÍN DE LOBA,2022,51.6,98.9,16.8,34.7,54.7
113667000016,INSTITUCIÓN EDUCATIVA TÉCNICA AGROPECUARIA Y MINERA DE SAN MARTÍN DE LOBA,2023,46.6,96.1,8.7,23.3,55.3
113667000016,INSTITUCIÓN EDUCATIVA TÉCNICA AGROPECUARIA Y MINERA DE SAN MARTÍN DE LOBA,2024,48.3,97.4,16.4,31.0,56.9
113667000016,INSTITUCIÓN EDUCATIVA TÉCNICA AGROPECUARIA Y MINERA DE SAN MARTÍN DE LOBA,2025,43.2,95.8,9.5,30.5,61.1
113670001171,INSTITUCIÓN EDUCATIVA TÉCNICA LA INTEGRADA,2021,45.0,97.7,12.2,25.2,52.7
113670001171,INSTITUCIÓN EDUCATIVA TÉCNICA LA INTEGRADA,2022,40.0,95.2,8.0,16.0,52.0
113670001171,INSTITUCIÓN EDUCATIVA TÉCNICA LA INTEGRADA,2023,34.0,97.3,6.8,11.6,55.1
113670001171,INSTITUCIÓN EDUCATIVA TÉCNICA LA INTEGRADA,2024,37.1,97.0,5.1,16.8,45.7
113670001171,INSTITUCIÓN EDUCATIVA TÉCNICA LA INTEGRADA,2025,37.3,93.8,5.0,11.8,59.6
113673000028,INSTITUCIÓN EDUCATIVA TÉCNICA AGROPECUARIA SOSTENIBLE Y AMBIENTAL  FELIPE SANTIAGO ESCOBAR,2021,32.3,96.9,7.7,12.3,50.8
113673000028,INSTITUCIÓN EDUCATIVA TÉCNICA AGROPECUARIA SOSTENIBLE Y AMBIENTAL  FELIPE SANTIAGO ESCOBAR,2022,42.7,86.7,13.3,22.7,54.7
113673000028,INSTITUCIÓN EDUCATIVA TÉCNICA AGROPECUARIA SOSTENIBLE Y AMBIENTAL  FELIPE SANTIAGO ESCOBAR,2023,27.6,90.8,3.4,21.8,40.2
113673000028,INSTITUCIÓN EDUCATIVA TÉCNICA AGROPECUARIA SOSTENIBLE Y AMBIENTAL  FELIPE SANTIAGO ESCOBAR,2024,23.8,89.3,6.0,7.1,35.7
113673000028,INSTITUCIÓN EDUCATIVA TÉCNICA AGROPECUARIA SOSTENIBLE Y AMBIENTAL  FELIPE SANTIAGO ESCOBAR,2025,37.0,91.3,4.3,22.8,54.3
113683000051,INSTITUCIÓN EDUCATIVA TÉCNICA AGROPECUARIA Y EN SISTEMAS NUESTRA SEÑORA DEL CARMEN,2021,54.1,98.2,17.1,27.9,64.9
113683000051,INSTITUCIÓN EDUCATIVA TÉCNICA AGROPECUARIA Y EN SISTEMAS NUESTRA SEÑORA DEL CARMEN,2022,47.2,95.5,12.4,28.1,74.2
113683000051,INSTITUCIÓN EDUCATIVA TÉCNICA AGROPECUARIA Y EN SISTEMAS NUESTRA SEÑORA DEL CARMEN,2023,33.9,97.2,6.4,22.9,49.5
113683000051,INSTITUCIÓN EDUCATIVA TÉCNICA AGROPECUARIA Y EN SISTEMAS NUESTRA SEÑORA DEL CARMEN,2024,32.1,93.6,9.0,15.4,59.0
113683000051,INSTITUCIÓN EDUCATIVA TÉCNICA AGROPECUARIA Y EN SISTEMAS NUESTRA SEÑORA DEL CARMEN,2025,45.7,89.4,11.7,25.5,60.6
113683000085,INSTITUCION EDUCATIVA SANTA ROSA DE LIMA,2021,53.2,100.0,14.4,30.6,71.2
113683000085,INSTITUCION EDUCATIVA SANTA ROSA DE LIMA,2022,49.5,96.7,15.4,25.3,68.1
113683000085,INSTITUCION EDUCATIVA SANTA ROSA DE LIMA,2023,46.5,96.5,8.8,26.3,55.3
113683000085,INSTITUCION EDUCATIVA SANTA ROSA DE LIMA,2024,44.4,97.0,10.4,14.8,63.0
113683000085,INSTITUCION EDUCATIVA SANTA ROSA DE LIMA,2025,36.2,94.7,7.4,27.7,55.3
113683000727,CENTRO EDUCATIVO DE CHIRICOCO,2025,88.9,88.9,33.3,44.4,77.8
113688010909,INSTITUCION EDUCATIVA TECNICO COMERCIAL MARIA INMACULADA,2021,7.4,67.6,0.0,0.0,13.2
113688010909,INSTITUCION EDUCATIVA TECNICO COMERCIAL MARIA INMACULADA,2022,10.6,80.3,0.0,3.0,15.2
113688010909,INSTITUCION EDUCATIVA TECNICO COMERCIAL MARIA INMACULADA,2023,4.9,80.5,0.0,2.4,20.7
113688010909,INSTITUCION EDUCATIVA TECNICO COMERCIAL MARIA INMACULADA,2024,5.1,82.3,2.5,1.3,16.5
113688010909,INSTITUCION EDUCATIVA TECNICO COMERCIAL MARIA INMACULADA,2025,3.5,68.6,0.0,0.0,12.8
113688011051,INSTITUCION EDUCATIVA TECNICA EN INFORMATICA MARIA MONTESSORI,2021,5.9,71.8,1.2,0.0,14.1
113688011051,INSTITUCION EDUCATIVA TECNICA EN INFORMATICA MARIA MONTESSORI,2022,6.8,62.2,0.0,0.0,12.2
113688011051,INSTITUCION EDUCATIVA TECNICA EN INFORMATICA MARIA MONTESSORI,2023,5.6,67.4,0.0,0.0,14.6
113688011051,INSTITUCION EDUCATIVA TECNICA EN INFORMATICA MARIA MONTESSORI,2024,8.2,71.4,0.0,0.0,10.2
113688011051,INSTITUCION EDUCATIVA TECNICA EN INFORMATICA MARIA MONTESSORI,2025,3.3,59.8,0.0,0.0,13.0
113744002329,INSTITUCIÓN EDUCATIVA TÉCNICA AGROPECUARIA Y COMERCIAL EUTIMIO GUTIERREZ MANJON,2021,25.5,92.2,3.9,2.0,39.2
113744002329,INSTITUCIÓN EDUCATIVA TÉCNICA AGROPECUARIA Y COMERCIAL EUTIMIO GUTIERREZ MANJON,2022,17.5,93.7,4.8,6.3,38.1
113744002329,INSTITUCIÓN EDUCATIVA TÉCNICA AGROPECUARIA Y COMERCIAL EUTIMIO GUTIERREZ MANJON,2023,9.5,92.1,4.8,4.8,28.6
113744002329,INSTITUCIÓN EDUCATIVA TÉCNICA AGROPECUARIA Y COMERCIAL EUTIMIO GUTIERREZ MANJON,2024,7.4,94.1,1.5,5.9,23.5
113744002329,INSTITUCIÓN EDUCATIVA TÉCNICA AGROPECUARIA Y COMERCIAL EUTIMIO GUTIERREZ MANJON,2025,6.5,82.6,0.0,2.2,21.7
113760000018,INSTITUCION EDUCATIVA TECNICA AGROPISCICOLA LICEO DEL DIQUE ENRIQUE CASTILLO JIMENEZ,2021,67.6,98.6,13.5,45.9,81.1
113760000018,INSTITUCION EDUCATIVA TECNICA AGROPISCICOLA LICEO DEL DIQUE ENRIQUE CASTILLO JIMENEZ,2022,55.3,97.4,18.4,30.3,64.5
113760000018,INSTITUCION EDUCATIVA TECNICA AGROPISCICOLA LICEO DEL DIQUE ENRIQUE CASTILLO JIMENEZ,2023,49.4,94.9,17.7,17.7,70.9
113760000018,INSTITUCION EDUCATIVA TECNICA AGROPISCICOLA LICEO DEL DIQUE ENRIQUE CASTILLO JIMENEZ,2024,57.7,96.2,19.2,33.3,73.1
113760000018,INSTITUCION EDUCATIVA TECNICA AGROPISCICOLA LICEO DEL DIQUE ENRIQUE CASTILLO JIMENEZ,2025,47.6,98.4,9.5,25.4,65.1
113760000131,INSTITUCION EDUCATIVA SIMON ALMANZA JULIO,2021,47.7,97.7,18.2,27.3,75.0
113760000131,INSTITUCION EDUCATIVA SIMON ALMANZA JULIO,2022,53.8,100.0,15.4,15.4,71.8
113760000131,INSTITUCION EDUCATIVA SIMON ALMANZA JULIO,2023,43.2,94.6,2.7,10.8,45.9
113760000131,INSTITUCION EDUCATIVA SIMON ALMANZA JULIO,2024,43.3,90.0,10.0,23.3,66.7
113760000131,INSTITUCION EDUCATIVA SIMON ALMANZA JULIO,2025,47.5,87.5,17.5,27.5,67.5
113836000021,INSTITUCION EDUCATIVA CRISANTO LUQUE,2021,28.3,90.0,4.4,8.3,46.1
113836000021,INSTITUCION EDUCATIVA CRISANTO LUQUE,2022,24.0,89.7,5.6,11.6,39.1
113836000021,INSTITUCION EDUCATIVA CRISANTO LUQUE,2023,22.9,77.1,2.9,8.6,33.1
113836000021,INSTITUCION EDUCATIVA CRISANTO LUQUE,2024,12.2,73.8,1.8,7.2,27.1
113836000021,INSTITUCION EDUCATIVA CRISANTO LUQUE,2025,17.2,74.7,3.6,6.8,36.7
113836000039,INSTITUCION EDUCATIVA CUARTA POZA DE MANGA,2021,38.1,90.5,3.6,21.4,46.4
113836000039,INSTITUCION EDUCATIVA CUARTA POZA DE MANGA,2022,17.5,71.4,4.8,15.9,31.7
113836000039,INSTITUCION EDUCATIVA CUARTA POZA DE MANGA,2023,7.2,75.4,0.0,4.3,21.7
113836000039,INSTITUCION EDUCATIVA CUARTA POZA DE MANGA,2024,9.2,63.2,1.3,2.6,27.6
113836000039,INSTITUCIÓN EDUCATIVA CUARTA POZA DE MANGA,2025,10.9,64.1,4.7,4.7,31.2
113836000071,INSTITUCION EDUCATIVA TECNICA ALFONSO LOPEZ PUMAREJO,2021,43.7,97.7,9.2,20.7,52.9
113836000071,INSTITUCION EDUCATIVA TECNICA ALFONSO LOPEZ PUMAREJO,2022,40.0,95.0,6.2,16.2,43.8
113836000071,INSTITUCION EDUCATIVA TECNICA ALFONSO LOPEZ PUMAREJO,2023,41.8,97.5,6.3,22.8,48.1
113836000071,INSTITUCION EDUCATIVA TECNICA ALFONSO LOPEZ PUMAREJO,2024,24.6,89.2,9.2,20.0,35.4
113836000071,INSTITUCION EDUCATIVA TECNICA ALFONSO LOPEZ PUMAREJO,2025,18.9,81.1,0.0,13.2,45.3
113836000241,INSTITUCION EDUCATIVA  DOCENTE DE TURBACO,2021,16.6,77.5,2.0,7.1,30.4
113836000241,INSTITUCION EDUCATIVA  DOCENTE DE TURBACO,2022,20.0,75.3,2.0,11.0,26.0
113836000241,INSTITUCION EDUCATIVA  DOCENTE DE TURBACO,2023,11.5,70.5,1.3,5.7,25.1
113836000241,INSTITUCION EDUCATIVA  DOCENTE DE TURBACO,2024,8.5,73.1,1.4,7.5,22.2
113836000241,INSTITUCION EDUCATIVA  DOCENTE DE TURBACO,2025,8.1,55.5,0.5,2.8,20.4
113836000373,INSTITUCION EDUCATIVA FELIPE SANTIAGO ESCOBAR,2021,44.2,98.1,11.5,21.2,59.6
113836000373,INSTITUCION EDUCATIVA FELIPE SANTIAGO ESCOBAR,2022,38.5,87.2,5.1,17.9,69.2
113836000373,INSTITUCION EDUCATIVA FELIPE SANTIAGO ESCOBAR,2023,30.8,89.7,7.7,25.6,53.8
113836000373,INSTITUCION EDUCATIVA FELIPE SANTIAGO ESCOBAR,2024,23.8,85.7,7.1,16.7,33.3
113836000373,INSTITUCION EDUCATIVA FELIPE SANTIAGO ESCOBAR,2025,37.5,98.6,2.8,15.3,51.4
113836000781,INSTITUCIÓN EDUCATIVA TÉCNICA AGROPECUARIA LA BUENA ESPERANZA,2021,52.9,100.0,16.5,36.5,67.1
113836000781,INSTITUCIÓN EDUCATIVA TÉCNICA AGROPECUARIA LA BUENA ESPERANZA,2022,49.0,99.0,18.6,28.4,64.7
113836000781,INSTITUCIÓN EDUCATIVA TÉCNICA AGROPECUARIA LA BUENA ESPERANZA,2023,51.1,97.7,12.5,34.1,68.2
113836000781,INSTITUCIÓN EDUCATIVA TÉCNICA AGROPECUARIA LA BUENA ESPERANZA,2024,45.0,89.2,17.1,29.7,59.5
113836000781,INSTITUCIÓN EDUCATIVA TÉCNICA AGROPECUARIA LA BUENA ESPERANZA,2025,46.8,91.9,10.8,30.6,69.4
113838000010,INSTITUCIÓN EDUCATIVA MARCOS FIDEL SUAREZ,2021,53.6,100.0,5.8,11.6,66.7
113838000010,INSTITUCIÓN EDUCATIVA MARCOS FIDEL SUAREZ,2022,58.2,94.0,16.4,26.9,65.7
113838000010,INSTITUCIÓN EDUCATIVA MARCOS FIDEL SUAREZ,2023,59.7,98.4,12.9,24.2,58.1
113838000010,INSTITUCIÓN EDUCATIVA MARCOS FIDEL SUAREZ,2024,46.2,92.5,17.2,34.4,53.8
113838000010,INSTITUCIÓN EDUCATIVA MARCOS FIDEL SUAREZ,2025,47.5,97.0,8.1,29.3,59.6
113838000087,INSTITUCIÓN EDUCATIVA TÉCNICA INDUSTRIAL DE TURBANA,2021,41.4,97.1,11.4,12.9,61.4
113838000087,INSTITUCIÓN EDUCATIVA TÉCNICA INDUSTRIAL DE TURBANA,2022,50.7,87.7,9.6,30.1,56.2
113838000087,INSTITUCIÓN EDUCATIVA TÉCNICA INDUSTRIAL DE TURBANA,2023,41.6,98.7,11.7,26.0,59.7
113838000087,INSTITUCIÓN EDUCATIVA TÉCNICA INDUSTRIAL DE TURBANA,2024,32.5,94.0,12.0,19.3,55.4
113838000087,INSTITUCIÓN EDUCATIVA TÉCNICA INDUSTRIAL DE TURBANA,2025,29.5,80.3,4.9,9.8,41.0
113873000006,INSTITUCIÓN EDUCATIVA TÉCNICA INDUSTRIAL MOISES CABEZA JUNCO,2021,42.3,99.0,10.6,14.4,54.8
113873000006,INSTITUCIÓN EDUCATIVA TÉCNICA INDUSTRIAL MOISES CABEZA JUNCO,2022,48.4,98.0,9.8,21.6,56.9
113873000006,INSTITUCIÓN EDUCATIVA TÉCNICA INDUSTRIAL MOISES CABEZA JUNCO,2023,48.9,93.1,12.2,20.7,63.8
113873000006,INSTITUCIÓN EDUCATIVA TÉCNICA INDUSTRIAL MOISES CABEZA JUNCO,2024,49.7,93.0,9.8,23.8,60.1
113873000006,INSTITUCIÓN EDUCATIVA TÉCNICA INDUSTRIAL MOISES CABEZA JUNCO,2025,39.0,91.5,4.3,24.1,58.9
113873000103,INSTITUCIÓN EDUCATIVA TÉCNICA AGROPECUARIA DE VILLANUEVA,2021,52.7,96.7,11.0,34.1,74.7
113873000103,INSTITUCIÓN EDUCATIVA TÉCNICA AGROPECUARIA DE VILLANUEVA,2022,49.6,94.7,18.6,35.4,67.3
113873000103,INSTITUCIÓN EDUCATIVA TÉCNICA AGROPECUARIA DE VILLANUEVA,2023,46.5,96.5,20.9,34.9,69.8
113873000103,INSTITUCIÓN EDUCATIVA TÉCNICA AGROPECUARIA DE VILLANUEVA,2024,39.5,93.8,14.8,33.3,69.1
113873000103,INSTITUCIÓN EDUCATIVA TÉCNICA AGROPECUARIA DE VILLANUEVA,2025,52.3,95.5,17.0,34.1,72.7
113894000031,INSTITUCIÓN EDUCATIVA TÉCNICA ACUÍCOLA SAGRADO CORAZON DE JESÚS,2021,38.5,96.2,17.3,25.0,63.5
113894000031,INSTITUCIÓN EDUCATIVA TÉCNICA ACUÍCOLA SAGRADO CORAZON DE JESÚS,2022,62.1,100.0,15.5,37.9,67.2
113894000031,INSTITUCIÓN EDUCATIVA TÉCNICA ACUÍCOLA SAGRADO CORAZON DE JESÚS,2023,63.0,100.0,20.4,40.7,72.2
113894000031,INSTITUCIÓN EDUCATIVA TÉCNICA ACUÍCOLA SAGRADO CORAZON DE JESÚS,2024,39.3,96.4,7.1,25.0,67.9
113894000031,INSTITUCIÓN EDUCATIVA TÉCNICA ACUÍCOLA SAGRADO CORAZON DE JESÚS,2025,60.6,97.0,9.1,27.3,69.7
113894000065,INSTITUCIÓN EDUCATIVA TÉCNICA EN INFORMATICA ANIBAL NOGUERA MENDOZA,2021,38.9,97.2,8.3,22.2,50.0
113894000065,INSTITUCIÓN EDUCATIVA TÉCNICA EN INFORMATICA ANIBAL NOGUERA MENDOZA,2022,40.0,98.3,8.3,30.0,58.3
113894000065,INSTITUCIÓN EDUCATIVA TÉCNICA EN INFORMATICA ANIBAL NOGUERA MENDOZA,2023,35.8,92.5,5.7,20.8,56.6
113894000065,INSTITUCIÓN EDUCATIVA TÉCNICA EN INFORMATICA ANIBAL NOGUERA MENDOZA,2024,30.8,96.9,9.2,20.0,53.8
113894000065,INSTITUCIÓN EDUCATIVA TÉCNICA EN INFORMATICA ANIBAL NOGUERA MENDOZA,2025,38.3,95.1,6.2,19.8,53.1
213001000059,INSTITUCION EDUCATIVA ISLAS DEL ROSARIO,2021,71.4,92.9,28.6,78.6,85.7
213001000059,INSTITUCION EDUCATIVA ISLAS DEL ROSARIO,2022,75.0,100.0,33.3,83.3,75.0
213001000059,INSTITUCION EDUCATIVA ISLAS DEL ROSARIO,2023,100.0,100.0,36.4,63.6,100.0
213001000059,INSTITUCION EDUCATIVA ISLAS DEL ROSARIO,2024,46.2,92.3,7.7,30.8,69.2
213001000059,INSTITUCION EDUCATIVA ISLAS DEL ROSARIO,2025,45.5,90.9,18.2,27.3,72.7
213001000075,INSTITUCION EDUCATIVA PUERTO REY,2021,74.5,100.0,23.4,57.4,72.3
213001000075,INSTITUCION EDUCATIVA PUERTO REY,2022,66.7,100.0,27.8,38.9,72.2
213001000075,INSTITUCION EDUCATIVA PUERTO REY,2023,70.7,100.0,9.8,46.3,70.7
213001000075,INSTITUCION EDUCATIVA PUERTO REY,2024,67.5,100.0,25.0,45.0,77.5
213001000075,INSTITUCION EDUCATIVA PUERTO REY,2025,60.3,98.3,13.8,46.6,86.2
213001000091,INSTITUCION EDUCATIVA DE ISLA FUERTE,2021,47.1,100.0,23.5,17.6,88.2
213001000091,INSTITUCION EDUCATIVA DE ISLA FUERTE,2022,64.3,100.0,0.0,21.4,85.7
213001000091,INSTITUCION EDUCATIVA DE ISLA FUERTE,2023,47.1,94.1,11.8,35.3,70.6
213001000091,INSTITUCION EDUCATIVA DE ISLA FUERTE,2024,45.5,90.9,0.0,9.1,72.7
213001000091,INSTITUCION EDUCATIVA DE ISLA FUERTE,2025,23.1,100.0,0.0,7.7,46.2
213001000245,INSTITUCION EDUCATIVA TIERRA BAJA,2021,51.6,93.5,0.0,12.9,58.1
213001000245,INSTITUCION EDUCATIVA TIERRA BAJA,2022,10.0,85.0,0.0,5.0,30.0
213001000245,INSTITUCION EDUCATIVA TIERRA BAJA,2023,18.5,85.2,0.0,11.1,33.3
213001000245,INSTITUCION EDUCATIVA TIERRA BAJA,2024,7.1,92.9,0.0,0.0,28.6
213001000245,INSTITUCION EDUCATIVA TIERRA BAJA,2025,4.8,47.6,0.0,0.0,4.8
213001001250,INSTITUCION EDUCATIVA DE TIERRA BOMBA,2021,75.0,100.0,26.9,55.8,82.7
213001001250,INSTITUCION EDUCATIVA DE TIERRA BOMBA,2022,68.5,100.0,37.0,57.5,80.8
213001001250,INSTITUCION EDUCATIVA DE TIERRA BOMBA,2023,71.7,96.2,34.0,52.8,79.2
213001001250,INSTITUCION EDUCATIVA DE TIERRA BOMBA,2024,81.8,100.0,34.1,63.6,88.6
213001001250,INSTITUCION EDUCATIVA DE TIERRA BOMBA,2025,73.6,95.8,22.2,55.6,83.3
213001001292,INSTITUCION ETNOEDUCATIVA DE SANTA ANA,2021,77.6,100.0,29.4,58.8,82.4
213001001292,INSTITUCION ETNOEDUCATIVA DE SANTA ANA,2022,68.8,100.0,33.3,58.3,85.4
213001001292,INSTITUCION ETNOEDUCATIVA DE SANTA ANA,2023,66.7,98.5,16.7,45.5,74.2
213001001292,INSTITUCION ETNOEDUCATIVA DE SANTA ANA,2024,57.9,96.1,15.8,40.8,73.7
213001001292,INSTITUCION ETNOEDUCATIVA DE SANTA ANA,2025,70.4,96.3,25.9,43.2,77.8
213001001306,INSTITUCION EDUCATIVA DE PONTEZUELA,2021,74.3,100.0,22.9,50.0,77.1
213001001306,INSTITUCION EDUCATIVA DE PONTEZUELA,2022,59.6,98.2,21.1,38.6,70.2
213001001306,INSTITUCION EDUCATIVA DE PONTEZUELA,2023,48.5,97.0,12.1,24.2,60.6
213001001306,INSTITUCION EDUCATIVA DE PONTEZUELA,2024,57.4,93.6,31.9,42.6,72.3
213001001306,INSTITUCION EDUCATIVA DE PONTEZUELA,2025,41.7,96.7,16.7,28.3,70.0
213001001632,INSTITUCION EDUCATIVA DE LETICIA,2021,70.6,100.0,23.5,52.9,70.6
213001001632,INSTITUCION EDUCATIVA DE LETICIA,2022,66.7,100.0,16.7,41.7,75.0
213001001632,INSTITUCION EDUCATIVA DE LETICIA,2023,66.7,100.0,8.3,50.0,75.0
213001001632,INSTITUCION EDUCATIVA DE LETICIA,2024,75.0,100.0,33.3,25.0,75.0
213001001632,INSTITUCION EDUCATIVA DE LETICIA,2025,75.0,100.0,25.0,25.0,87.5
213001001900,INSTITUCION EDUCATIVA DE ARARCA,2021,76.5,94.1,23.5,47.1,88.2
213001001900,INSTITUCION EDUCATIVA DE ARARCA,2022,66.7,100.0,25.0,41.7,83.3
213001001900,INSTITUCION EDUCATIVA DE ARARCA,2023,73.3,86.7,20.0,33.3,73.3
213001001900,INSTITUCION EDUCATIVA DE ARARCA,2024,90.0,100.0,50.0,50.0,75.0
213001001900,INSTITUCION EDUCATIVA DE ARARCA,2025,72.7,100.0,22.7,54.5,81.8
213001001942,INSTITUCION EDUCATIVA LUIS FELIPE CABRERA DE BARU,2021,73.8,100.0,26.2,54.8,76.2
213001001942,INSTITUCION EDUCATIVA LUIS FELIPE CABRERA DE BARU,2022,68.6,98.0,25.5,47.1,74.5
213001001942,INSTITUCION EDUCATIVA LUIS FELIPE CABRERA DE BARU,2023,53.5,95.3,20.9,48.8,55.8
213001001942,INSTITUCION EDUCATIVA LUIS FELIPE CABRERA DE BARU,2024,73.7,92.1,26.3,52.6,84.2
213001001942,INSTITUCION EDUCATIVA LUIS FELIPE CABRERA DE BARU,2025,51.2,85.4,12.2,19.5,73.2
213001002531,INSTITUCION EDUCATIVA MANZANILLO DEL MAR,2021,58.8,100.0,11.8,47.1,76.5
213001002531,INSTITUCION EDUCATIVA MANZANILLO DEL MAR,2022,60.0,100.0,20.0,46.7,53.3
213001002531,INSTITUCION EDUCATIVA MANZANILLO DEL MAR,2023,34.8,95.7,8.7,17.4,39.1
213001002531,INSTITUCION EDUCATIVA MANZANILLO DEL MAR,2024,50.0,100.0,33.3,41.7,83.3
213001002531,INSTITUCION EDUCATIVA MANZANILLO DEL MAR,2025,29.4,94.1,0.0,35.3,58.8
213001002809,INSTITUCION EDUCATIVA DE BAYUNCA,2021,50.4,96.6,12.3,28.8,55.1
213001002809,INSTITUCION EDUCATIVA DE BAYUNCA,2022,45.7,96.8,15.4,30.3,62.0
213001002809,INSTITUCION EDUCATIVA DE BAYUNCA,2023,42.3,92.7,7.3,25.9,57.7
213001002809,INSTITUCION EDUCATIVA DE BAYUNCA,2024,41.4,94.0,12.0,31.9,59.8
213001002809,INSTITUCION EDUCATIVA DE BAYUNCA,2025,39.7,89.5,10.9,33.9,60.3
213001002949,INSTITUCION EDUCATIVA SAN JOSE CA?O DEL ORO,2021,46.2,97.4,17.9,23.1,71.8
213001002949,INSTITUCION EDUCATIVA SAN JOSE CA?O DEL ORO,2022,54.2,100.0,16.7,29.2,58.3
213001002949,INSTITUCION EDUCATIVA SAN JOSE CA?O DEL ORO,2023,38.1,90.5,7.1,21.4,66.7
213001002949,INSTITUCION EDUCATIVA SAN JOSE CA?O DEL ORO,2024,55.0,100.0,7.5,37.5,75.0
213001002949,INSTITUCION EDUCATIVA SAN JOSE CA?O DEL ORO,2025,44.4,100.0,5.6,22.2,66.7
213001007231,INSTITUCION EDUCATIVA SAN FRANCISCO DE ASIS,2021,53.1,96.9,12.9,31.2,64.3
213001007231,INSTITUCION EDUCATIVA SAN FRANCISCO DE ASIS,2022,43.6,90.1,15.1,33.1,59.9
213001007231,INSTITUCION EDUCATIVA SAN FRANCISCO DE ASIS,2023,45.6,97.2,9.3,20.0,57.2
213001007231,INSTITUCION EDUCATIVA SAN FRANCISCO DE ASIS,2024,39.7,90.3,12.3,26.7,48.0
213001007231,INSTITUCION EDUCATIVA SAN FRANCISCO DE ASIS,2025,47.1,85.3,14.3,31.4,67.6
213001007401,INSTITUCION EDUCATIVA SANTA CRUZ DEL ISLOTE,2021,81.8,100.0,54.5,100.0,72.7
213001007401,INSTITUCION EDUCATIVA SANTA CRUZ DEL ISLOTE,2022,81.8,100.0,36.4,72.7,100.0
213001007401,INSTITUCION EDUCATIVA SANTA CRUZ DEL ISLOTE,2023,60.0,100.0,20.0,20.0,80.0
213001007401,INSTITUCION EDUCATIVA SANTA CRUZ DEL ISLOTE,2024,46.2,92.3,23.1,61.5,76.9
213001007401,INSTITUCION EDUCATIVA SANTA CRUZ DEL ISLOTE,2025,81.8,100.0,9.1,54.5,90.9
213001007533,INSTITUCION EDUCATIVA NUEVA ESPERANZA ARROYO GRANDE,2021,60.0,96.0,22.0,42.0,60.0
213001007533,INSTITUCION EDUCATIVA NUEVA ESPERANZA ARROYO GRANDE,2022,56.0,92.0,18.0,40.0,64.0
213001007533,INSTITUCION EDUCATIVA NUEVA ESPERANZA ARROYO GRANDE,2023,56.2,91.7,8.3,27.1,54.2
213001007533,INSTITUCION EDUCATIVA NUEVA ESPERANZA ARROYO GRANDE,2024,51.3,100.0,23.1,38.5,53.8
213001007533,INSTITUCION EDUCATIVA NUEVA ESPERANZA ARROYO GRANDE,2025,56.5,95.7,21.7,45.7,67.4
213001007797,INSTITUCION EDUCATIVA SAN JUAN DE DAMASCO,2021,44.6,93.2,10.8,25.7,58.1
213001007797,INSTITUCION EDUCATIVA SAN JUAN DE DAMASCO,2022,25.5,92.2,5.9,11.8,45.1
213001007797,INSTITUCION EDUCATIVA SAN JUAN DE DAMASCO,2023,36.2,86.2,2.5,11.2,40.0
213001007797,INSTITUCION EDUCATIVA SAN JUAN DE DAMASCO,2024,32.8,84.4,6.2,14.1,42.2
213001007797,INSTITUCION EDUCATIVA SAN JUAN DE DAMASCO,2025,33.3,80.3,7.6,12.1,43.9
213001009048,INSTITUCION EDUCATIVA TECNICA DE PASACABALLOS,2021,47.4,92.6,14.7,20.0,60.0
213001009048,INSTITUCION EDUCATIVA TECNICA DE PASACABALLOS,2022,52.2,95.6,14.4,28.9,61.1
213001009048,INSTITUCION EDUCATIVA TECNICA DE PASACABALLOS,2023,23.6,88.6,6.5,21.1,47.2
213001009048,INSTITUCION EDUCATIVA TECNICA DE PASACABALLOS,2024,34.3,85.3,6.9,24.5,50.0
213001009048,INSTITUCION EDUCATIVA TECNICA DE PASACABALLOS,2025,36.4,80.5,5.2,15.6,49.4
213001009056,INSTITUCION EDUCATIVA NUESTRA SEÑORA DEL BUEN AIRE,2021,53.7,98.1,16.7,29.6,68.5
213001009056,INSTITUCION EDUCATIVA NUESTRA SEÑORA DEL BUEN AIRE,2022,47.2,98.1,13.2,34.0,75.5
213001009056,INSTITUCION EDUCATIVA NUESTRA SEÑORA DEL BUEN AIRE,2023,42.1,96.5,12.3,21.1,43.9
213001009056,INSTITUCION EDUCATIVA NUESTRA SEÑORA DEL BUEN AIRE,2024,35.3,98.0,11.8,13.7,41.2
213001009056,INSTITUCION EDUCATIVA NUESTRA SEÑORA DEL BUEN AIRE,2025,49.2,89.8,15.3,33.9,67.8
213001027020,INSTITUCION EDUCATIVA DOMINGO BENKOS BIOHO,2021,72.4,100.0,27.6,45.9,80.6
213001027020,INSTITUCION EDUCATIVA DOMINGO BENKOS BIOHO,2022,57.1,100.0,35.7,44.6,73.2
213001027020,INSTITUCION EDUCATIVA DOMINGO BENKOS BIOHO,2023,66.2,100.0,17.6,51.4,77.0
213001027020,INSTITUCION EDUCATIVA DOMINGO BENKOS BIOHO,2024,58.7,96.7,27.2,48.9,71.7
213001027020,INSTITUCION EDUCATIVA DOMINGO BENKOS BIOHO,2025,53.4,95.9,19.2,47.9,80.8
213006000057,INSTITUCIÓN EDUCATIVA DE RIO NUEVO,2021,50.0,100.0,0.0,37.5,87.5
213006000057,INSTITUCIÓN EDUCATIVA DE RIO NUEVO,2022,61.5,100.0,7.7,38.5,61.5
213006000057,INSTITUCIÓN EDUCATIVA DE RIO NUEVO,2023,16.7,95.8,0.0,12.5,25.0
213006000057,INSTITUCIÓN EDUCATIVA DE RIO NUEVO,2024,38.1,95.2,14.3,9.5,47.6
213006000057,INSTITUCIÓN EDUCATIVA DE RIO NUEVO,2025,50.0,100.0,15.4,19.2,57.7
213006000065,INSTITUCIÓN EDUCATIVA DE BUENAVISTA,2021,68.4,100.0,15.8,31.6,78.9
213006000065,INSTITUCIÓN EDUCATIVA DE BUENAVISTA,2022,71.4,100.0,28.6,42.9,85.7
213006000065,INSTITUCIÓN EDUCATIVA DE BUENAVISTA,2023,53.8,100.0,23.1,38.5,76.9
213006000065,INSTITUCIÓN EDUCATIVA DE BUENAVISTA,2024,76.5,100.0,17.6,41.2,76.5
213006000065,INSTITUCIÓN EDUCATIVA DE BUENAVISTA,2025,64.3,100.0,21.4,64.3,85.7
213006000103,INSTITUCIÓN EDUCATIVA TÉCNICA AGROINDUSTRIAL NUEVA GENERACIÓN DE ASTILLEROS,2021,38.5,100.0,7.7,23.1,53.8
213006000103,INSTITUCIÓN EDUCATIVA TÉCNICA AGROINDUSTRIAL NUEVA GENERACIÓN DE ASTILLEROS,2022,66.7,100.0,4.8,23.8,66.7
213006000103,INSTITUCIÓN EDUCATIVA TÉCNICA AGROINDUSTRIAL NUEVA GENERACIÓN DE ASTILLEROS,2023,64.3,96.4,10.7,35.7,46.4
213006000103,INSTITUCIÓN EDUCATIVA TÉCNICA AGROINDUSTRIAL NUEVA GENERACIÓN DE ASTILLEROS,2024,23.1,100.0,0.0,30.8,53.8
213006000103,INSTITUCIÓN EDUCATIVA TÉCNICA AGROINDUSTRIAL NUEVA GENERACIÓN DE ASTILLEROS,2025,45.5,95.5,4.5,45.5,50.0
213006000154,INSTITUCIÓN EDUCATIVA DE GUACAMAYO,2021,72.2,94.4,33.3,33.3,83.3
213006000154,INSTITUCIÓN EDUCATIVA DE GUACAMAYO,2022,64.3,100.0,21.4,50.0,64.3
213006000154,INSTITUCIÓN EDUCATIVA DE GUACAMAYO,2023,61.5,84.6,23.1,23.1,69.2
213006000154,INSTITUCIÓN EDUCATIVA DE GUACAMAYO,2024,60.0,100.0,30.0,70.0,80.0
213006000154,INSTITUCIÓN EDUCATIVA DE GUACAMAYO,2025,66.7,100.0,20.0,46.7,80.0
213006000171,INSTITUCIÓN EDUCATIVA TÉCNICA AGROPECUARIA Y MINERA DE MONTECRISTO,2021,32.6,97.8,8.7,13.0,52.2
213006000171,INSTITUCIÓN EDUCATIVA TÉCNICA AGROPECUARIA Y MINERA DE MONTECRISTO,2022,51.1,100.0,10.6,23.4,61.7
213006000171,INSTITUCIÓN EDUCATIVA TÉCNICA AGROPECUARIA Y MINERA DE MONTECRISTO,2023,50.0,95.3,6.2,17.2,60.9
213006000171,INSTITUCIÓN EDUCATIVA TÉCNICA AGROPECUARIA Y MINERA DE MONTECRISTO,2024,45.9,98.6,18.9,36.5,45.9
213006000171,INSTITUCIÓN EDUCATIVA TÉCNICA AGROPECUARIA Y MINERA DE MONTECRISTO,2025,31.7,95.2,4.8,7.9,44.4
213006000251,INSTITUCIÓN EDUCATIVA DE GALLEGO,2021,88.9,100.0,33.3,66.7,88.9
213006000251,INSTITUCIÓN EDUCATIVA DE GALLEGO,2022,22.2,100.0,11.1,22.2,55.6
213006000251,INSTITUCIÓN EDUCATIVA DE GALLEGO,2023,55.6,100.0,11.1,11.1,44.4
213006000251,INSTITUCIÓN EDUCATIVA DE GALLEGO,2025,66.7,100.0,16.7,41.7,41.7
213006000278,INSTITUCIÓN EDUCATIVA DE REGENCIA,2022,88.9,100.0,11.1,11.1,66.7
213006000278,INSTITUCIÓN EDUCATIVA DE REGENCIA,2023,62.5,100.0,25.0,37.5,62.5
213006000278,INSTITUCIÓN EDUCATIVA DE REGENCIA,2024,64.7,100.0,11.8,41.2,88.2
213006000278,INSTITUCIÓN EDUCATIVA DE REGENCIA,2025,47.4,100.0,10.5,15.8,68.4
213006001088,INSTITUCIÓN EDUCATIVA TÉCNICA AGROPECUARIA LOS NISPEROS,2021,52.0,100.0,16.0,28.0,68.0
213006001088,INSTITUCIÓN EDUCATIVA TÉCNICA AGROPECUARIA LOS NISPEROS,2022,53.8,96.2,15.4,26.9,65.4
213006001088,INSTITUCIÓN EDUCATIVA TÉCNICA AGROPECUARIA LOS NISPEROS,2023,36.4,90.9,13.6,22.7,40.9
213006001088,INSTITUCIÓN EDUCATIVA TÉCNICA AGROPECUARIA LOS NISPEROS,2024,60.7,96.4,14.3,28.6,64.3
213006001088,INSTITUCIÓN EDUCATIVA TÉCNICA AGROPECUARIA LOS NISPEROS,2025,47.4,84.2,5.3,21.1,68.4
213006001185,INSTITUCIÓN EDUCATIVA SANTA LUCIA,2021,66.7,100.0,16.7,50.0,66.7
213006001185,INSTITUCIÓN EDUCATIVA SANTA LUCIA,2022,66.7,100.0,25.0,58.3,66.7
213006001185,INSTITUCIÓN EDUCATIVA SANTA LUCIA,2023,73.3,100.0,13.3,33.3,86.7
213006001185,INSTITUCIÓN EDUCATIVA SANTA LUCIA,2024,57.1,100.0,28.6,42.9,57.1
213006001185,INSTITUCIÓN EDUCATIVA SANTA LUCIA,2025,64.7,100.0,11.8,58.8,88.2
213006001452,INSTITUCIÓN EDUCATIVA TÉCNICA AGROPECUARIA DE PLAYA ALTA,2021,56.7,96.7,16.7,36.7,73.3
213006001452,INSTITUCIÓN EDUCATIVA TÉCNICA AGROPECUARIA DE PLAYA ALTA,2022,79.2,95.8,16.7,41.7,83.3
213006001452,INSTITUCIÓN EDUCATIVA TÉCNICA AGROPECUARIA DE PLAYA ALTA,2023,41.2,94.1,11.8,29.4,58.8
213006001452,INSTITUCIÓN EDUCATIVA TÉCNICA AGROPECUARIA DE PLAYA ALTA,2024,46.2,92.3,0.0,23.1,61.5
213006001452,INSTITUCIÓN EDUCATIVA TÉCNICA AGROPECUARIA DE PLAYA ALTA,2025,37.5,91.7,8.3,16.7,62.5
213006001649,INSTITUCION EDUCATIVA PLACIDO RETAMOZA,2021,47.8,97.8,4.3,32.6,54.3
213006001649,INSTITUCION EDUCATIVA PLACIDO RETAMOZA,2022,54.7,98.1,22.6,35.8,69.8
213006001649,INSTITUCION EDUCATIVA PLACIDO RETAMOZA,2023,51.2,100.0,9.8,29.3,53.7
213006001649,INSTITUCION EDUCATIVA PLACIDO RETAMOZA,2024,58.5,100.0,15.1,32.1,62.3
213006001649,INSTITUCION EDUCATIVA PLACIDO RETAMOZA,2025,52.9,96.1,2.0,11.8,64.7
213006001746,INSTITUCIÓN EDUCATIVA TÉCNICA AGROPECUARIA DE GALINDO,2021,78.3,100.0,21.7,39.1,82.6
213006001746,INSTITUCIÓN EDUCATIVA TÉCNICA AGROPECUARIA DE GALINDO,2022,41.7,100.0,33.3,25.0,66.7
213006001746,INSTITUCIÓN EDUCATIVA TÉCNICA AGROPECUARIA DE GALINDO,2023,71.4,100.0,19.0,38.1,81.0
213006001746,INSTITUCIÓN EDUCATIVA TÉCNICA AGROPECUARIA DE GALINDO,2024,50.0,100.0,6.2,31.2,62.5
213006001746,INSTITUCIÓN EDUCATIVA TÉCNICA AGROPECUARIA DE GALINDO,2025,33.3,100.0,0.0,16.7,66.7
213006001797,INSTITUCIÓN EDUCATIVA SAN MIGUEL DE TRES CRUCES,2021,53.8,100.0,15.4,46.2,65.4
213006001797,INSTITUCIÓN EDUCATIVA SAN MIGUEL DE TRES CRUCES,2022,68.8,96.9,31.2,53.1,62.5
213006001797,INSTITUCIÓN EDUCATIVA SAN MIGUEL DE TRES CRUCES,2023,72.7,90.9,18.2,45.5,77.3
213006001797,INSTITUCIÓN EDUCATIVA SAN MIGUEL DE TRES CRUCES,2024,44.8,96.6,13.8,41.4,62.1
213006001797,INSTITUCIÓN EDUCATIVA SAN MIGUEL DE TRES CRUCES,2025,47.1,100.0,17.6,23.5,52.9
213006001975,INSTITUCIÓN EDUCATIVA TÉCNICA  AGROPECUARIA DE  PUERTO VENECIA,2021,37.8,95.6,13.3,35.6,60.0
213006001975,INSTITUCIÓN EDUCATIVA TÉCNICA  AGROPECUARIA DE  PUERTO VENECIA,2022,39.0,93.2,22.0,20.3,61.0
213006001975,INSTITUCIÓN EDUCATIVA TÉCNICA  AGROPECUARIA DE  PUERTO VENECIA,2023,40.5,95.2,4.8,19.0,47.6
213006001975,INSTITUCIÓN EDUCATIVA TÉCNICA  AGROPECUARIA DE  PUERTO VENECIA,2024,32.8,98.4,7.8,28.1,60.9
213006001975,INSTITUCIÓN EDUCATIVA TÉCNICA  AGROPECUARIA DE  PUERTO VENECIA,2025,8.6,91.4,3.4,12.1,56.9
213006002475,INSTITUCION EDUCATIVA DE TENCHE,2021,30.8,100.0,7.7,0.0,61.5
213006002475,INSTITUCION EDUCATIVA DE TENCHE,2022,18.2,95.5,0.0,9.1,31.8
213006002475,INSTITUCION EDUCATIVA DE TENCHE,2023,7.7,100.0,7.7,7.7,23.1
213006002475,INSTITUCION EDUCATIVA DE TENCHE,2024,4.8,100.0,9.5,14.3,47.6
213006002475,INSTITUCION EDUCATIVA DE TENCHE,2025,30.4,100.0,4.3,21.7,47.8
213052000070,INSTITUCIÓN EDUCATIVA DE GAMBOTE,2021,55.6,100.0,16.7,22.2,72.2
213052000070,INSTITUCIÓN EDUCATIVA DE GAMBOTE,2022,44.4,100.0,11.1,33.3,83.3
213052000070,INSTITUCIÓN EDUCATIVA DE GAMBOTE,2023,41.7,100.0,16.7,25.0,58.3
213052000070,INSTITUCIÓN EDUCATIVA DE GAMBOTE,2024,30.8,100.0,15.4,23.1,76.9
213052000070,INSTITUCIÓN EDUCATIVA DE GAMBOTE,2025,38.5,92.3,3.8,26.9,69.2
213052000355,INSTITUCIÓN EDUCATIVA TÉCNICA AGROPECUARIA  DE SINCERIN,2021,33.3,100.0,0.0,9.5,57.1
213052000355,INSTITUCIÓN EDUCATIVA TÉCNICA AGROPECUARIA  DE SINCERIN,2022,16.2,94.6,2.7,8.1,45.9
213052000355,INSTITUCIÓN EDUCATIVA TÉCNICA AGROPECUARIA  DE SINCERIN,2023,18.5,92.6,3.7,7.4,51.9
213052000355,INSTITUCIÓN EDUCATIVA TÉCNICA AGROPECUARIA  DE SINCERIN,2024,13.3,96.7,3.3,3.3,60.0
213052000355,INSTITUCIÓN EDUCATIVA TÉCNICA AGROPECUARIA  DE SINCERIN,2025,32.3,93.5,0.0,6.5,48.4
213052000461,INSTITUCIÓN EDUCATIVA TÉCNICA ACUÍCOLA DE ROCHA,2021,74.5,100.0,21.6,51.0,88.2
213052000461,INSTITUCIÓN EDUCATIVA TÉCNICA ACUÍCOLA DE ROCHA,2022,57.1,100.0,26.5,42.9,69.4
213052000461,INSTITUCIÓN EDUCATIVA TÉCNICA ACUÍCOLA DE ROCHA,2023,59.0,100.0,23.1,38.5,84.6
213052000461,INSTITUCIÓN EDUCATIVA TÉCNICA ACUÍCOLA DE ROCHA,2024,56.2,100.0,18.8,56.2,90.6
213052000461,INSTITUCIÓN EDUCATIVA TÉCNICA ACUÍCOLA DE ROCHA,2025,56.8,100.0,13.5,40.5,75.7
213074000081,INSTITUCIÓN EDUCATIVA TÉCNICA AGROPECUARIA JORGE ELIECER GAITAN,2021,66.7,100.0,33.3,44.4,100.0
213074000081,INSTITUCIÓN EDUCATIVA TÉCNICA AGROPECUARIA JORGE ELIECER GAITAN,2022,47.1,100.0,5.9,23.5,64.7
213074000081,INSTITUCIÓN EDUCATIVA TÉCNICA AGROPECUARIA JORGE ELIECER GAITAN,2023,33.3,100.0,0.0,0.0,55.6
213074000081,INSTITUCIÓN EDUCATIVA TÉCNICA AGROPECUARIA JORGE ELIECER GAITAN,2024,25.0,100.0,0.0,12.5,62.5
213074000081,INSTITUCIÓN EDUCATIVA TÉCNICA AGROPECUARIA JORGE ELIECER GAITAN,2025,50.0,90.0,0.0,30.0,70.0
213074000171,INSTITUCIÓN EDUCATIVA  SAGRADO CORAZÓN DE JESÚS,2021,39.1,100.0,8.7,26.1,91.3
213074000171,INSTITUCIÓN EDUCATIVA  SAGRADO CORAZÓN DE JESÚS,2022,42.3,100.0,7.7,0.0,46.2
213074000171,INSTITUCIÓN EDUCATIVA  SAGRADO CORAZÓN DE JESÚS,2023,40.9,100.0,13.6,36.4,59.1
213074000171,INSTITUCIÓN EDUCATIVA  SAGRADO CORAZÓN DE JESÚS,2024,38.2,100.0,20.6,26.5,70.6
213074000171,INSTITUCIÓN EDUCATIVA  SAGRADO CORAZÓN DE JESÚS,2025,54.2,91.7,20.8,25.0,79.2
213074000189,INSTITUCIÓN EDUCATIVA DE SAN ISIDRO,2022,66.7,100.0,16.7,27.8,66.7
213074000189,INSTITUCIÓN EDUCATIVA DE SAN ISIDRO,2023,100.0,93.3,6.7,46.7,80.0
213074000189,INSTITUCIÓN EDUCATIVA DE SAN ISIDRO,2024,71.4,100.0,28.6,50.0,64.3
213074000189,INSTITUCIÓN EDUCATIVA DE SAN ISIDRO,2025,36.8,100.0,5.3,42.1,78.9
213074000847,INSTITUCIÓN EDUCATIVA TECNICA AGROPECUARIA Y PESQUERA SEGUNDO AMARIS MATUTE,2021,70.4,100.0,25.9,51.9,74.1
213074000847,INSTITUCIÓN EDUCATIVA TECNICA AGROPECUARIA Y PESQUERA SEGUNDO AMARIS MATUTE,2022,59.0,100.0,17.9,38.5,69.2
213074000847,INSTITUCIÓN EDUCATIVA TECNICA AGROPECUARIA Y PESQUERA SEGUNDO AMARIS MATUTE,2023,81.1,100.0,29.7,43.2,86.5
213074000847,INSTITUCIÓN EDUCATIVA TECNICA AGROPECUARIA Y PESQUERA SEGUNDO AMARIS MATUTE,2024,33.3,100.0,10.0,23.3,50.0
213074000847,INSTITUCIÓN EDUCATIVA TECNICA AGROPECUARIA Y PESQUERA SEGUNDO AMARIS MATUTE,2025,70.3,97.3,2.7,40.5,78.4
213074000961,INSTITUCIÓN EDUCATIVA ALEJANDRO DURAN DIAZ,2021,55.3,100.0,10.6,25.5,78.7
213074000961,INSTITUCIÓN EDUCATIVA ALEJANDRO DURAN DIAZ,2022,35.1,94.6,13.5,13.5,51.4
213074000961,INSTITUCIÓN EDUCATIVA ALEJANDRO DURAN DIAZ,2023,47.9,97.9,14.6,33.3,62.5
213074000961,INSTITUCIÓN EDUCATIVA ALEJANDRO DURAN DIAZ,2024,48.2,94.6,8.9,28.6,57.1
213074000961,INSTITUCIÓN EDUCATIVA ALEJANDRO DURAN DIAZ,2025,39.6,96.2,11.3,34.0,73.6
213074001029,INSTITUCIÓN EDUCATIVA TÉCNICA AGROPECUARIA Y ACUÍCOLA LUIS GUILLERMO VIDES ESCOBAR,2021,61.3,100.0,9.7,35.5,64.5
213074001029,INSTITUCIÓN EDUCATIVA TÉCNICA AGROPECUARIA Y ACUÍCOLA LUIS GUILLERMO VIDES ESCOBAR,2022,61.9,100.0,14.3,28.6,71.4
213074001029,INSTITUCIÓN EDUCATIVA TÉCNICA AGROPECUARIA Y ACUÍCOLA LUIS GUILLERMO VIDES ESCOBAR,2023,72.7,100.0,22.7,50.0,63.6
213074001029,INSTITUCIÓN EDUCATIVA TÉCNICA AGROPECUARIA Y ACUÍCOLA LUIS GUILLERMO VIDES ESCOBAR,2024,50.0,95.0,25.0,35.0,70.0
213074001029,INSTITUCIÓN EDUCATIVA TÉCNICA AGROPECUARIA Y ACUÍCOLA LUIS GUILLERMO VIDES ESCOBAR,2025,45.0,95.0,20.0,35.0,70.0
213074001088,INSTITUCIÓN EDUCATIVA LAS DELICIAS MINAS DE SANTA CRUZ,2021,36.4,100.0,4.5,13.6,50.0
213074001088,INSTITUCIÓN EDUCATIVA LAS DELICIAS MINAS DE SANTA CRUZ,2022,52.6,94.7,10.5,15.8,52.6
213074001088,INSTITUCIÓN EDUCATIVA LAS DELICIAS MINAS DE SANTA CRUZ,2023,66.7,100.0,6.7,13.3,80.0
213074001088,INSTITUCIÓN EDUCATIVA LAS DELICIAS MINAS DE SANTA CRUZ,2024,48.4,100.0,9.7,19.4,74.2
213074001088,INSTITUCIÓN EDUCATIVA LAS DELICIAS MINAS DE SANTA CRUZ,2025,54.2,91.7,8.3,45.8,79.2
213074001177,INSTITUCIÓN EDUCATIVA DE PUEBLITO MEJIA,2021,55.6,100.0,11.1,22.2,44.4
213074001177,INSTITUCIÓN EDUCATIVA DE PUEBLITO MEJIA,2022,63.6,100.0,27.3,63.6,72.7
213074001177,INSTITUCIÓN EDUCATIVA DE PUEBLITO MEJIA,2023,53.8,100.0,23.1,46.2,53.8
213074001177,INSTITUCIÓN EDUCATIVA DE PUEBLITO MEJIA,2024,70.0,100.0,10.0,60.0,90.0
213074001177,INSTITUCIÓN EDUCATIVA DE PUEBLITO MEJIA,2025,47.1,94.1,23.5,47.1,64.7
213140000101,INSTITUCION EDUCATIVA DE MACHADO,2021,46.7,100.0,6.7,33.3,66.7
213140000101,INSTITUCION EDUCATIVA DE MACHADO,2022,77.8,100.0,11.1,11.1,88.9
213140000101,INSTITUCION EDUCATIVA DE MACHADO,2023,60.0,100.0,20.0,30.0,60.0
213140000101,INSTITUCION EDUCATIVA DE MACHADO,2024,81.2,100.0,31.2,68.8,87.5
213140000101,INSTITUCION EDUCATIVA DE MACHADO,2025,25.0,100.0,25.0,25.0,62.5
213140000268,INSTITUCIÓN EDUCATIVA TÉCNICA DE ARROYO HONDO ROBERTO BOTERO MORALES,2021,54.4,95.6,14.7,26.5,52.9
213140000268,INSTITUCIÓN EDUCATIVA TÉCNICA DE ARROYO HONDO ROBERTO BOTERO MORALES,2022,50.6,96.5,11.8,36.5,56.5
213140000268,INSTITUCIÓN EDUCATIVA TÉCNICA DE ARROYO HONDO ROBERTO BOTERO MORALES,2023,49.3,94.7,13.3,40.0,73.3
213140000268,INSTITUCIÓN EDUCATIVA TÉCNICA DE ARROYO HONDO ROBERTO BOTERO MORALES,2024,54.0,98.4,19.0,33.3,66.7
213140000268,INSTITUCIÓN EDUCATIVA TÉCNICA DE ARROYO HONDO ROBERTO BOTERO MORALES,2025,49.3,97.0,3.0,29.9,67.2
213140000365,INSTITUCIÓN EDUCATIVA TÉCNICA AGROPECUARIA DE EL YUCAL,2021,77.4,100.0,25.8,45.2,87.1
213140000365,INSTITUCIÓN EDUCATIVA TÉCNICA AGROPECUARIA DE EL YUCAL,2022,60.6,100.0,27.3,51.5,63.6
213140000365,INSTITUCIÓN EDUCATIVA TÉCNICA AGROPECUARIA DE EL YUCAL,2023,63.3,96.7,23.3,23.3,66.7
213140000365,INSTITUCIÓN EDUCATIVA TÉCNICA AGROPECUARIA DE EL YUCAL,2024,46.7,100.0,40.0,36.7,76.7
213140000365,INSTITUCIÓN EDUCATIVA TÉCNICA AGROPECUARIA DE EL YUCAL,2025,66.7,100.0,17.9,38.5,82.1
213160000060,INSTITUCIÓN EDUCATIVA LA VICTORIA,2023,22.2,100.0,0.0,11.1,33.3
213160000060,INSTITUCIÓN EDUCATIVA LA VICTORIA,2024,43.8,100.0,12.5,18.8,62.5
213160000060,INSTITUCIÓN EDUCATIVA LA VICTORIA,2025,20.0,100.0,0.0,20.0,40.0
213188000057,INSTITUCIÓN EDUCATIVA SAN FRANCISCO DE LOBA,2021,6.7,100.0,0.0,0.0,26.7
213188000057,INSTITUCIÓN EDUCATIVA SAN FRANCISCO DE LOBA,2022,33.3,100.0,0.0,16.7,50.0
213188000057,INSTITUCIÓN EDUCATIVA SAN FRANCISCO DE LOBA,2023,23.8,95.2,4.8,14.3,38.1
213188000057,INSTITUCIÓN EDUCATIVA SAN FRANCISCO DE LOBA,2024,11.5,96.2,3.8,7.7,34.6
213188000057,INSTITUCIÓN EDUCATIVA SAN FRANCISCO DE LOBA,2025,25.0,100.0,6.2,18.8,62.5
213212000021,INSTITUCIÓN EDUCATIVA TÉCNICA  AGROPECUARIA  LUIS VILLAFAÑE PAREJA,2021,53.8,100.0,11.5,19.2,73.1
213212000021,INSTITUCIÓN EDUCATIVA TÉCNICA  AGROPECUARIA  LUIS VILLAFAÑE PAREJA,2022,38.5,100.0,20.5,33.3,59.0
213212000021,INSTITUCIÓN EDUCATIVA TÉCNICA  AGROPECUARIA  LUIS VILLAFAÑE PAREJA,2023,38.5,96.2,19.2,19.2,46.2
213212000021,INSTITUCIÓN EDUCATIVA TÉCNICA  AGROPECUARIA  LUIS VILLAFAÑE PAREJA,2024,26.7,93.3,6.7,13.3,40.0
213212000021,INSTITUCIÓN EDUCATIVA TÉCNICA  AGROPECUARIA  LUIS VILLAFAÑE PAREJA,2025,18.8,90.6,0.0,6.2,37.5
213212000063,INSTITUCIÓN EDUCATIVA TÉCNICA  EN INFORMÀTICA DE SINCELEJITO,2021,39.1,95.7,13.0,21.7,73.9
213212000063,INSTITUCIÓN EDUCATIVA TÉCNICA  EN INFORMÀTICA DE SINCELEJITO,2022,30.4,91.3,8.7,26.1,47.8
213212000063,INSTITUCIÓN EDUCATIVA TÉCNICA  EN INFORMÀTICA DE SINCELEJITO,2023,37.9,96.6,10.3,24.1,48.3
213212000063,INSTITUCIÓN EDUCATIVA TÉCNICA  EN INFORMÀTICA DE SINCELEJITO,2024,23.1,96.2,3.8,23.1,50.0
213212000063,INSTITUCIÓN EDUCATIVA TÉCNICA  EN INFORMÀTICA DE SINCELEJITO,2025,44.8,96.6,13.8,31.0,58.6
213212000080,INSTITUCIÓN EDUCATIVA TÉCNICA AGROINDUSTRIAL DE GUAYMARAL,2021,19.0,90.5,4.8,23.8,33.3
213212000080,INSTITUCIÓN EDUCATIVA TÉCNICA AGROINDUSTRIAL DE GUAYMARAL,2022,46.2,100.0,15.4,23.1,38.5
213212000080,INSTITUCIÓN EDUCATIVA TÉCNICA AGROINDUSTRIAL DE GUAYMARAL,2023,38.5,92.3,15.4,30.8,53.8
213212000080,INSTITUCIÓN EDUCATIVA TÉCNICA AGROINDUSTRIAL DE GUAYMARAL,2024,13.0,95.7,8.7,8.7,34.8
213212000080,INSTITUCIÓN EDUCATIVA TÉCNICA AGROINDUSTRIAL DE GUAYMARAL,2025,10.5,89.5,0.0,31.6,42.1
213212000101,INSTITUCIÓN EDUCATIVA SANTA LUCIA,2021,83.3,100.0,33.3,33.3,83.3
213212000101,INSTITUCIÓN EDUCATIVA SANTA LUCIA,2022,43.8,100.0,6.2,18.8,50.0
213212000101,INSTITUCIÓN EDUCATIVA SANTA LUCIA,2023,61.1,100.0,11.1,27.8,77.8
213212000101,INSTITUCIÓN EDUCATIVA SANTA LUCIA,2024,64.3,100.0,14.3,28.6,71.4
213212000101,INSTITUCIÓN EDUCATIVA SANTA LUCIA,2025,50.0,100.0,11.5,26.9,69.2
213212000331,"INSTITUCIÓN EDUCATIVA TÉCNICA  AGROPECUARIA, ECOLÓGICA E INFORMÁTICA RAFAEL NUÑEZ",2021,41.9,97.7,14.0,25.6,72.1
213212000331,"INSTITUCIÓN EDUCATIVA TÉCNICA  AGROPECUARIA, ECOLÓGICA E INFORMÁTICA RAFAEL NUÑEZ",2022,35.5,96.8,16.1,35.5,64.5
213212000331,"INSTITUCIÓN EDUCATIVA TÉCNICA  AGROPECUARIA, ECOLÓGICA E INFORMÁTICA RAFAEL NUÑEZ",2023,50.0,95.0,5.0,20.0,65.0
213212000331,"INSTITUCIÓN EDUCATIVA TÉCNICA  AGROPECUARIA, ECOLÓGICA E INFORMÁTICA RAFAEL NUÑEZ",2024,27.8,100.0,0.0,16.7,50.0
213212000331,"INSTITUCIÓN EDUCATIVA TÉCNICA  AGROPECUARIA, ECOLÓGICA E INFORMÁTICA RAFAEL NUÑEZ",2025,41.4,89.7,6.9,10.3,55.2
213212000373,INSTITUCIÓN EDUCATIVA TÉCNICA   AGROPECUARIA DE TACAMOCHO,2021,52.4,97.6,9.5,21.4,71.4
213212000373,INSTITUCIÓN EDUCATIVA TÉCNICA   AGROPECUARIA DE TACAMOCHO,2022,45.8,100.0,20.8,37.5,62.5
213212000373,INSTITUCIÓN EDUCATIVA TÉCNICA   AGROPECUARIA DE TACAMOCHO,2023,63.6,97.0,24.2,39.4,72.7
213212000373,INSTITUCIÓN EDUCATIVA TÉCNICA   AGROPECUARIA DE TACAMOCHO,2024,50.0,94.4,16.7,44.4,66.7
213212000373,INSTITUCIÓN EDUCATIVA TÉCNICA   AGROPECUARIA DE TACAMOCHO,2025,40.0,100.0,16.7,16.7,60.0
213244000359,INSTITUCIÓN EDUCATIVA EL HOBO,2021,44.0,100.0,12.0,20.0,56.0
213244000359,INSTITUCIÓN EDUCATIVA EL HOBO,2022,47.1,100.0,11.8,23.5,60.8
213244000359,INSTITUCIÓN EDUCATIVA EL HOBO,2023,40.0,95.0,5.0,7.5,47.5
213244000359,INSTITUCIÓN EDUCATIVA EL HOBO,2024,36.7,100.0,3.3,13.3,53.3
213244000359,INSTITUCIÓN EDUCATIVA EL HOBO,2025,25.8,87.1,3.2,6.5,35.5
213244000367,INSTITUCIÓN EDUCATIVA TÉCNICA EN EXPLOTACIONES AGROPECUARIAS ECOLOGICAS Y EN SISTEMAS DE  SAN ISIDRO,2021,53.8,100.0,0.0,46.2,84.6
213244000367,INSTITUCIÓN EDUCATIVA TÉCNICA EN EXPLOTACIONES AGROPECUARIAS ECOLOGICAS Y EN SISTEMAS DE  SAN ISIDRO,2022,45.0,100.0,15.0,50.0,70.0
213244000367,INSTITUCIÓN EDUCATIVA TÉCNICA EN EXPLOTACIONES AGROPECUARIAS ECOLOGICAS Y EN SISTEMAS DE  SAN ISIDRO,2023,48.3,96.6,20.7,34.5,58.6
213244000367,INSTITUCIÓN EDUCATIVA TÉCNICA EN EXPLOTACIONES AGROPECUARIAS ECOLOGICAS Y EN SISTEMAS DE  SAN ISIDRO,2024,68.4,89.5,15.8,42.1,68.4
213244000367,INSTITUCIÓN EDUCATIVA TÉCNICA EN EXPLOTACIONES AGROPECUARIAS ECOLOGICAS Y EN SISTEMAS DE  SAN ISIDRO,2025,64.7,100.0,11.8,29.4,76.5
213244000880,INSTITUCIÓN EDUCATIVA TÉCNICA AGROPECUARIA DE MACAYEPOS,2021,58.3,91.7,16.7,16.7,66.7
213244000880,INSTITUCIÓN EDUCATIVA TÉCNICA AGROPECUARIA DE MACAYEPOS,2022,33.3,100.0,5.6,44.4,55.6
213244000880,INSTITUCIÓN EDUCATIVA TÉCNICA AGROPECUARIA DE MACAYEPOS,2023,47.4,100.0,15.8,47.4,63.2
213244000880,INSTITUCIÓN EDUCATIVA TÉCNICA AGROPECUARIA DE MACAYEPOS,2024,39.1,100.0,26.1,30.4,69.6
213244000880,INSTITUCIÓN EDUCATIVA TÉCNICA AGROPECUARIA DE MACAYEPOS,2025,37.9,96.6,3.4,20.7,65.5
213244000944,INSTITUCIÓN EDUCATIVA ALTA MONTAÑA,2021,33.3,100.0,44.4,22.2,44.4
213244000944,INSTITUCIÓN EDUCATIVA ALTA MONTAÑA,2022,42.1,100.0,10.5,15.8,63.2
213244000944,INSTITUCIÓN EDUCATIVA ALTA MONTAÑA,2023,27.8,94.4,16.7,11.1,38.9
213244000944,INSTITUCIÓN EDUCATIVA ALTA MONTAÑA,2024,17.6,100.0,11.8,0.0,35.3
213244000944,INSTITUCIÓN EDUCATIVA ALTA MONTAÑA,2025,26.1,100.0,13.0,4.3,52.2
213244000952,INSTITUCIÓN EDUCATIVA DE CARACOLÍ,2021,57.6,97.0,21.2,24.2,60.6
213244000952,INSTITUCIÓN EDUCATIVA DE CARACOLÍ,2022,45.5,96.4,9.1,12.7,58.2
213244000952,INSTITUCIÓN EDUCATIVA DE CARACOLÍ,2023,51.0,100.0,10.2,18.4,53.1
213244000952,INSTITUCIÓN EDUCATIVA DE CARACOLÍ,2024,40.0,95.0,10.0,7.5,42.5
213244000952,INSTITUCIÓN EDUCATIVA DE CARACOLÍ,2025,35.1,97.3,2.7,18.9,43.2
213244001070,INSTITUCIÓN EDUCATIVA TÉCNICA MAMON DE MARÍA,2021,86.4,95.5,31.8,54.5,86.4
213244001070,INSTITUCIÓN EDUCATIVA TÉCNICA MAMON DE MARÍA,2022,75.0,95.0,15.0,50.0,80.0
213244001070,INSTITUCIÓN EDUCATIVA TÉCNICA MAMON DE MARÍA,2023,68.8,100.0,0.0,31.2,75.0
213244001070,INSTITUCIÓN EDUCATIVA TÉCNICA MAMON DE MARÍA,2024,57.9,94.7,15.8,42.1,78.9
213244001070,INSTITUCIÓN EDUCATIVA TÉCNICA MAMON DE MARÍA,2025,77.3,100.0,9.1,50.0,90.9
213244001100,INSTITUCIÓN EDUCATIVA TÉCNICA DE AGROPECUARIA GUAMANGA,2021,46.2,100.0,23.1,38.5,53.8
213244001100,INSTITUCIÓN EDUCATIVA TÉCNICA DE AGROPECUARIA GUAMANGA,2022,45.5,100.0,27.3,27.3,54.5
213244001100,INSTITUCIÓN EDUCATIVA TÉCNICA DE AGROPECUARIA GUAMANGA,2023,50.0,100.0,16.7,58.3,91.7
213244001100,INSTITUCIÓN EDUCATIVA TÉCNICA DE AGROPECUARIA GUAMANGA,2024,70.0,100.0,30.0,56.7,76.7
213244001100,INSTITUCIÓN EDUCATIVA TÉCNICA DE AGROPECUARIA GUAMANGA,2025,80.0,100.0,26.7,56.7,90.0
213244001975,INSTITUCIÒN EDUCATIVA GABRIEL GARCÌA TABOADA,2021,61.4,98.8,9.6,42.2,61.4
213244001975,INSTITUCIÒN EDUCATIVA GABRIEL GARCÌA TABOADA,2022,59.2,100.0,18.3,28.2,71.8
213244001975,INSTITUCIÒN EDUCATIVA GABRIEL GARCÌA TABOADA,2023,55.3,96.1,15.8,39.5,65.8
213244001975,INSTITUCIÒN EDUCATIVA GABRIEL GARCÌA TABOADA,2024,51.3,98.7,25.6,32.1,57.7
213244001975,INSTITUCIÒN EDUCATIVA GABRIEL GARCÌA TABOADA,2025,50.7,98.5,6.0,32.8,71.6
213244001983,INSTITUCIÓN EDUCATIVA TÉCNICA AGROPECUARIA EL SALADO,2021,31.2,100.0,6.2,12.5,50.0
213244001983,INSTITUCIÓN EDUCATIVA TÉCNICA AGROPECUARIA EL SALADO,2022,21.4,92.9,7.1,35.7,42.9
213244001983,INSTITUCIÓN EDUCATIVA TÉCNICA AGROPECUARIA EL SALADO,2023,18.2,90.9,0.0,0.0,36.4
213244001983,INSTITUCIÓN EDUCATIVA TÉCNICA AGROPECUARIA EL SALADO,2024,37.5,100.0,12.5,37.5,62.5
213244001983,INSTITUCIÓN EDUCATIVA TÉCNICA AGROPECUARIA EL SALADO,2025,23.5,100.0,0.0,17.6,58.8
213248000124,INSTITUCION EDUCATIVA TÉCNICA AGROPESQUERA MANUEL PADILLA POLO DE ROBLES,2021,69.0,100.0,10.3,37.9,69.0
213248000124,INSTITUCION EDUCATIVA TÉCNICA AGROPESQUERA MANUEL PADILLA POLO DE ROBLES,2022,37.8,100.0,16.2,18.9,54.1
213248000124,INSTITUCION EDUCATIVA TÉCNICA AGROPESQUERA MANUEL PADILLA POLO DE ROBLES,2023,52.5,100.0,17.5,22.5,65.0
213248000124,INSTITUCION EDUCATIVA TÉCNICA AGROPESQUERA MANUEL PADILLA POLO DE ROBLES,2024,28.0,100.0,8.0,8.0,36.0
213248000124,INSTITUCION EDUCATIVA TÉCNICA AGROPESQUERA MANUEL PADILLA POLO DE ROBLES,2025,41.2,97.1,11.8,20.6,79.4
213268000091,INSTITUCIÓN EDUCATIVA TÉCNICA AGROPECUARIA DE BUENOS AIRES,2021,100.0,100.0,33.3,16.7,66.7
213268000091,INSTITUCIÓN EDUCATIVA TÉCNICA AGROPECUARIA DE BUENOS AIRES,2022,40.0,100.0,20.0,60.0,40.0
213268000091,INSTITUCIÓN EDUCATIVA TÉCNICA AGROPECUARIA DE BUENOS AIRES,2023,53.8,100.0,15.4,53.8,76.9
213268000091,INSTITUCIÓN EDUCATIVA TÉCNICA AGROPECUARIA DE BUENOS AIRES,2024,66.7,100.0,25.0,33.3,58.3
213268000091,INSTITUCIÓN EDUCATIVA TÉCNICA AGROPECUARIA DE BUENOS AIRES,2025,50.0,100.0,8.3,16.7,91.7
213430000113,INST EDUC DE ISLA GRANDE,2021,42.4,97.0,24.2,24.2,84.8
213430000113,INST EDUC DE ISLA GRANDE,2022,46.4,100.0,10.7,35.7,67.9
213430000113,INST EDUC DE ISLA GRANDE,2023,54.5,100.0,9.1,36.4,81.8
213430000113,INST EDUC DE ISLA GRANDE,2024,48.1,92.6,18.5,37.0,70.4
213430000113,INST EDUC DE ISLA GRANDE,2025,50.0,83.3,5.6,16.7,50.0
213430000610,INSTITUCION EDUCATIVA LA PASCUALA,2021,27.3,100.0,0.0,9.1,31.8
213430000610,INSTITUCION EDUCATIVA LA PASCUALA,2022,50.0,91.2,5.9,29.4,55.9
213430000610,INSTITUCION EDUCATIVA LA PASCUALA,2023,30.8,94.9,5.1,15.4,51.3
213430000610,INSTITUCION EDUCATIVA LA PASCUALA,2024,40.7,96.3,11.1,14.8,55.6
213430000610,INSTITUCION EDUCATIVA LA PASCUALA,2025,25.0,91.7,2.8,2.8,50.0
213430001144,INST EDUC TECNICO ACUICOLA DE CASCAJAL,2021,41.2,96.5,3.5,16.5,56.5
213430001144,INST EDUC TECNICO ACUICOLA DE CASCAJAL,2022,31.6,86.1,5.1,19.0,45.6
213430001144,INST EDUC TECNICO ACUICOLA DE CASCAJAL,2023,18.5,90.7,3.7,11.1,31.5
213430001144,INST EDUC TECNICO ACUICOLA DE CASCAJAL,2024,2.2,93.5,0.0,10.9,47.8
213430001144,INST EDUC TECNICO ACUICOLA DE CASCAJAL,2025,27.3,89.1,3.6,18.2,49.1
213430001811,I.E. DE YATI,2021,33.9,95.2,11.3,16.1,59.7
213430001811,I.E. DE YATI,2022,47.0,95.2,14.5,24.1,54.2
213430001811,I.E. DE YATI,2023,35.1,93.2,9.5,14.9,54.1
213430001811,I.E. DE YATI,2024,32.3,93.5,6.5,11.3,48.4
213430001811,I.E. DE YATI,2025,22.4,100.0,8.2,8.2,49.0
213430001926,INST EDUC DE JUAN ARIAS,2021,20.0,80.0,0.0,6.7,26.7
213430001926,INST EDUC DE JUAN ARIAS,2022,40.3,95.5,13.4,28.4,61.2
213430001926,INST EDUC DE JUAN ARIAS,2023,32.8,89.7,8.6,6.9,43.1
213430001926,INST EDUC DE JUAN ARIAS,2024,25.5,93.6,6.4,14.9,51.1
213430001926,INST EDUC DE JUAN ARIAS,2025,38.3,91.5,10.6,23.4,53.2
213430002337,I.E. DE COYONGAL,2021,57.1,97.6,23.8,26.2,64.3
213430002337,I.E. DE COYONGAL,2022,65.4,88.5,7.7,30.8,46.2
213430002337,I.E. DE COYONGAL,2023,40.4,95.7,10.6,14.9,55.3
213430002337,I.E. DE COYONGAL,2024,39.4,100.0,12.1,18.2,57.6
213430002337,I.E. DE COYONGAL,2025,51.2,90.2,17.1,22.0,73.2
213430002493,INST EDUC SAN JUAN BAUTISTA DE EL RETIRO,2021,46.2,96.2,11.5,19.2,73.1
213430002493,INST EDUC SAN JUAN BAUTISTA DE EL RETIRO,2022,48.3,100.0,17.2,24.1,72.4
213430002493,INST EDUC SAN JUAN BAUTISTA DE EL RETIRO,2023,20.8,100.0,8.3,0.0,50.0
213430002493,INST EDUC SAN JUAN BAUTISTA DE EL RETIRO,2024,14.8,92.6,3.7,3.7,40.7
213430002493,INST EDUC SAN JUAN BAUTISTA DE EL RETIRO,2025,16.7,91.7,0.0,4.2,37.5
213430002582,INST EDUC TECNICA AGROPECUARIA SANTA BARBARA,2021,33.3,94.7,3.5,15.8,59.6
213430002582,INST EDUC TECNICA AGROPECUARIA SANTA BARBARA,2022,34.1,93.9,11.0,29.3,53.7
213430002582,INST EDUC TECNICA AGROPECUARIA SANTA BARBARA,2023,23.5,92.6,2.9,11.8,42.6
213430002582,INST EDUC TECNICA AGROPECUARIA SANTA BARBARA,2024,14.8,98.4,6.6,6.6,39.3
213430002582,INST EDUC TECNICA AGROPECUARIA SANTA BARBARA,2025,25.8,98.5,3.0,13.6,50.0
213430002612,INST EDUC SAN SEBASTIAN DE MADRID,2021,35.7,85.7,0.0,7.1,50.0
213430002612,INST EDUC SAN SEBASTIAN DE MADRID,2022,15.4,69.2,0.0,0.0,38.5
213430002612,INST EDUC SAN SEBASTIAN DE MADRID,2023,18.8,100.0,12.5,6.2,43.8
213430002612,INST EDUC SAN SEBASTIAN DE MADRID,2024,27.3,72.7,9.1,18.2,45.5
213430002612,INST EDUC SAN SEBASTIAN DE MADRID,2025,10.0,80.0,10.0,10.0,60.0
213430002949,INST EDUC TEC AGROP CALIXTO DIAZ PALENCIA,2021,66.7,96.7,16.7,26.7,70.0
213430002949,INST EDUC TEC AGROP CALIXTO DIAZ PALENCIA,2022,59.3,100.0,14.8,25.9,63.0
213430002949,INST EDUC TEC AGROP CALIXTO DIAZ PALENCIA,2023,59.3,96.3,0.0,25.9,59.3
213430002949,INST EDUC TEC AGROP CALIXTO DIAZ PALENCIA,2024,51.7,100.0,17.2,20.7,44.8
213430002949,INST EDUC TEC AGROP CALIXTO DIAZ PALENCIA,2025,59.5,94.6,10.8,18.9,51.4
213430003066,I.E. NUESTRA SEÑORA DEL CARMEN DE BARBOSA,2021,60.5,98.8,14.0,36.0,77.9
213430003066,I.E. NUESTRA SEÑORA DEL CARMEN DE BARBOSA,2022,60.4,96.7,26.4,41.8,72.5
213430003066,I.E. NUESTRA SEÑORA DEL CARMEN DE BARBOSA,2023,51.2,94.2,19.8,39.5,70.9
213430003066,I.E. NUESTRA SEÑORA DEL CARMEN DE BARBOSA,2024,54.5,97.4,15.6,28.6,75.3
213430003066,I.E. NUESTRA SEÑORA DEL CARMEN DE BARBOSA,2025,44.8,96.6,8.6,22.4,70.7
213430003082,INST EDUC DE CEIBAL,2021,46.7,100.0,16.7,13.3,56.7
213430003082,INST EDUC DE CEIBAL,2022,40.5,97.6,16.7,23.8,61.9
213430003082,INST EDUC DE CEIBAL,2023,40.0,100.0,10.0,20.0,55.0
213430003082,INST EDUC DE CEIBAL,2024,46.2,100.0,7.7,11.5,53.8
213430003082,INST EDUC DE CEIBAL,2025,42.9,100.0,19.0,33.3,71.4
213433000106,INSTITUCIÓN EDUCATIVA TÉCNICA  AGROPECUARIA ZEQUIEL MARTELO PIMIENTA DE SAN JOAQUIN,2021,35.1,94.6,8.1,18.9,54.1
213433000106,INSTITUCIÓN EDUCATIVA TÉCNICA  AGROPECUARIA ZEQUIEL MARTELO PIMIENTA DE SAN JOAQUIN,2022,54.8,96.8,12.9,19.4,61.3
213433000106,INSTITUCIÓN EDUCATIVA TÉCNICA  AGROPECUARIA ZEQUIEL MARTELO PIMIENTA DE SAN JOAQUIN,2023,30.4,91.3,4.3,34.8,56.5
213433000106,INSTITUCIÓN EDUCATIVA TÉCNICA  AGROPECUARIA ZEQUIEL MARTELO PIMIENTA DE SAN JOAQUIN,2024,38.1,95.2,9.5,9.5,61.9
213433000106,INSTITUCIÓN EDUCATIVA TÉCNICA  AGROPECUARIA ZEQUIEL MARTELO PIMIENTA DE SAN JOAQUIN,2025,37.0,96.3,14.8,18.5,51.9
213433000131,INSTITUCION EDUCATIVA DE EVITAR,2021,72.2,100.0,33.3,44.4,66.7
213433000131,INSTITUCION EDUCATIVA DE EVITAR,2022,69.0,100.0,41.4,51.7,75.9
213433000131,INSTITUCION EDUCATIVA DE EVITAR,2023,76.0,96.0,20.0,20.0,72.0
213433000131,INSTITUCION EDUCATIVA DE EVITAR,2024,45.0,100.0,30.0,35.0,90.0
213433000131,INSTITUCION EDUCATIVA DE EVITAR,2025,53.3,100.0,20.0,33.3,66.7
213433000238,INSTITUCIÓN EDUCATIVA TÉCNICA  AGROINDUSTRIAL DE MALAGANA,2021,49.2,97.6,13.5,34.1,62.7
213433000238,INSTITUCIÓN EDUCATIVA TÉCNICA  AGROINDUSTRIAL DE MALAGANA,2022,47.7,96.9,10.0,28.5,56.9
213433000238,INSTITUCIÓN EDUCATIVA TÉCNICA  AGROINDUSTRIAL DE MALAGANA,2023,49.6,94.8,18.3,30.4,67.0
213433000238,INSTITUCIÓN EDUCATIVA TÉCNICA  AGROINDUSTRIAL DE MALAGANA,2024,50.0,97.5,25.4,36.9,68.9
213433000238,INSTITUCIÓN EDUCATIVA TÉCNICA  AGROINDUSTRIAL DE MALAGANA,2025,42.6,99.1,8.7,23.5,68.7
213433000343,INSTITUCIÓN EDUCATIVA TÉCNICA AGROPECUARIA BENKOS BIOHO DE SAN BASILIO DE PALENQUE,2021,72.7,100.0,31.8,52.3,72.7
213433000343,INSTITUCIÓN EDUCATIVA TÉCNICA AGROPECUARIA BENKOS BIOHO DE SAN BASILIO DE PALENQUE,2022,51.5,100.0,15.2,24.2,54.5
213433000343,INSTITUCIÓN EDUCATIVA TÉCNICA AGROPECUARIA BENKOS BIOHO DE SAN BASILIO DE PALENQUE,2023,43.8,4.2,14.6,47.9,64.6
213433000343,INSTITUCIÓN EDUCATIVA TÉCNICA AGROPECUARIA BENKOS BIOHO DE SAN BASILIO DE PALENQUE,2024,64.4,66.7,24.4,53.3,77.8
213433000343,INSTITUCIÓN EDUCATIVA TÉCNICA AGROPECUARIA BENKOS BIOHO DE SAN BASILIO DE PALENQUE,2025,71.4,16.7,14.3,40.5,76.2
213440000430,INSTITUCIÓN EDUCATIVA DE MAMONCITO,2021,33.3,100.0,6.7,26.7,33.3
213440000430,INSTITUCIÓN EDUCATIVA DE MAMONCITO,2022,29.0,100.0,16.1,29.0,51.6
213440000430,INSTITUCIÓN EDUCATIVA DE MAMONCITO,2023,27.6,100.0,3.4,10.3,58.6
213440000430,INSTITUCIÓN EDUCATIVA DE MAMONCITO,2024,34.8,100.0,8.7,8.7,52.2
213440000430,INSTITUCIÓN EDUCATIVA DE MAMONCITO,2025,26.9,100.0,0.0,19.2,38.5
213440000502,INSTITUCIÓN EDUCATIVA DE GUATACA SUR,2021,42.9,100.0,14.3,33.3,66.7
213440000502,INSTITUCIÓN EDUCATIVA DE GUATACA SUR,2022,38.9,94.4,16.7,11.1,55.6
213440000502,INSTITUCIÓN EDUCATIVA DE GUATACA SUR,2023,18.8,100.0,0.0,18.8,31.2
213440000502,INSTITUCIÓN EDUCATIVA DE GUATACA SUR,2024,25.0,95.8,8.3,20.8,45.8
213440000502,INSTITUCIÓN EDUCATIVA DE GUATACA SUR,2025,28.6,85.7,14.3,21.4,50.0
213440000618,INSTITUCIÓN EDUCATIVA DE CHILLOA,2021,58.5,100.0,9.8,26.8,63.4
213440000618,INSTITUCIÓN EDUCATIVA DE CHILLOA,2022,54.1,98.4,8.2,29.5,65.6
213440000618,INSTITUCIÓN EDUCATIVA DE CHILLOA,2023,39.0,100.0,19.5,34.1,68.3
213440000618,INSTITUCIÓN EDUCATIVA DE CHILLOA,2024,54.0,100.0,32.0,46.0,80.0
213440000618,INSTITUCIÓN EDUCATIVA DE CHILLOA,2025,57.5,95.0,12.5,37.5,77.5
213442000003,INSTITUCIÓN EDUCATIVA TÉCNICA AGROPECUARIA NUEVA FLORIDA,2021,76.5,100.0,11.8,50.0,82.4
213442000003,INSTITUCIÓN EDUCATIVA TÉCNICA AGROPECUARIA NUEVA FLORIDA,2022,61.3,100.0,29.0,29.0,64.5
213442000003,INSTITUCIÓN EDUCATIVA TÉCNICA AGROPECUARIA NUEVA FLORIDA,2023,56.1,97.6,29.3,34.1,75.6
213442000003,INSTITUCIÓN EDUCATIVA TÉCNICA AGROPECUARIA NUEVA FLORIDA,2024,75.0,95.0,15.0,30.0,80.0
213442000003,INSTITUCIÓN EDUCATIVA TÉCNICA AGROPECUARIA NUEVA FLORIDA,2025,48.9,100.0,22.2,22.2,80.0
213442000275,INSTITUCION EDUCATIVA DE CORREA,2021,60.0,100.0,10.0,30.0,70.0
213442000275,INSTITUCION EDUCATIVA DE CORREA,2022,91.7,100.0,25.0,58.3,91.7
213442000275,INSTITUCION EDUCATIVA DE CORREA,2023,66.7,100.0,22.2,44.4,55.6
213442000275,INSTITUCION EDUCATIVA DE CORREA,2024,62.5,100.0,25.0,37.5,62.5
213442000275,INSTITUCION EDUCATIVA DE CORREA,2025,55.6,100.0,11.1,44.4,55.6
213442000411,INSTITUCIÓN EDUCATIVA DE RETIRO NUEVO,2021,69.6,100.0,30.4,60.9,87.0
213442000411,INSTITUCIÓN EDUCATIVA DE RETIRO NUEVO,2022,60.0,100.0,20.0,40.0,63.3
213442000411,INSTITUCIÓN EDUCATIVA DE RETIRO NUEVO,2023,75.0,100.0,15.0,45.0,85.0
213442000411,INSTITUCIÓN EDUCATIVA DE RETIRO NUEVO,2024,62.5,100.0,25.0,54.2,70.8
213442000411,INSTITUCIÓN EDUCATIVA DE RETIRO NUEVO,2025,36.0,96.0,16.0,28.0,68.0
213442000925,INSTITUCIÓN EDUCATIVA TÉCNICA AGROINDUSTRIAL DE FLAMENCO,2021,56.4,97.4,20.5,38.5,69.2
213442000925,INSTITUCIÓN EDUCATIVA TÉCNICA AGROINDUSTRIAL DE FLAMENCO,2022,45.9,100.0,16.2,35.1,75.7
213442000925,INSTITUCIÓN EDUCATIVA TÉCNICA AGROINDUSTRIAL DE FLAMENCO,2023,29.7,100.0,8.1,18.9,67.6
213442000925,INSTITUCIÓN EDUCATIVA TÉCNICA AGROINDUSTRIAL DE FLAMENCO,2024,37.0,100.0,7.4,14.8,55.6
213442000925,INSTITUCIÓN EDUCATIVA TÉCNICA AGROINDUSTRIAL DE FLAMENCO,2025,44.8,96.6,13.8,20.7,51.7
213442000968,INSTITUCIÓN EDUCATIVA TÉCNICA AGROPECUARIA SAN JOSÉ DE PLAYÓN,2021,79.2,100.0,33.3,54.2,87.5
213442000968,INSTITUCIÓN EDUCATIVA TÉCNICA AGROPECUARIA SAN JOSÉ DE PLAYÓN,2022,76.1,100.0,17.0,47.7,80.7
213442000968,INSTITUCIÓN EDUCATIVA TÉCNICA AGROPECUARIA SAN JOSÉ DE PLAYÓN,2023,76.2,100.0,18.1,55.2,78.1
213442000968,INSTITUCIÓN EDUCATIVA TÉCNICA AGROPECUARIA SAN JOSÉ DE PLAYÓN,2024,77.1,99.0,32.3,50.0,82.3
213442000968,INSTITUCIÓN EDUCATIVA TÉCNICA AGROPECUARIA SAN JOSÉ DE PLAYÓN,2025,65.4,97.5,23.5,42.0,84.0
213468000117,INSTITUCIÒN EDUCATIVA TÈCNICA AMBIENTAL DE TIERRA FIRME,2021,65.0,90.0,15.0,40.0,65.0
213468000117,INSTITUCIÒN EDUCATIVA TÈCNICA AMBIENTAL DE TIERRA FIRME,2022,48.6,100.0,14.3,25.7,65.7
213468000117,INSTITUCIÒN EDUCATIVA TÈCNICA AMBIENTAL DE TIERRA FIRME,2023,37.9,100.0,13.8,17.2,58.6
213468000117,INSTITUCIÒN EDUCATIVA TÈCNICA AMBIENTAL DE TIERRA FIRME,2024,32.0,100.0,4.0,8.0,56.0
213468000117,INSTITUCIÒN EDUCATIVA TÈCNICA AMBIENTAL DE TIERRA FIRME,2025,18.9,97.3,2.7,5.4,43.2
213468000974,INSTITUCIÓN EDUCATIVA LA PEÑA,2021,68.4,94.7,21.1,36.8,73.7
213468000974,INSTITUCIÓN EDUCATIVA LA PEÑA,2022,58.3,100.0,20.8,33.3,70.8
213468000974,INSTITUCIÓN EDUCATIVA LA PEÑA,2023,52.9,94.1,5.9,41.2,70.6
213468000974,INSTITUCIÓN EDUCATIVA LA PEÑA,2024,50.0,100.0,16.7,33.3,77.8
213468000974,INSTITUCIÓN EDUCATIVA LA PEÑA,2025,38.5,100.0,23.1,15.4,61.5
213468001261,INSTITUCIÓN EDUCATIVA DE LAS BOQUILLAS,2021,50.0,94.7,5.3,18.4,44.7
213468001261,INSTITUCIÓN EDUCATIVA DE LAS BOQUILLAS,2022,41.9,100.0,11.3,19.4,53.2
213468001261,INSTITUCIÓN EDUCATIVA DE LAS BOQUILLAS,2023,47.9,100.0,10.4,20.8,72.9
213468001261,INSTITUCIÓN EDUCATIVA DE LAS BOQUILLAS,2024,49.1,96.4,20.0,30.9,67.3
213468001261,INSTITUCIÓN EDUCATIVA DE LAS BOQUILLAS,2025,50.0,100.0,9.5,26.2,64.3
213468001369,INSTITUCION EDUCATIVA LA TRAVESIA,2021,63.6,100.0,18.2,45.5,81.8
213468001369,INSTITUCION EDUCATIVA LA TRAVESIA,2022,73.9,100.0,34.8,52.2,95.7
213468001369,INSTITUCION EDUCATIVA LA TRAVESIA,2023,64.0,100.0,24.0,40.0,84.0
213468001369,INSTITUCION EDUCATIVA LA TRAVESIA,2024,61.5,100.0,38.5,61.5,84.6
213468001369,INSTITUCION EDUCATIVA LA TRAVESIA,2025,38.9,100.0,5.6,16.7,55.6
213468001491,INSTITUCIÓN EDUCATIVA RIO GRANDE DE LA MAGDALENA,2021,50.0,100.0,14.3,38.1,78.6
213468001491,INSTITUCIÓN EDUCATIVA RIO GRANDE DE LA MAGDALENA,2022,50.0,100.0,13.6,38.6,75.0
213468001491,INSTITUCIÓN EDUCATIVA RIO GRANDE DE LA MAGDALENA,2023,57.6,100.0,6.1,24.2,84.8
213468001491,INSTITUCIÓN EDUCATIVA RIO GRANDE DE LA MAGDALENA,2024,62.5,96.9,18.8,37.5,87.5
213468001491,INSTITUCIÓN EDUCATIVA RIO GRANDE DE LA MAGDALENA,2025,45.5,100.0,4.5,22.7,59.1
213468001512,INSTITUCIÓN EDUCATIVA TÉCNICA AGROPECUARIA DEL CHICAGUA,2021,76.9,100.0,12.8,51.3,89.7
213468001512,INSTITUCIÓN EDUCATIVA TÉCNICA AGROPECUARIA DEL CHICAGUA,2022,72.0,100.0,12.0,40.0,80.0
213468001512,INSTITUCIÓN EDUCATIVA TÉCNICA AGROPECUARIA DEL CHICAGUA,2023,74.3,100.0,22.9,51.4,71.4
213468001512,INSTITUCIÓN EDUCATIVA TÉCNICA AGROPECUARIA DEL CHICAGUA,2024,51.7,100.0,20.7,58.6,79.3
213468001512,INSTITUCIÓN EDUCATIVA TÉCNICA AGROPECUARIA DEL CHICAGUA,2025,60.7,100.0,10.7,42.9,75.0
213468001539,INSTITUCIÓN EDUCATIVA TÉCNICA AGROPECUARIA DE GUATACA,2021,60.5,97.4,15.8,23.7,71.1
213468001539,INSTITUCIÓN EDUCATIVA TÉCNICA AGROPECUARIA DE GUATACA,2022,33.3,91.7,5.6,25.0,50.0
213468001539,INSTITUCIÓN EDUCATIVA TÉCNICA AGROPECUARIA DE GUATACA,2023,33.3,100.0,7.4,29.6,59.3
213468001539,INSTITUCIÓN EDUCATIVA TÉCNICA AGROPECUARIA DE GUATACA,2024,34.5,100.0,10.3,44.8,62.1
213468001539,INSTITUCIÓN EDUCATIVA TÉCNICA AGROPECUARIA DE GUATACA,2025,35.0,95.0,10.0,20.0,70.0
213468001547,INSTITUCIÓN EDUCATIVA TÉCNICA AGROPECUARIA DE LA RINCONADA,2021,52.3,100.0,15.9,34.1,65.9
213468001547,INSTITUCIÓN EDUCATIVA TÉCNICA AGROPECUARIA DE LA RINCONADA,2022,54.2,100.0,10.4,37.5,75.0
213468001547,INSTITUCIÓN EDUCATIVA TÉCNICA AGROPECUARIA DE LA RINCONADA,2023,44.1,100.0,8.8,32.4,67.6
213468001547,INSTITUCIÓN EDUCATIVA TÉCNICA AGROPECUARIA DE LA RINCONADA,2024,16.7,100.0,5.6,16.7,61.1
213468001547,INSTITUCIÓN EDUCATIVA TÉCNICA AGROPECUARIA DE LA RINCONADA,2025,33.3,100.0,16.7,23.3,63.3
213473000052,INSTITUCIÓN EDUCATIVA LA PALMA,2021,50.0,100.0,12.5,15.6,75.0
213473000052,INSTITUCIÓN EDUCATIVA LA PALMA,2022,65.5,96.6,24.1,24.1,51.7
213473000052,INSTITUCIÓN EDUCATIVA LA PALMA,2023,61.1,100.0,25.0,33.3,61.1
213473000052,INSTITUCIÓN EDUCATIVA LA PALMA,2024,25.7,94.3,17.1,14.3,45.7
213473000052,INSTITUCIÓN EDUCATIVA LA PALMA,2025,37.5,100.0,8.3,20.8,58.3
213473000915,INSTITUCIÓN EDUCATIVA DEL DIQUE,2021,16.7,100.0,8.3,16.7,33.3
213473000915,INSTITUCIÓN EDUCATIVA DEL DIQUE,2022,40.0,90.0,20.0,20.0,50.0
213473000915,INSTITUCIÓN EDUCATIVA DEL DIQUE,2023,69.2,100.0,0.0,7.7,61.5
213473000915,INSTITUCIÓN EDUCATIVA DEL DIQUE,2024,18.2,100.0,0.0,0.0,36.4
213473000915,INSTITUCIÓN EDUCATIVA DEL DIQUE,2025,28.6,100.0,0.0,0.0,64.3
213473000923,INSTITUCIÓN EDUCATIVA DE BODEGA CENTRAL,2021,66.7,100.0,0.0,8.3,50.0
213473000923,INSTITUCIÓN EDUCATIVA DE BODEGA CENTRAL,2022,53.3,100.0,13.3,26.7,66.7
213473000923,INSTITUCIÓN EDUCATIVA DE BODEGA CENTRAL,2023,56.5,100.0,13.0,34.8,56.5
213473000923,INSTITUCIÓN EDUCATIVA DE BODEGA CENTRAL,2024,64.7,100.0,17.6,41.2,88.2
213473000923,INSTITUCIÓN EDUCATIVA DE BODEGA CENTRAL,2025,72.7,100.0,9.1,54.5,81.8
213473001296,INSTITUCIÓN EDUCATIVA CORCOVADO,2021,66.7,100.0,14.3,33.3,66.7
213473001296,INSTITUCIÓN EDUCATIVA CORCOVADO,2022,52.2,97.8,26.1,30.4,69.6
213473001296,INSTITUCIÓN EDUCATIVA CORCOVADO,2023,51.4,100.0,11.4,28.6,62.9
213473001296,INSTITUCIÓN EDUCATIVA CORCOVADO,2024,60.0,100.0,8.0,32.0,76.0
213473001296,INSTITUCIÓN EDUCATIVA CORCOVADO,2025,34.6,100.0,11.5,42.3,61.5
213473001580,INSTITUCIÓN EDUCATIVA EMA TRONCOSO RABELO,2021,56.7,93.3,20.0,20.0,53.3
213473001580,INSTITUCIÓN EDUCATIVA EMA TRONCOSO RABELO,2022,56.5,97.8,17.4,34.8,67.4
213473001580,INSTITUCIÓN EDUCATIVA EMA TRONCOSO RABELO,2023,55.2,96.6,6.9,31.0,55.2
213473001580,INSTITUCIÓN EDUCATIVA EMA TRONCOSO RABELO,2024,62.5,100.0,12.5,22.5,70.0
213473001580,INSTITUCIÓN EDUCATIVA EMA TRONCOSO RABELO,2025,46.2,100.0,15.4,34.6,57.7
213473001598,INSTITUCIÓN EDUCATIVA DE MICOAHUMADO,2021,41.7,100.0,8.3,50.0,50.0
213473001598,INSTITUCIÓN EDUCATIVA DE MICOAHUMADO,2022,0.0,100.0,0.0,25.0,12.5
213473001598,INSTITUCIÓN EDUCATIVA DE MICOAHUMADO,2023,20.0,100.0,0.0,0.0,50.0
213473001598,INSTITUCIÓN EDUCATIVA DE MICOAHUMADO,2024,40.0,100.0,20.0,20.0,40.0
213473001598,INSTITUCIÓN EDUCATIVA DE MICOAHUMADO,2025,0.0,83.3,0.0,0.0,50.0
213549000006,INSTITUCIÓN EDUCATIVA DE ARMENIA,2021,60.4,98.1,20.8,43.4,71.7
213549000006,INSTITUCIÓN EDUCATIVA DE ARMENIA,2022,42.5,100.0,7.5,27.5,47.5
213549000006,INSTITUCIÓN EDUCATIVA DE ARMENIA,2023,66.7,98.1,25.9,40.7,77.8
213549000006,INSTITUCIÓN EDUCATIVA DE ARMENIA,2024,46.7,97.8,2.2,26.7,73.3
213549000006,INSTITUCIÓN EDUCATIVA DE ARMENIA,2025,48.6,100.0,10.8,16.2,70.3
213549000065,INSTITUCIÓN EDUCATIVA DE SANTA COA,2021,46.5,100.0,20.9,37.2,69.8
213549000065,INSTITUCIÓN EDUCATIVA DE SANTA COA,2022,65.6,100.0,15.6,37.5,78.1
213549000065,INSTITUCIÓN EDUCATIVA DE SANTA COA,2023,60.0,96.7,13.3,46.7,70.0
213549000065,INSTITUCIÓN EDUCATIVA DE SANTA COA,2024,61.8,100.0,11.8,35.3,76.5
213549000065,INSTITUCIÓN EDUCATIVA DE SANTA COA,2025,45.8,95.8,16.7,45.8,83.3
213549001207,INSTITUCIÓN EDUCATIVA DE LA VENTURA,2021,75.0,100.0,15.0,50.0,80.0
213549001207,INSTITUCIÓN EDUCATIVA DE LA VENTURA,2022,59.1,95.5,9.1,18.2,50.0
213549001207,INSTITUCIÓN EDUCATIVA DE LA VENTURA,2023,70.8,100.0,20.8,25.0,79.2
213549001207,INSTITUCIÓN EDUCATIVA DE LA VENTURA,2024,52.2,100.0,13.0,30.4,69.6
213549001207,INSTITUCIÓN EDUCATIVA DE LA VENTURA,2025,35.3,94.1,35.3,29.4,76.5
213549001347,INSTITUCIÓN EDUCATIVA DE LAS FLORES,2021,54.5,100.0,9.1,40.9,72.7
213549001347,INSTITUCIÓN EDUCATIVA DE LAS FLORES,2022,58.8,100.0,41.2,23.5,76.5
213549001347,INSTITUCIÓN EDUCATIVA DE LAS FLORES,2023,47.1,100.0,35.3,47.1,82.4
213549001347,INSTITUCIÓN EDUCATIVA DE LAS FLORES,2024,87.0,100.0,26.1,60.9,82.6
213549001347,INSTITUCIÓN EDUCATIVA DE LAS FLORES,2025,83.3,100.0,16.7,44.4,83.3
213549001681,INSTITUCIÓN EDUCATIVA DE AGUAS NEGRAS,2023,100.0,100.0,50.0,50.0,100.0
213549001681,INSTITUCIÓN EDUCATIVA DE AGUAS NEGRAS,2024,25.0,100.0,0.0,50.0,75.0
213549002025,INSTITUCIÓN EDUCATIVA DE PALOMINO,2021,59.1,100.0,22.7,22.7,68.2
213549002025,INSTITUCIÓN EDUCATIVA DE PALOMINO,2022,61.5,100.0,7.7,46.2,84.6
213549002025,INSTITUCIÓN EDUCATIVA DE PALOMINO,2023,80.0,100.0,10.0,55.0,85.0
213549002025,INSTITUCIÓN EDUCATIVA DE PALOMINO,2024,46.7,100.0,20.0,33.3,66.7
213549002025,INSTITUCIÓN EDUCATIVA DE PALOMINO,2025,61.5,100.0,15.4,23.1,76.9
213549002122,INSTITUCION EDUCATIVA  DE MINA SECA,2021,14.3,100.0,0.0,0.0,57.1
213549002122,INSTITUCION EDUCATIVA  DE MINA SECA,2022,23.1,84.6,15.4,15.4,61.5
213549002122,INSTITUCION EDUCATIVA  DE MINA SECA,2023,76.9,100.0,7.7,42.3,69.2
213549002122,INSTITUCION EDUCATIVA  DE MINA SECA,2024,45.5,97.0,18.2,42.4,60.6
213549002122,INSTITUCION EDUCATIVA  DE MINA SECA,2025,50.0,96.2,19.2,46.2,73.1
213549002157,INSTITUCIÓN EDUCATIVA TÉCNICA AGROPECUARIA DE LAS CONCHITAS,2021,62.5,100.0,12.5,31.2,75.0
213549002157,INSTITUCIÓN EDUCATIVA TÉCNICA AGROPECUARIA DE LAS CONCHITAS,2022,64.0,100.0,20.0,40.0,76.0
213549002157,INSTITUCIÓN EDUCATIVA TÉCNICA AGROPECUARIA DE LAS CONCHITAS,2023,62.5,93.8,25.0,43.8,68.8
213549002157,INSTITUCIÓN EDUCATIVA TÉCNICA AGROPECUARIA DE LAS CONCHITAS,2024,78.9,100.0,31.6,57.9,94.7
213549002157,INSTITUCIÓN EDUCATIVA TÉCNICA AGROPECUARIA DE LAS CONCHITAS,2025,69.2,100.0,15.4,46.2,76.9
213549002319,INSTITUCIÓN EDUCATIVA RAFAEL SEGUNDO TURIZO MARTINEZ,2021,23.8,100.0,4.8,9.5,61.9
213549002319,INSTITUCIÓN EDUCATIVA RAFAEL SEGUNDO TURIZO MARTINEZ,2022,38.9,100.0,0.0,16.7,33.3
213549002319,INSTITUCIÓN EDUCATIVA RAFAEL SEGUNDO TURIZO MARTINEZ,2023,40.0,100.0,8.0,16.0,60.0
213549002319,INSTITUCIÓN EDUCATIVA RAFAEL SEGUNDO TURIZO MARTINEZ,2024,37.5,100.0,6.2,25.0,56.2
213549002319,INSTITUCIÓN EDUCATIVA RAFAEL SEGUNDO TURIZO MARTINEZ,2025,28.6,100.0,7.1,7.1,78.6
213549002424,INSTITUCIÓN EDUCATIVA DE PALENQUITO,2021,34.4,100.0,15.6,21.9,65.6
213549002424,INSTITUCIÓN EDUCATIVA DE PALENQUITO,2022,48.7,97.4,10.3,33.3,66.7
213549002424,INSTITUCIÓN EDUCATIVA DE PALENQUITO,2023,51.4,97.3,18.9,24.3,78.4
213549002424,INSTITUCIÓN EDUCATIVA DE PALENQUITO,2024,63.6,97.0,30.3,45.5,81.8
213549002424,INSTITUCIÓN EDUCATIVA DE PALENQUITO,2025,60.5,97.4,23.7,52.6,86.8
213549002513,INSTITUCIÓN EDUCATIVA DE PUERTO LOPEZ,2021,48.0,100.0,12.0,28.0,60.0
213549002513,INSTITUCIÓN EDUCATIVA DE PUERTO LOPEZ,2022,43.3,100.0,6.7,33.3,70.0
213549002513,INSTITUCIÓN EDUCATIVA DE PUERTO LOPEZ,2023,58.3,100.0,11.1,38.9,52.8
213549002513,INSTITUCIÓN EDUCATIVA DE PUERTO LOPEZ,2024,58.3,100.0,25.0,41.7,75.0
213549002513,INSTITUCIÓN EDUCATIVA DE PUERTO LOPEZ,2025,68.1,100.0,14.9,51.1,74.5
213549002599,INSTITUCIÓN EDUCATIVA DE COLORADO,2021,68.8,93.8,0.0,18.8,68.8
213549002599,INSTITUCIÓN EDUCATIVA DE COLORADO,2022,62.5,100.0,0.0,31.2,81.2
213549002599,INSTITUCIÓN EDUCATIVA DE COLORADO,2023,70.6,100.0,23.5,35.3,70.6
213549002599,INSTITUCIÓN EDUCATIVA DE COLORADO,2024,46.7,100.0,6.7,20.0,60.0
213549002599,INSTITUCIÓN EDUCATIVA DE COLORADO,2025,47.4,89.5,10.5,42.1,57.9
213549003048,INSTITUCIÓN EDUCATIVA  RUFINA VIEJA,2021,85.7,100.0,64.3,57.1,92.9
213549003048,INSTITUCIÓN EDUCATIVA  RUFINA VIEJA,2022,56.2,100.0,12.5,50.0,87.5
213549003048,INSTITUCIÓN EDUCATIVA  RUFINA VIEJA,2023,100.0,100.0,0.0,54.5,81.8
213549003048,INSTITUCIÓN EDUCATIVA  RUFINA VIEJA,2024,77.8,100.0,33.3,44.4,83.3
213549003048,INSTITUCIÓN EDUCATIVA  RUFINA VIEJA,2025,50.0,100.0,12.5,37.5,62.5
213580000057,INSTITUCIÓN EDUCATIVA TÉCNICA  AGROPECUARIA  SAN ANTONIO,2021,37.5,87.5,12.5,25.0,75.0
213580000057,INSTITUCIÓN EDUCATIVA TÉCNICA  AGROPECUARIA  SAN ANTONIO,2022,50.0,100.0,10.0,30.0,60.0
213580000057,INSTITUCIÓN EDUCATIVA TÉCNICA  AGROPECUARIA  SAN ANTONIO,2023,50.0,100.0,0.0,25.0,50.0
213580000057,INSTITUCIÓN EDUCATIVA TÉCNICA  AGROPECUARIA  SAN ANTONIO,2024,28.6,85.7,14.3,14.3,71.4
213580000057,INSTITUCIÓN EDUCATIVA TÉCNICA  AGROPECUARIA  SAN ANTONIO,2025,83.3,66.7,50.0,16.7,83.3
213580000081,INSTITUCIÓN EDUCATIVA TÉCNICA AGROPECUARIA SANTA TERESA,2021,80.0,100.0,30.0,50.0,100.0
213580000081,INSTITUCIÓN EDUCATIVA TÉCNICA AGROPECUARIA SANTA TERESA,2022,70.0,100.0,20.0,40.0,70.0
213580000081,INSTITUCIÓN EDUCATIVA TÉCNICA AGROPECUARIA SANTA TERESA,2023,80.0,100.0,20.0,60.0,100.0
213580000081,INSTITUCIÓN EDUCATIVA TÉCNICA AGROPECUARIA SANTA TERESA,2024,81.8,100.0,27.3,63.6,81.8
213580000081,INSTITUCIÓN EDUCATIVA TÉCNICA AGROPECUARIA SANTA TERESA,2025,63.6,90.9,27.3,45.5,72.7
213600000423,INSTITUCIÓN EDUCATIVA COBADILLO,2021,55.6,100.0,27.8,33.3,66.7
213600000423,INSTITUCIÓN EDUCATIVA COBADILLO,2022,64.0,100.0,16.0,32.0,68.0
213600000423,INSTITUCIÓN EDUCATIVA COBADILLO,2023,80.0,100.0,10.0,60.0,90.0
213600000423,INSTITUCIÓN EDUCATIVA COBADILLO,2024,69.2,100.0,15.4,30.8,84.6
213600000423,INSTITUCIÓN EDUCATIVA COBADILLO,2025,27.3,100.0,0.0,27.3,45.5
213600000687,INSTITUCIÓN EDUCATIVA DE NOROSÍ,2021,34.3,97.1,14.3,14.3,42.9
213600000687,INSTITUCIÓN EDUCATIVA DE NOROSÍ,2022,37.2,100.0,7.0,20.9,37.2
213600000687,INSTITUCIÓN EDUCATIVA DE NOROSÍ,2023,23.8,95.2,4.8,16.7,33.3
213600000687,INSTITUCIÓN EDUCATIVA DE NOROSÍ,2024,46.8,100.0,14.9,23.4,61.7
213600000687,INSTITUCIÓN EDUCATIVA DE NOROSÍ,2025,27.5,96.1,7.8,15.7,31.4
213647000154,INSTITUCIÓN EDUCATIVA TÉCNICA AGROPECUARIA DE LAS PIEDRAS,2021,59.0,98.8,21.7,37.3,78.3
213647000154,INSTITUCIÓN EDUCATIVA TÉCNICA AGROPECUARIA DE LAS PIEDRAS,2022,48.6,98.6,18.6,27.1,65.7
213647000154,INSTITUCIÓN EDUCATIVA TÉCNICA AGROPECUARIA DE LAS PIEDRAS,2023,48.9,98.9,13.6,30.7,67.0
213647000154,INSTITUCIÓN EDUCATIVA TÉCNICA AGROPECUARIA DE LAS PIEDRAS,2024,29.2,95.8,4.2,22.9,60.4
213647000154,INSTITUCIÓN EDUCATIVA TÉCNICA AGROPECUARIA DE LAS PIEDRAS,2025,47.1,95.7,10.0,24.3,71.4
213650000033,INSTITUCIÓN EDUCATIVA DEL VIOLO,2021,81.8,100.0,27.3,27.3,72.7
213650000033,INSTITUCIÓN EDUCATIVA DEL VIOLO,2022,72.7,100.0,45.5,54.5,81.8
213650000033,INSTITUCIÓN EDUCATIVA DEL VIOLO,2023,86.4,100.0,36.4,63.6,95.5
213650000033,INSTITUCIÓN EDUCATIVA DEL VIOLO,2024,61.1,100.0,22.2,55.6,83.3
213650000033,INSTITUCIÓN EDUCATIVA DEL VIOLO,2025,55.0,100.0,25.0,45.0,55.0
213650000408,INSTITUCIÓN EDUCATIVA DE SANTA ROSA,2021,50.0,96.2,19.2,38.5,92.3
213650000408,INSTITUCIÓN EDUCATIVA DE SANTA ROSA,2022,60.9,100.0,8.7,34.8,76.1
213650000408,INSTITUCIÓN EDUCATIVA DE SANTA ROSA,2023,53.8,94.9,12.8,20.5,71.8
213650000408,INSTITUCIÓN EDUCATIVA DE SANTA ROSA,2024,36.7,93.9,8.2,16.3,46.9
213650000408,INSTITUCIÓN EDUCATIVA DE SANTA ROSA,2025,45.7,100.0,14.3,22.9,65.7
213654000038,INSTITUCIÓN EDUCATIVA EL PARAISO,2022,22.2,100.0,22.2,33.3,44.4
213654000038,INSTITUCIÓN EDUCATIVA EL PARAISO,2023,47.6,95.2,4.8,28.6,57.1
213654000038,INSTITUCIÓN EDUCATIVA EL PARAISO,2024,68.4,94.7,15.8,26.3,78.9
213654000038,INSTITUCIÓN EDUCATIVA EL PARAISO,2025,70.0,100.0,15.0,55.0,80.0
213654000241,INSTITUCIÓN EDUCATIVA LEON XIII,2021,33.3,100.0,8.3,36.1,33.3
213654000241,INSTITUCIÓN EDUCATIVA LEON XIII,2022,42.3,94.4,11.3,31.0,56.3
213654000241,INSTITUCIÓN EDUCATIVA LEON XIII,2023,44.6,83.8,9.5,29.7,36.5
213654000241,INSTITUCIÓN EDUCATIVA LEON XIII,2024,43.4,88.7,5.7,26.4,39.6
213654000241,INSTITUCIÓN EDUCATIVA LEON XIII,2025,38.2,71.9,4.5,20.2,42.7
213657000489,CENTRO EDUCATIVO SAN AGUSTIN,2025,0.0,100.0,100.0,100.0,100.0
213657000586,INSTITUCION EDUCATIVA SAN CAYETANO,2021,52.3,100.0,13.8,35.4,70.8
213657000586,INSTITUCION EDUCATIVA SAN CAYETANO,2022,35.1,94.6,5.4,18.9,51.4
213657000586,INSTITUCION EDUCATIVA SAN CAYETANO,2023,47.3,96.4,10.9,27.3,63.6
213657000586,INSTITUCION EDUCATIVA SAN CAYETANO,2024,39.0,96.3,14.6,20.7,67.1
213657000586,INSTITUCION EDUCATIVA SAN CAYETANO,2025,52.1,97.3,8.2,28.8,65.8
213667000045,INSTITUCIÓN EDUCATIVA DE SAN MIGUEL,2021,69.0,100.0,37.9,44.8,75.9
213667000045,INSTITUCIÓN EDUCATIVA DE SAN MIGUEL,2022,68.4,100.0,42.1,68.4,89.5
213667000045,INSTITUCIÓN EDUCATIVA DE SAN MIGUEL,2023,76.5,100.0,17.6,58.8,70.6
213667000045,INSTITUCIÓN EDUCATIVA DE SAN MIGUEL,2024,77.3,100.0,27.3,63.6,95.5
213667000045,INSTITUCIÓN EDUCATIVA DE SAN MIGUEL,2025,89.7,100.0,41.4,62.1,89.7
213667000061,INSTITUCIÓN EDUCATIVA LA CHAPETONA,2021,38.9,100.0,5.6,27.8,33.3
213667000061,INSTITUCIÓN EDUCATIVA LA CHAPETONA,2022,35.7,100.0,7.1,14.3,50.0
213667000061,INSTITUCIÓN EDUCATIVA LA CHAPETONA,2023,25.0,100.0,12.5,0.0,50.0
213667000061,INSTITUCIÓN EDUCATIVA LA CHAPETONA,2024,16.7,91.7,8.3,25.0,33.3
213667000061,INSTITUCIÓN EDUCATIVA LA CHAPETONA,2025,28.6,100.0,0.0,0.0,28.6
213667000096,INSTITUCIÓN EDUCATIVA TÉCNICA AGROPECUARIA Y ACUÍCOLA  DE LA VICTORIA,2021,57.7,100.0,15.4,50.0,80.8
213667000096,INSTITUCIÓN EDUCATIVA TÉCNICA AGROPECUARIA Y ACUÍCOLA  DE LA VICTORIA,2022,62.2,100.0,18.9,24.3,67.6
213667000096,INSTITUCIÓN EDUCATIVA TÉCNICA AGROPECUARIA Y ACUÍCOLA  DE LA VICTORIA,2023,53.3,100.0,13.3,23.3,63.3
213667000096,INSTITUCIÓN EDUCATIVA TÉCNICA AGROPECUARIA Y ACUÍCOLA  DE LA VICTORIA,2024,34.5,96.6,13.8,6.9,62.1
213667000096,INSTITUCIÓN EDUCATIVA TÉCNICA AGROPECUARIA Y ACUÍCOLA  DE LA VICTORIA,2025,35.7,85.7,7.1,7.1,57.1
213667000142,INSTITUCIÓN EDUCATIVA TÉCNICA  AGROINDUSTRIAL DE CASTAÑAL,2021,50.0,100.0,0.0,28.6,71.4
213667000142,INSTITUCIÓN EDUCATIVA TÉCNICA  AGROINDUSTRIAL DE CASTAÑAL,2022,50.0,100.0,6.2,43.8,50.0
213667000142,INSTITUCIÓN EDUCATIVA TÉCNICA  AGROINDUSTRIAL DE CASTAÑAL,2023,42.9,100.0,7.1,14.3,57.1
213667000142,INSTITUCIÓN EDUCATIVA TÉCNICA  AGROINDUSTRIAL DE CASTAÑAL,2024,58.3,95.8,12.5,33.3,66.7
213667000142,INSTITUCIÓN EDUCATIVA TÉCNICA  AGROINDUSTRIAL DE CASTAÑAL,2025,30.0,100.0,10.0,40.0,60.0
213667000479,INSTITUCIÓN EDUCATIVA DE LA RIBONA,2021,40.0,93.3,20.0,20.0,60.0
213667000479,INSTITUCIÓN EDUCATIVA DE LA RIBONA,2022,61.3,100.0,16.1,35.5,74.2
213667000479,INSTITUCIÓN EDUCATIVA DE LA RIBONA,2023,50.0,92.9,0.0,21.4,35.7
213667000479,INSTITUCIÓN EDUCATIVA DE LA RIBONA,2024,23.1,76.9,0.0,53.8,46.2
213667000479,INSTITUCIÓN EDUCATIVA DE LA RIBONA,2025,32.1,100.0,7.1,21.4,42.9
213667000614,INSTITUCIÓN EDUCATIVA CERROS DE JULIO,2021,57.1,100.0,28.6,42.9,78.6
213667000614,INSTITUCIÓN EDUCATIVA CERROS DE JULIO,2022,22.2,100.0,44.4,33.3,66.7
213667000614,INSTITUCIÓN EDUCATIVA CERROS DE JULIO,2023,70.0,100.0,30.0,70.0,100.0
213667000614,INSTITUCIÓN EDUCATIVA CERROS DE JULIO,2024,100.0,100.0,20.0,20.0,80.0
213667000614,INSTITUCIÓN EDUCATIVA CERROS DE JULIO,2025,100.0,100.0,0.0,100.0,100.0
213667000649,INSTITUCIÓN EDUCATIVA TÉCNICA AGROPECUARIA ELVIRA LÓPEZ DE FACIOLINCE,2021,62.5,100.0,16.7,45.8,70.8
213667000649,INSTITUCIÓN EDUCATIVA TÉCNICA AGROPECUARIA ELVIRA LÓPEZ DE FACIOLINCE,2022,50.0,100.0,15.4,34.6,80.8
213667000649,INSTITUCIÓN EDUCATIVA TÉCNICA AGROPECUARIA ELVIRA LÓPEZ DE FACIOLINCE,2023,56.7,100.0,20.0,33.3,60.0
213667000649,INSTITUCIÓN EDUCATIVA TÉCNICA AGROPECUARIA ELVIRA LÓPEZ DE FACIOLINCE,2024,55.6,100.0,19.4,33.3,66.7
213667000649,INSTITUCIÓN EDUCATIVA TÉCNICA AGROPECUARIA ELVIRA LÓPEZ DE FACIOLINCE,2025,45.2,97.6,7.1,21.4,64.3
213667000827,INSTITUCIÓN EDUCATIVA TÉCNICA AGROINDUSTRIAL DE EL PEÑON,2021,50.0,95.0,5.0,20.0,55.0
213667000827,INSTITUCIÓN EDUCATIVA TÉCNICA AGROINDUSTRIAL DE EL PEÑON,2022,32.0,92.0,0.0,0.0,24.0
213667000827,INSTITUCIÓN EDUCATIVA TÉCNICA AGROINDUSTRIAL DE EL PEÑON,2023,34.6,92.3,0.0,26.9,50.0
213667000827,INSTITUCIÓN EDUCATIVA TÉCNICA AGROINDUSTRIAL DE EL PEÑON,2024,22.7,100.0,4.5,0.0,31.8
213667000827,INSTITUCIÓN EDUCATIVA TÉCNICA AGROINDUSTRIAL DE EL PEÑON,2025,41.7,100.0,0.0,8.3,50.0
213667001050,INSTITUCIÓN EDUCATIVA TÉCNICA PESQUERA LEONIDAS ORTIZ ALVEAR DE CHIMÍ,2021,65.4,100.0,19.2,42.3,80.8
213667001050,INSTITUCIÓN EDUCATIVA TÉCNICA PESQUERA LEONIDAS ORTIZ ALVEAR DE CHIMÍ,2022,60.9,100.0,21.7,26.1,60.9
213667001050,INSTITUCIÓN EDUCATIVA TÉCNICA PESQUERA LEONIDAS ORTIZ ALVEAR DE CHIMÍ,2023,46.2,100.0,15.4,38.5,61.5
213667001050,INSTITUCIÓN EDUCATIVA TÉCNICA PESQUERA LEONIDAS ORTIZ ALVEAR DE CHIMÍ,2024,64.3,96.4,10.7,42.9,46.4
213667001050,INSTITUCIÓN EDUCATIVA TÉCNICA PESQUERA LEONIDAS ORTIZ ALVEAR DE CHIMÍ,2025,44.7,100.0,12.8,38.3,61.7
213667001068,INSTITUCIÓN EDUCATIVA DE JUANA SÁNCHEZ,2021,58.3,100.0,16.7,8.3,58.3
213667001068,INSTITUCIÓN EDUCATIVA DE JUANA SÁNCHEZ,2022,52.4,95.2,14.3,19.0,61.9
213667001068,INSTITUCIÓN EDUCATIVA DE JUANA SÁNCHEZ,2023,15.4,92.3,7.7,7.7,30.8
213667001068,INSTITUCIÓN EDUCATIVA DE JUANA SÁNCHEZ,2024,33.3,100.0,0.0,5.6,38.9
213667001068,INSTITUCIÓN EDUCATIVA DE JUANA SÁNCHEZ,2025,7.1,100.0,7.1,7.1,64.3
213667001076,INSTITUCIÓN EDUCATIVA DE HATILLO DE LOBA,2021,34.1,97.6,4.9,7.3,43.9
213667001076,INSTITUCIÓN EDUCATIVA DE HATILLO DE LOBA,2022,20.5,90.9,2.3,2.3,25.0
213667001076,INSTITUCIÓN EDUCATIVA DE HATILLO DE LOBA,2023,36.7,93.3,5.0,5.0,53.3
213667001076,INSTITUCIÓN EDUCATIVA DE HATILLO DE LOBA,2024,17.2,100.0,6.9,3.4,34.5
213667001076,INSTITUCIÓN EDUCATIVA DE HATILLO DE LOBA,2025,25.0,89.3,3.6,17.9,50.0
213667001084,INSTITUCIÓN EDUCATIVA TÉCNICA COMERCIAL DE SAN MARTÍN DE LOBA,2021,36.7,93.9,4.1,12.2,53.1
213667001084,INSTITUCIÓN EDUCATIVA TÉCNICA COMERCIAL DE SAN MARTÍN DE LOBA,2022,28.3,90.6,9.4,9.4,32.1
213667001084,INSTITUCIÓN EDUCATIVA TÉCNICA COMERCIAL DE SAN MARTÍN DE LOBA,2023,41.1,96.4,12.5,12.5,64.3
213667001084,INSTITUCIÓN EDUCATIVA TÉCNICA COMERCIAL DE SAN MARTÍN DE LOBA,2024,28.6,98.4,9.5,4.8,49.2
213667001084,INSTITUCIÓN EDUCATIVA TÉCNICA COMERCIAL DE SAN MARTÍN DE LOBA,2025,25.8,93.9,3.0,9.1,45.5
213667001092,INSTITUCIÓN EDUCATIVA DE PEÑONCITO,2021,44.4,100.0,11.1,11.1,72.2
213667001092,INSTITUCIÓN EDUCATIVA DE PEÑONCITO,2022,33.3,93.3,0.0,13.3,40.0
213667001092,INSTITUCIÓN EDUCATIVA DE PEÑONCITO,2023,46.2,100.0,23.1,15.4,76.9
213667001092,INSTITUCIÓN EDUCATIVA DE PEÑONCITO,2024,12.5,100.0,0.0,0.0,43.8
213667001092,INSTITUCIÓN EDUCATIVA DE PEÑONCITO,2025,18.8,100.0,12.5,25.0,75.0
213667001271,INSTITUCIÓN EDUCATIVA DE PLAYITAS,2021,50.0,100.0,6.2,18.8,87.5
213667001271,INSTITUCIÓN EDUCATIVA DE PLAYITAS,2022,73.7,100.0,26.3,36.8,78.9
213667001271,INSTITUCIÓN EDUCATIVA DE PLAYITAS,2023,53.8,100.0,7.7,15.4,61.5
213667001271,INSTITUCIÓN EDUCATIVA DE PLAYITAS,2024,66.7,100.0,13.3,20.0,86.7
213667001271,INSTITUCIÓN EDUCATIVA DE PLAYITAS,2025,75.0,100.0,25.0,58.3,83.3
213670000200,INSTITUCION EDUCATIVA TECNICA AGROPECUARIA Y EMPRESARIAL POZO AZUL,2021,35.0,100.0,10.0,20.0,57.5
213670000200,INSTITUCION EDUCATIVA TECNICA AGROPECUARIA Y EMPRESARIAL POZO AZUL,2022,28.1,100.0,3.1,12.5,25.0
213670000200,INSTITUCION EDUCATIVA TECNICA AGROPECUARIA Y EMPRESARIAL POZO AZUL,2023,19.4,97.2,0.0,13.9,36.1
213670000200,INSTITUCION EDUCATIVA TECNICA AGROPECUARIA Y EMPRESARIAL POZO AZUL,2024,32.0,96.0,0.0,4.0,48.0
213670000200,INSTITUCION EDUCATIVA TECNICA AGROPECUARIA Y EMPRESARIAL POZO AZUL,2025,22.2,96.3,0.0,3.7,48.1
213670001125,INSTITUCIÓN EDUCATIVA TÉCNICA INDUSTRIAL Y AGROPECUARIA JOSE MARIA CUELLAR DIAZ,2021,39.5,95.3,10.5,12.8,51.2
213670001125,INSTITUCIÓN EDUCATIVA TÉCNICA INDUSTRIAL Y AGROPECUARIA JOSE MARIA CUELLAR DIAZ,2022,42.4,95.3,8.2,24.7,47.1
213670001125,INSTITUCIÓN EDUCATIVA TÉCNICA INDUSTRIAL Y AGROPECUARIA JOSE MARIA CUELLAR DIAZ,2023,31.1,83.8,8.1,10.8,31.1
213670001125,INSTITUCIÓN EDUCATIVA TÉCNICA INDUSTRIAL Y AGROPECUARIA JOSE MARIA CUELLAR DIAZ,2024,22.1,92.2,6.5,14.3,46.8
213670001125,INSTITUCIÓN EDUCATIVA TÉCNICA INDUSTRIAL Y AGROPECUARIA JOSE MARIA CUELLAR DIAZ,2025,38.9,92.2,12.2,20.0,63.3
213670001214,INSTITUCION EDUCATIVA DE CANALETAL,2021,61.5,100.0,7.7,23.1,61.5
213670001214,INSTITUCION EDUCATIVA DE CANALETAL,2022,40.0,90.0,20.0,10.0,40.0
213670001214,INSTITUCION EDUCATIVA DE CANALETAL,2023,50.0,100.0,21.4,14.3,71.4
213670001214,INSTITUCION EDUCATIVA DE CANALETAL,2024,44.8,96.6,10.3,10.3,55.2
213670001214,INSTITUCIÓN EDUCATIVA DE CANALETAL,2025,56.8,97.3,8.1,37.8,70.3
213673000081,INSTITUCIÓN EDUCATIVA NUESTRA SEÑORA DEL CARMEN DE LAS CARAS,2021,64.3,100.0,21.4,50.0,64.3
213673000081,INSTITUCIÓN EDUCATIVA NUESTRA SEÑORA DEL CARMEN DE LAS CARAS,2022,33.3,100.0,0.0,26.7,33.3
213673000081,INSTITUCIÓN EDUCATIVA NUESTRA SEÑORA DEL CARMEN DE LAS CARAS,2023,29.4,100.0,11.8,11.8,35.3
213673000081,INSTITUCIÓN EDUCATIVA NUESTRA SEÑORA DEL CARMEN DE LAS CARAS,2024,62.5,100.0,6.2,18.8,100.0
213673000081,INSTITUCIÓN EDUCATIVA NUESTRA SEÑORA DEL CARMEN DE LAS CARAS,2025,0.0,100.0,0.0,9.1,27.3
213673000243,INSTITUCION EDUCATIVA ACADEMICA Y TECNICA DE LOMA ARENA,2021,58.6,97.7,16.1,40.2,75.9
213673000243,INSTITUCION EDUCATIVA ACADEMICA Y TECNICA DE LOMA ARENA,2022,47.9,95.8,15.5,25.4,56.3
213673000243,INSTITUCION EDUCATIVA ACADEMICA Y TECNICA DE LOMA ARENA,2023,51.7,96.6,14.6,30.3,71.9
213673000243,INSTITUCION EDUCATIVA ACADEMICA Y TECNICA DE LOMA ARENA,2024,48.4,94.5,13.2,29.7,67.0
213673000243,INSTITUCION EDUCATIVA ACADEMICA Y TECNICA DE LOMA ARENA,2025,67.1,100.0,13.9,36.7,84.8
213673000421,INSTITUCIÓN EDUCATIVA TÉCNICA ACUÍCOLA MIGUEL NEVADO NEVADO DE GALERAZAMBA,2021,43.3,96.7,13.3,23.3,60.0
213673000421,INSTITUCIÓN EDUCATIVA TÉCNICA ACUÍCOLA MIGUEL NEVADO NEVADO DE GALERAZAMBA,2022,47.1,88.2,29.4,35.3,76.5
213673000421,INSTITUCIÓN EDUCATIVA TÉCNICA ACUÍCOLA MIGUEL NEVADO NEVADO DE GALERAZAMBA,2023,50.0,93.3,0.0,20.0,53.3
213673000421,INSTITUCIÓN EDUCATIVA TÉCNICA ACUÍCOLA MIGUEL NEVADO NEVADO DE GALERAZAMBA,2024,47.6,85.7,19.0,23.8,38.1
213673000421,INSTITUCIÓN EDUCATIVA TÉCNICA ACUÍCOLA MIGUEL NEVADO NEVADO DE GALERAZAMBA,2025,35.7,92.9,0.0,35.7,57.1
213688000096,INSTITUCIÓN EDUCATIVA TÉCNICA EMPRESARIAL BUENA VISTA,2021,0.0,100.0,0.0,0.0,60.0
213688000096,INSTITUCIÓN EDUCATIVA TÉCNICA EMPRESARIAL BUENA VISTA,2022,0.0,57.1,0.0,0.0,0.0
213688000096,INSTITUCIÓN EDUCATIVA TÉCNICA EMPRESARIAL BUENA VISTA,2023,8.3,100.0,0.0,0.0,50.0
213688000096,INSTITUCIÓN EDUCATIVA TÉCNICA EMPRESARIAL BUENA VISTA,2024,11.1,88.9,0.0,11.1,33.3
213688000096,INSTITUCIÓN EDUCATIVA TÉCNICA EMPRESARIAL BUENA VISTA,2025,0.0,100.0,0.0,0.0,50.0
213688001874,INSTITUCIÓN EDUCATIVA SAN FRANCISCO,2021,0.0,100.0,0.0,0.0,0.0
213688001874,INSTITUCIÓN EDUCATIVA SAN FRANCISCO,2022,0.0,100.0,0.0,0.0,11.1
213688001874,INSTITUCIÓN EDUCATIVA SAN FRANCISCO,2023,12.5,100.0,0.0,0.0,50.0
213688001874,INSTITUCIÓN EDUCATIVA SAN FRANCISCO,2024,20.0,100.0,0.0,0.0,20.0
213688001874,INSTITUCIÓN EDUCATIVA SAN FRANCISCO,2025,0.0,100.0,0.0,0.0,50.0
213688001882,INSTITUCIÓN EDUCATIVA SAN LUCAS,2021,15.8,94.7,0.0,0.0,21.1
213688001882,INSTITUCIÓN EDUCATIVA SAN LUCAS,2022,14.3,100.0,0.0,14.3,42.9
213688001882,INSTITUCIÓN EDUCATIVA SAN LUCAS,2023,10.0,90.0,0.0,0.0,0.0
213688001882,INSTITUCIÓN EDUCATIVA SAN LUCAS,2024,20.8,91.7,0.0,4.2,33.3
213688001882,INSTITUCIÓN EDUCATIVA SAN LUCAS,2025,5.0,95.0,5.0,5.0,30.0
213744000096,INSTITUCIÓN EDUCATIVA AGROPECUARIA ORIGINAL DE LAS BRISAS,2021,25.0,100.0,0.0,0.0,62.5
213744000096,INSTITUCIÓN EDUCATIVA AGROPECUARIA ORIGINAL DE LAS BRISAS,2022,7.7,100.0,7.7,0.0,38.5
213744000096,INSTITUCIÓN EDUCATIVA AGROPECUARIA ORIGINAL DE LAS BRISAS,2023,12.5,87.5,0.0,0.0,0.0
213744000096,INSTITUCIÓN EDUCATIVA AGROPECUARIA ORIGINAL DE LAS BRISAS,2024,16.7,100.0,0.0,16.7,50.0
213744000096,INSTITUCIÓN EDUCATIVA AGROPECUARIA ORIGINAL DE LAS BRISAS,2025,12.5,100.0,0.0,12.5,50.0
213744000274,INSTITUCIÓN EDUCATIVA VILLA FLOR,2021,33.3,100.0,0.0,0.0,0.0
213744000274,INSTITUCIÓN EDUCATIVA VILLA FLOR,2022,0.0,100.0,0.0,20.0,40.0
213744000274,INSTITUCIÓN EDUCATIVA VILLA FLOR,2023,0.0,100.0,0.0,0.0,0.0
213744000274,INSTITUCIÓN EDUCATIVA VILLA FLOR,2024,33.3,100.0,0.0,16.7,33.3
213744000274,INSTITUCIÓN EDUCATIVA VILLA FLOR,2025,45.5,100.0,0.0,9.1,54.5
213744000371,INSTITUCION EDUCATIVA ACADEMICA Y TECNICA AGROPECUARIA LOS CANELOS,2021,27.3,95.5,9.1,13.6,40.9
213744000371,INSTITUCION EDUCATIVA ACADEMICA Y TECNICA AGROPECUARIA LOS CANELOS,2022,13.8,89.7,10.3,3.4,27.6
213744000371,INSTITUCION EDUCATIVA ACADEMICA Y TECNICA AGROPECUARIA LOS CANELOS,2023,35.5,96.8,6.5,19.4,41.9
213744000371,INSTITUCION EDUCATIVA ACADEMICA Y TECNICA AGROPECUARIA LOS CANELOS,2024,35.1,89.2,5.4,13.5,35.1
213744000371,INSTITUCION EDUCATIVA ACADEMICA Y TECNICA AGROPECUARIA LOS CANELOS,2025,30.6,94.4,13.9,25.0,58.3
213744000525,INSTITUCIÓN EDUCATIVA TÉCNICA  AGROINDUSTRIAL SAN BENITO,2021,10.0,70.0,0.0,10.0,10.0
213744000525,INSTITUCIÓN EDUCATIVA TÉCNICA  AGROINDUSTRIAL SAN BENITO,2022,0.0,100.0,0.0,0.0,0.0
213744000525,INSTITUCIÓN EDUCATIVA TÉCNICA  AGROINDUSTRIAL SAN BENITO,2023,0.0,100.0,0.0,0.0,16.7
213744000525,INSTITUCIÓN EDUCATIVA TÉCNICA  AGROINDUSTRIAL SAN BENITO,2024,0.0,61.5,0.0,0.0,0.0
213744000525,INSTITUCIÓN EDUCATIVA TÉCNICA  AGROINDUSTRIAL SAN BENITO,2025,0.0,78.6,0.0,0.0,21.4
213744001114,INSTITUCIÓN EDUCATIVA 27 DE OCTUBRE DE ANIMAS ALTA,2021,44.4,100.0,7.4,29.6,59.3
213744001114,INSTITUCIÓN EDUCATIVA 27 DE OCTUBRE DE ANIMAS ALTA,2022,45.7,94.3,5.7,17.1,57.1
213744001114,INSTITUCIÓN EDUCATIVA 27 DE OCTUBRE DE ANIMAS ALTA,2023,29.4,96.1,5.9,15.7,52.9
213744001114,INSTITUCIÓN EDUCATIVA 27 DE OCTUBRE DE ANIMAS ALTA,2024,12.1,91.4,3.4,3.4,34.5
213744001114,INSTITUCIÓN EDUCATIVA 27 DE OCTUBRE DE ANIMAS ALTA,2025,27.9,97.7,7.0,9.3,53.5
213744001238,INSTITUCIÓN EDUCATIVA TÉCNICA AGROPECUARIA Y EMPRESARIAL  DE MONTERREY,2021,33.3,100.0,0.0,5.6,44.4
213744001238,INSTITUCIÓN EDUCATIVA TÉCNICA AGROPECUARIA Y EMPRESARIAL  DE MONTERREY,2022,23.1,100.0,7.7,15.4,53.8
213744001238,INSTITUCIÓN EDUCATIVA TÉCNICA AGROPECUARIA Y EMPRESARIAL  DE MONTERREY,2023,18.8,100.0,0.0,12.5,62.5
213744001238,INSTITUCIÓN EDUCATIVA TÉCNICA AGROPECUARIA Y EMPRESARIAL  DE MONTERREY,2024,16.7,100.0,8.3,25.0,50.0
213744001238,INSTITUCIÓN EDUCATIVA TÉCNICA AGROPECUARIA Y EMPRESARIAL  DE MONTERREY,2025,21.4,85.7,0.0,14.3,50.0
213744002111,INSTITUCIÓN EDUCATIVA TÉCNICA DE SAN BLAS,2021,33.3,100.0,33.3,33.3,33.3
213744002111,INSTITUCIÓN EDUCATIVA TÉCNICA DE SAN BLAS,2022,33.3,100.0,0.0,25.0,25.0
213744002111,INSTITUCIÓN EDUCATIVA TÉCNICA DE SAN BLAS,2023,36.4,100.0,9.1,18.2,72.7
213744002111,INSTITUCIÓN EDUCATIVA TÉCNICA DE SAN BLAS,2024,25.0,91.7,0.0,8.3,41.7
213744002111,INSTITUCIÓN EDUCATIVA TÉCNICA DE SAN BLAS,2025,27.3,90.9,0.0,18.2,63.6
213744002285,INSTITUCIÓN EDUCATIVA DEL CERRO DE VERACRUZ,2021,26.7,93.3,6.7,0.0,33.3
213744002285,INSTITUCIÓN EDUCATIVA DEL CERRO DE VERACRUZ,2022,10.0,90.0,0.0,0.0,50.0
213744002285,INSTITUCIÓN EDUCATIVA DEL CERRO DE VERACRUZ,2023,16.7,83.3,8.3,0.0,33.3
213744002285,INSTITUCIÓN EDUCATIVA DEL CERRO DE VERACRUZ,2024,16.7,88.9,5.6,5.6,22.2
213744002285,INSTITUCIÓN EDUCATIVA DEL CERRO DE VERACRUZ,2025,20.0,93.3,6.7,6.7,66.7
213760000152,INSTITUCIÓN EDUCATIVA TÉCNICA ACUICOLA DE SAN CRISTOBAL,2021,51.8,98.8,12.9,25.9,69.4
213760000152,INSTITUCIÓN EDUCATIVA TÉCNICA ACUICOLA DE SAN CRISTOBAL,2022,54.3,95.7,8.7,13.0,67.4
213760000152,INSTITUCIÓN EDUCATIVA TÉCNICA ACUICOLA DE SAN CRISTOBAL,2023,51.7,100.0,5.2,19.0,65.5
213760000152,INSTITUCIÓN EDUCATIVA TÉCNICA ACUICOLA DE SAN CRISTOBAL,2024,66.2,98.6,15.5,31.0,85.9
213760000152,INSTITUCIÓN EDUCATIVA TÉCNICA ACUICOLA DE SAN CRISTOBAL,2025,64.3,97.6,2.4,23.8,71.4
213760000187,INSTITUCIÓN EDUCATIVA TÉCNICA AGROPECUARIA FRANCISCO DE PAULA SANTANDER HIGUERETAL,2021,78.6,100.0,19.0,42.9,88.1
213760000187,INSTITUCIÓN EDUCATIVA TÉCNICA AGROPECUARIA FRANCISCO DE PAULA SANTANDER HIGUERETAL,2022,63.2,97.4,18.4,42.1,76.3
213760000187,INSTITUCIÓN EDUCATIVA TÉCNICA AGROPECUARIA FRANCISCO DE PAULA SANTANDER HIGUERETAL,2023,61.1,100.0,11.1,30.6,69.4
213760000187,INSTITUCIÓN EDUCATIVA TÉCNICA AGROPECUARIA FRANCISCO DE PAULA SANTANDER HIGUERETAL,2024,60.9,95.7,17.4,34.8,65.2
213760000187,INSTITUCIÓN EDUCATIVA TÉCNICA AGROPECUARIA FRANCISCO DE PAULA SANTANDER HIGUERETAL,2025,29.2,95.8,0.0,16.7,58.3
213780000060,INSTITUCIÓN EDUCATIVA TÉCNICA AGROPECUARIA TÓMAS DANIELS DE PATICO,2021,65.4,100.0,21.2,36.5,73.1
213780000060,INSTITUCIÓN EDUCATIVA TÉCNICA AGROPECUARIA TÓMAS DANIELS DE PATICO,2022,59.6,100.0,21.1,33.3,80.7
213780000060,INSTITUCIÓN EDUCATIVA TÉCNICA AGROPECUARIA TÓMAS DANIELS DE PATICO,2023,61.1,100.0,15.3,40.3,70.8
213780000060,INSTITUCIÓN EDUCATIVA TÉCNICA AGROPECUARIA TÓMAS DANIELS DE PATICO,2024,62.5,100.0,25.0,38.8,81.2
213780000060,INSTITUCIÓN EDUCATIVA TÉCNICA AGROPECUARIA TÓMAS DANIELS DE PATICO,2025,62.0,100.0,22.0,38.0,80.0
213780000159,INSTITUCIÓN EDUCATIVA TÉCNICA AGROPECUARIA  EL VESUBIO,2021,56.2,100.0,12.5,37.5,81.2
213780000159,INSTITUCIÓN EDUCATIVA TÉCNICA AGROPECUARIA  EL VESUBIO,2022,60.9,100.0,21.7,47.8,78.3
213780000159,INSTITUCIÓN EDUCATIVA TÉCNICA AGROPECUARIA  EL VESUBIO,2023,45.8,100.0,25.0,37.5,83.3
213780000159,INSTITUCIÓN EDUCATIVA TÉCNICA AGROPECUARIA  EL VESUBIO,2024,23.8,95.2,9.5,14.3,57.1
213780000159,INSTITUCIÓN EDUCATIVA TÉCNICA AGROPECUARIA  EL VESUBIO,2025,57.1,96.4,7.1,35.7,75.0
213780000264,INSTITUCION EDUCATIVA TECNICA AGROPECUARIA DE TALAIGUA VIEJO,2021,54.2,95.8,16.7,29.2,62.5
213780000264,INSTITUCION EDUCATIVA TECNICA AGROPECUARIA DE TALAIGUA VIEJO,2022,45.8,95.8,25.0,25.0,50.0
213780000264,INSTITUCION EDUCATIVA TECNICA AGROPECUARIA DE TALAIGUA VIEJO,2023,26.3,89.5,10.5,26.3,42.1
213780000264,INSTITUCION EDUCATIVA TECNICA AGROPECUARIA DE TALAIGUA VIEJO,2024,39.1,95.7,8.7,13.0,52.2
213780000264,INSTITUCION EDUCATIVA TECNICA AGROPECUARIA DE TALAIGUA VIEJO,2025,41.7,91.7,8.3,25.0,79.2
213836000581,INSTITUCIÓN EDUCATIVA DE CAÑAVERAL,2021,64.7,100.0,11.8,23.5,82.4
213836000581,INSTITUCIÓN EDUCATIVA DE CAÑAVERAL,2022,68.4,100.0,15.8,36.8,73.7
213836000581,INSTITUCIÓN EDUCATIVA DE CAÑAVERAL,2023,51.2,95.3,9.3,25.6,67.4
213836000581,INSTITUCIÓN EDUCATIVA DE CAÑAVERAL,2024,50.0,95.2,16.7,40.5,59.5
213836000581,INSTITUCIÓN EDUCATIVA DE CAÑAVERAL,2025,52.3,100.0,18.2,25.0,72.7
213836000696,CENTRO EDUCATIVO DE AGUAS PRIETAS,2021,0.0,100.0,0.0,0.0,0.0
213836000696,CENTRO EDUCATIVO DE AGUAS PRIETAS,2022,33.3,83.3,0.0,0.0,33.3
213836000696,CENTRO EDUCATIVO DE AGUAS PRIETAS,2023,25.0,100.0,0.0,0.0,50.0
213836000696,CENTRO EDUCATIVO DE AGUAS PRIETAS,2024,40.0,100.0,0.0,0.0,20.0
213836000696,CENTRO EDUCATIVO DE AGUAS PRIETAS,2025,0.0,100.0,0.0,0.0,100.0
213838000049,INSTITUCIÓN EDUCATIVA DE BALLESTAS,2021,39.4,93.9,3.0,6.1,57.6
213838000049,INSTITUCIÓN EDUCATIVA DE BALLESTAS,2022,46.4,100.0,10.7,21.4,57.1
213838000049,INSTITUCIÓN EDUCATIVA DE BALLESTAS,2023,42.9,91.4,8.6,17.1,65.7
213838000049,INSTITUCIÓN EDUCATIVA DE BALLESTAS,2024,47.5,87.5,15.0,20.0,42.5
213838000049,INSTITUCIÓN EDUCATIVA DE BALLESTAS,2025,20.8,90.6,1.9,15.1,32.1
213873000019,INSTITUCIÓN EDUCATIVA DE ZIPACOA,2021,56.5,95.7,4.3,30.4,60.9
213873000019,INSTITUCIÓN EDUCATIVA DE ZIPACOA,2022,37.9,100.0,6.9,17.2,51.7
213873000019,INSTITUCIÓN EDUCATIVA DE ZIPACOA,2023,40.7,92.6,11.1,37.0,66.7
213873000019,INSTITUCIÓN EDUCATIVA DE ZIPACOA,2024,53.8,100.0,11.5,46.2,61.5
213873000019,INSTITUCIÓN EDUCATIVA DE ZIPACOA,2025,35.0,80.0,5.0,5.0,35.0
313001000142,FUNDACION INSTITUTO EDUCATIVO MADRE TERESA DE CALCUTA,2025,12.5,70.8,4.2,16.7,37.5
313001000142,INST. MADRE TERESA DE CALCUTA,2021,0.0,81.8,9.1,9.1,27.3
313001000142,INST. MADRE TERESA DE CALCUTA,2022,36.4,90.9,4.5,18.2,40.9
313001000142,INST. MADRE TERESA DE CALCUTA,2023,13.3,86.7,0.0,6.7,33.3
313001000142,INST. MADRE TERESA DE CALCUTA,2024,18.2,72.7,0.0,27.3,27.3
313001000215,GIMN. NUEVA GRANADA,2021,0.0,36.4,0.0,0.0,0.0
313001000215,GIMN. NUEVA GRANADA,2022,0.0,16.7,0.0,0.0,0.0
313001000215,GIMN. NUEVA GRANADA,2023,0.0,0.0,0.0,0.0,0.0
313001000215,GIMN. NUEVA GRANADA,2024,0.0,8.7,0.0,0.0,0.0
313001000215,GIMN. NUEVA GRANADA,2025,8.0,12.0,4.0,8.0,12.0
313001000240,INST. EDUC. NUEVA AMERICA,2021,1.9,42.6,0.0,0.0,5.6
313001000240,INST. EDUC. NUEVA AMERICA,2022,0.0,42.2,0.0,0.0,6.7
313001000240,INST. EDUC. NUEVA AMERICA,2023,0.0,29.0,0.0,0.0,3.2
313001000240,INST. EDUC. NUEVA AMERICA,2024,0.0,30.5,0.0,0.0,5.1
313001000240,INST. EDUC. NUEVA AMERICA,2025,4.1,16.3,0.0,0.0,4.1
313001000495,COL. OCTAVIANA DEL C. VIVES C,2021,52.4,81.0,0.0,38.1,61.9
313001000495,COL. OCTAVIANA DEL C. VIVES C,2022,60.0,95.0,10.0,35.0,60.0
313001000495,COL. OCTAVIANA DEL C. VIVES C,2023,60.0,82.9,11.4,25.7,65.7
313001000495,COL. OCTAVIANA DEL C. VIVES C,2024,51.3,94.9,25.6,17.9,71.8
313001000495,COL. OCTAVIANA DEL C. VIVES C,2025,29.0,87.1,3.2,29.0,51.6
313001000509,GIMN. LATINOAMERICANO,2021,0.0,100.0,0.0,0.0,100.0
313001000525,COL. MIXTO LA POPA,2021,0.0,9.5,0.0,4.8,0.0
313001000525,COL. MIXTO LA POPA,2022,7.7,30.8,0.0,0.0,11.5
313001000525,COL. MIXTO LA POPA,2023,0.0,8.7,0.0,0.0,8.7
313001000525,COL. MIXTO LA POPA,2024,0.0,6.2,0.0,0.0,3.1
313001000525,COL. MIXTO LA POPA,2025,0.0,4.2,0.0,0.0,8.3
313001000541,COL. LA ANUNCIACION,2021,0.0,25.0,0.0,0.0,0.0
313001000541,COL. LA ANUNCIACION,2022,2.4,19.5,0.0,0.0,2.4
313001000541,COL. LA ANUNCIACION,2023,0.0,27.8,0.0,0.0,0.0
313001000541,COL. LA ANUNCIACION,2024,0.0,23.4,0.0,0.0,2.1
313001000541,COL. LA ANUNCIACION,2025,0.0,13.5,0.0,0.0,0.0
313001000568,ESCUELAS PROFESIONALES SALESIANAS,2021,9.5,73.3,2.6,5.2,17.2
313001000568,ESCUELAS PROFESIONALES SALESIANAS,2022,6.2,64.3,0.9,4.5,23.2
313001000568,ESCUELAS PROFESIONALES SALESIANAS,2023,7.4,63.0,0.0,1.9,13.0
313001000568,ESCUELAS PROFESIONALES SALESIANAS,2024,8.8,58.4,0.9,1.8,9.7
313001000568,INSTITUCION EDUCATIVA ESCUELAS PROFESIONALES SALESIANAS,2025,6.4,40.0,0.9,3.6,8.2
313001000592,GIMN. LUJAN,2021,10.0,20.0,0.0,0.0,10.0
313001000592,GIMN. LUJAN,2022,8.3,16.7,0.0,0.0,0.0
313001000592,GIMN. LUJAN,2023,0.0,31.6,0.0,0.0,10.5
313001000592,GIMN. LUJAN,2024,5.3,21.1,0.0,0.0,10.5
313001000592,GIMN. LUJAN,2025,0.0,20.0,0.0,0.0,13.3
313001000622,COL. DE LA SALLE,2021,1.0,8.1,0.0,0.0,6.1
313001000622,COL. DE LA SALLE,2022,3.0,16.4,0.0,1.5,6.0
313001000622,COL. DE LA SALLE,2023,0.0,10.4,0.0,0.0,6.5
313001000622,COL. DE LA SALLE,2024,0.0,8.9,0.0,1.8,5.4
313001000622,COL. DE LA SALLE,2025,0.0,1.9,0.0,0.0,0.0
313001000916,COL. DE LA ESPERANZA,2021,5.6,22.2,0.0,0.0,5.6
313001000916,COL. DE LA ESPERANZA,2022,0.0,0.0,0.0,0.0,0.0
313001000916,COL. DE LA ESPERANZA,2023,0.0,8.0,0.0,0.0,0.0
313001000916,COL. DE LA ESPERANZA,2024,0.0,19.0,0.0,0.0,0.0
313001000916,COL. DE LA ESPERANZA,2025,9.5,9.5,0.0,0.0,4.8
313001000924,COL. SALESIANO SAN PEDRO CLAVER,2021,6.8,21.9,0.0,1.4,2.7
313001000924,COL. SALESIANO SAN PEDRO CLAVER,2022,2.5,15.0,0.0,2.5,7.5
313001000924,COL. SALESIANO SAN PEDRO CLAVER,2023,5.2,25.2,0.7,2.2,7.4
313001000924,COL. SALESIANO SAN PEDRO CLAVER,2024,6.1,23.7,0.8,5.3,9.2
313001000924,COL. SALESIANO SAN PEDRO CLAVER,2025,6.6,18.2,0.0,0.7,10.2
313001001050,COL. BIFFI,2021,8.5,39.6,0.0,3.8,12.3
313001001050,COL. BIFFI,2022,1.1,19.5,0.0,0.0,2.3
313001001050,COL. BIFFI,2023,2.4,16.9,0.0,0.0,7.2
313001001050,COL. BIFFI,2024,6.0,28.9,0.0,1.2,7.2
313001001050,COL. BIFFI,2025,1.6,14.1,0.0,0.0,0.0
313001001068,COL. EUCARISTICO DE SANTA TERESA,2021,2.8,22.2,0.0,0.0,5.6
313001001068,COL. EUCARISTICO DE SANTA TERESA,2022,0.0,27.9,0.0,0.0,2.3
313001001068,COL. EUCARISTICO DE SANTA TERESA,2023,0.0,40.0,0.0,0.0,15.0
313001001068,COL. EUCARISTICO DE SANTA TERESA,2024,3.8,19.2,0.0,3.8,7.7
313001001068,COL. EUCARISTICO DE SANTA TERESA,2025,9.5,23.8,0.0,0.0,0.0
313001001076,COL. NTRA. SE?ORA DE LA CANDELARIA,2021,8.3,33.3,1.7,3.3,15.0
313001001076,COL. NTRA. SE?ORA DE LA CANDELARIA,2022,1.6,51.6,0.0,1.6,10.9
313001001076,COL. NTRA. SE?ORA DE LA CANDELARIA,2023,1.4,50.0,0.0,4.3,4.3
313001001076,COL. NTRA. SE?ORA DE LA CANDELARIA,2024,11.5,45.9,0.0,11.5,16.4
313001001076,COL. NTRA. SE?ORA DE LA CANDELARIA,2025,7.0,42.1,1.8,12.3,10.5
313001001165,COL. EL CARMELO,2021,5.6,44.4,5.6,5.6,22.2
313001001165,COL. EL CARMELO,2022,13.0,17.4,0.0,4.3,8.7
313001001165,COL. EL CARMELO,2023,10.7,25.0,0.0,10.7,14.3
313001001165,COL. EL CARMELO,2024,0.0,15.4,0.0,0.0,0.0
313001001165,COL. EL CARMELO,2025,13.8,13.8,0.0,0.0,10.3
313001001181,COLEGIO NUESTRA SEÑORA DE LA CONSOLATA,2021,18.9,77.7,2.3,8.6,29.1
313001001181,COLEGIO NUESTRA SEÑORA DE LA CONSOLATA,2022,22.0,85.7,3.0,10.1,33.9
313001001181,COLEGIO NUESTRA SEÑORA DE LA CONSOLATA,2023,14.4,73.9,1.7,9.4,32.2
313001001181,COLEGIO NUESTRA SEÑORA DE LA CONSOLATA,2024,14.9,60.4,0.6,5.8,26.0
313001001181,COLEGIO NUESTRA SEÑORA DE LA CONSOLATA,2025,11.4,57.8,1.6,5.4,20.5
313001001190,CORPORACION COLEGIO LATINOAMERICANO,2021,5.7,31.4,0.0,0.0,2.9
313001001190,CORPORACION COLEGIO LATINOAMERICANO,2022,2.3,39.5,0.0,0.0,2.3
313001001190,CORPORACION COLEGIO LATINOAMERICANO,2023,7.1,33.9,0.0,12.5,8.9
313001001190,CORPORACION COLEGIO LATINOAMERICANO,2024,2.6,25.6,2.6,5.1,2.6
313001001190,CORPORACION COLEGIO LATINOAMERICANO,2025,2.4,16.7,0.0,2.4,7.1
313001001211,INST. CARTAGENA. DEL MAR,2021,15.0,65.0,0.0,7.5,22.5
313001001211,INST. CARTAGENA. DEL MAR,2022,23.8,73.8,0.0,4.8,33.3
313001001211,INST. CARTAGENA. DEL MAR,2023,18.9,77.4,5.7,3.8,20.8
313001001211,INST. CARTAGENA. DEL MAR,2024,20.8,77.1,2.1,12.5,20.8
313001001211,INST. CARTAGENA. DEL MAR,2025,26.5,65.3,4.1,10.2,22.4
313001002251,COLEGIO NUESTRA SEÑORA DE FATIMA DE LA POLICIA NACIONAL,2021,7.7,50.0,0.0,0.0,3.8
313001002251,COLEGIO NUESTRA SEÑORA DE FATIMA DE LA POLICIA NACIONAL,2022,0.0,59.4,0.0,3.1,3.1
313001002251,COLEGIO NUESTRA SEÑORA DE FATIMA DE LA POLICIA NACIONAL,2023,2.5,30.0,0.0,2.5,7.5
313001002251,COLEGIO NUESTRA SEÑORA DE FATIMA DE LA POLICIA NACIONAL,2024,0.0,61.8,0.0,2.9,2.9
313001002251,COLEGIO NUESTRA SEÑORA DE FATIMA DE LA POLICIA NACIONAL,2025,13.5,51.9,0.0,5.8,15.4
313001002277,COL.  MONTESSORI,2021,5.7,1.9,0.0,1.9,5.7
313001002277,COL.  MONTESSORI,2022,2.4,0.0,0.0,0.0,2.4
313001002277,COL.  MONTESSORI,2023,3.3,3.3,1.6,1.6,1.6
313001002277,COL.  MONTESSORI,2024,0.0,0.0,0.0,0.0,1.4
313001002277,COL.  MONTESSORI,2025,0.0,2.1,0.0,0.0,2.1
313001002307,COL. ADVENTISTA DE C/GENA.,2021,14.3,82.1,0.0,7.1,32.1
313001002307,COL. ADVENTISTA DE C/GENA.,2022,23.1,57.7,7.7,11.5,23.1
313001002307,COL. ADVENTISTA DE C/GENA.,2023,25.0,59.4,3.1,12.5,25.0
313001002307,COL. ADVENTISTA DE C/GENA.,2024,5.4,56.8,5.4,8.1,27.0
313001002307,COL. ADVENTISTA DE C/GENA.,2025,11.1,66.7,2.8,11.1,13.9
313001002340,INST. COLOMBO BOLIVARIANO,2021,20.9,60.5,2.3,14.0,30.2
313001002340,INST. COLOMBO BOLIVARIANO,2022,13.8,55.2,0.0,3.4,17.2
313001002340,INST. COLOMBO BOLIVARIANO,2023,9.1,57.6,0.0,6.1,33.3
313001002340,INST. COLOMBO BOLIVARIANO,2024,17.2,58.6,6.9,10.3,17.2
313001002421,COL. NAVAL DE CRESPO,2021,3.7,55.6,0.0,0.0,14.8
313001002421,COL. NAVAL DE CRESPO,2022,3.4,37.9,0.0,0.0,3.4
313001002421,COL. NAVAL DE CRESPO,2023,6.7,36.7,0.0,6.7,6.7
313001002421,COL. NAVAL DE CRESPO,2024,0.0,33.3,0.0,3.7,3.7
313001002421,COL. NAVAL DE CRESPO,2025,0.0,22.2,0.0,0.0,3.7
313001002714,INSTITUCION EDUCATIVA MARIA AUXILIADORA,2021,14.6,60.4,2.1,8.3,12.5
313001002714,INSTITUCION EDUCATIVA MARIA AUXILIADORA,2022,22.0,73.2,4.9,7.3,19.5
313001002714,INSTITUCION EDUCATIVA MARIA AUXILIADORA,2023,10.0,55.0,0.0,2.5,10.0
313001002714,INSTITUCION EDUCATIVA MARIA AUXILIADORA,2024,6.4,68.1,0.0,0.0,14.9
313001002714,INSTITUCION EDUCATIVA MARIA AUXILIADORA,2025,2.4,51.2,0.0,4.9,14.6
313001003095,CIUDAD ESCOLAR DE COMFENALCO,2021,3.6,42.8,1.1,1.1,6.5
313001003095,CIUDAD ESCOLAR DE COMFENALCO,2022,2.3,34.5,0.4,0.8,6.1
313001003095,CIUDAD ESCOLAR DE COMFENALCO,2023,0.5,17.4,0.0,0.0,1.6
313001003095,CIUDAD ESCOLAR DE COMFENALCO,2024,0.0,15.6,0.0,0.0,0.0
313001003095,CIUDAD ESCOLAR DE COMFENALCO,2025,0.0,9.0,0.0,0.0,0.8
313001003117,CORPORACION INSTITUTO CIRY,2022,18.2,63.6,4.5,22.7,36.4
313001003117,CORPORACION INSTITUTO CIRY,2023,13.6,72.7,0.0,13.6,18.2
313001003117,CORPORACION INSTITUTO CIRY,2024,15.2,66.7,0.0,6.1,18.2
313001003117,CORPORACION INSTITUTO CIRY,2025,25.0,57.1,0.0,3.6,39.3
313001003842,COL. GONZALO JIMENEZ DE QUEZADA,2021,33.3,63.6,12.1,15.2,30.3
313001003842,COL. GONZALO JIMENEZ DE QUEZADA,2022,4.2,45.8,0.0,0.0,12.5
313001003842,COL. GONZALO JIMENEZ DE QUEZADA,2023,0.0,55.6,0.0,7.4,14.8
313001003842,COL. GONZALO JIMENEZ DE QUEZADA,2024,16.7,75.0,0.0,16.7,12.5
313001003842,COL. GONZALO JIMENEZ DE QUEZADA,2025,24.0,60.0,0.0,4.0,16.0
313001003931,COLEGIO JORGE WASHINGTON,2021,0.0,0.0,0.0,0.0,0.0
313001003931,COLEGIO JORGE WASHINGTON,2022,0.0,0.0,0.0,0.0,0.0
313001003931,COLEGIO JORGE WASHINGTON,2023,0.0,0.0,0.0,2.0,0.0
313001003931,COLEGIO JORGE WASHINGTON,2024,0.0,0.0,0.0,0.0,0.0
313001003931,COLEGIO JORGE WASHINGTON,2025,0.0,0.0,0.0,0.0,0.0
313001004750,INSTITUCION EDUCATIVA MADRE GABRIELA DE SAN MARTIN,2021,53.4,97.3,12.8,29.1,61.5
313001004750,INSTITUCION EDUCATIVA MADRE GABRIELA DE SAN MARTIN,2022,49.3,94.4,13.9,27.8,55.6
313001004750,INSTITUCION EDUCATIVA MADRE GABRIELA DE SAN MARTIN,2023,34.5,97.1,8.8,23.4,56.1
313001004750,INSTITUCION EDUCATIVA MADRE GABRIELA DE SAN MARTIN,2024,39.4,94.4,17.7,30.3,53.5
313001004750,INSTITUCION EDUCATIVA MADRE GABRIELA DE SAN MARTIN,2025,44.3,87.1,14.3,30.0,51.4
313001004768,REDCOL COLEGIO BRITANICO DE CARTAGENA,2021,0.0,0.0,0.0,0.0,0.0
313001004768,REDCOL COLEGIO BRITANICO DE CARTAGENA,2022,0.0,0.0,0.0,0.0,0.0
313001004768,REDCOL COLEGIO BRITANICO DE CARTAGENA,2023,2.6,0.0,0.0,0.0,0.0
313001004768,REDCOL COLEGIO BRITANICO DE CARTAGENA,2024,2.6,0.0,0.0,2.6,2.6
313001004768,REDCOL COLEGIO BRITANICO DE CARTAGENA,2025,0.0,0.0,0.0,0.0,0.0
313001005098,COL. TRINITARIO,2021,17.1,57.3,2.4,9.8,24.4
313001005098,COL. TRINITARIO,2022,12.8,43.6,0.0,1.3,19.2
313001005098,COL. TRINITARIO,2023,5.1,34.6,0.0,1.3,5.1
313001005098,COL. TRINITARIO,2024,4.7,30.6,0.0,2.4,4.7
313001005098,COL. TRINITARIO,2025,3.9,24.7,0.0,0.0,7.8
313001005136,COLEGIO CANADIENSE DE CARTAGENA,2021,0.0,33.3,6.7,0.0,13.3
313001005136,COLEGIO CANADIENSE DE CARTAGENA,2022,27.3,36.4,9.1,18.2,45.5
313001005136,COLEGIO CANADIENSE DE CARTAGENA,2023,0.0,0.0,0.0,0.0,16.7
313001005136,COLEGIO CANADIENSE DE CARTAGENA,2024,12.5,12.5,0.0,0.0,25.0
313001005136,COLEGIO CANADIENSE DE CARTAGENA,2025,10.0,50.0,0.0,0.0,20.0
313001005225,INSTITUCION EDUCATIVA JOSE MARIA CORDOBA DE PASACABALLOS,2021,69.7,100.0,22.4,50.0,73.7
313001005225,INSTITUCION EDUCATIVA JOSE MARIA CORDOBA DE PASACABALLOS,2022,43.9,97.6,14.6,22.0,56.1
313001005225,INSTITUCION EDUCATIVA JOSE MARIA CORDOBA DE PASACABALLOS,2023,65.9,100.0,12.5,31.8,70.5
313001005225,INSTITUCION EDUCATIVA JOSE MARIA CORDOBA DE PASACABALLOS,2024,60.4,97.9,25.0,47.9,67.7
313001005225,INSTITUCION EDUCATIVA JOSE MARIA CORDOBA DE PASACABALLOS,2025,65.0,97.0,27.0,39.0,80.0
313001005276,COL. COMFAMILIAR C/GENA.,2021,6.7,51.7,2.2,4.5,6.7
313001005276,COL. COMFAMILIAR C/GENA.,2022,1.7,47.4,0.0,1.7,6.9
313001005276,COL. COMFAMILIAR C/GENA.,2023,2.8,43.3,0.0,4.3,7.1
313001005276,COL. COMFAMILIAR C/GENA.,2024,11.0,43.4,0.7,8.1,9.6
313001005276,COL. COMFAMILIAR C/GENA.,2025,1.6,26.4,0.0,2.4,8.0
313001005411,COLEGIO FERNANDEZ GUTIERREZ DE PIÑERES,2021,22.2,33.3,0.0,22.2,22.2
313001005411,COLEGIO FERNANDEZ GUTIERREZ DE PIÑERES,2022,18.2,36.4,0.0,0.0,9.1
313001005411,COLEGIO FERNANDEZ GUTIERREZ DE PIÑERES,2023,7.7,30.8,7.7,15.4,23.1
313001005705,COLEGIO INTERNACIONAL CARTAGENA   (COL INTER SCHOOL CABAÑI),2021,0.0,3.2,0.0,0.0,0.0
313001005705,COLEGIO INTERNACIONAL CARTAGENA   (COL INTER SCHOOL CABAÑI),2022,0.0,0.0,0.0,0.0,0.0
313001005705,COLEGIO INTERNACIONAL CARTAGENA   (COL INTER SCHOOL CABAÑI),2024,0.0,3.9,0.0,0.0,0.0
313001005705,COLEGIO INTERNACIONAL CARTAGENA   (COL INTER SCHOOL CABAÑI),2025,0.0,0.0,0.0,0.0,0.0
313001005748,GIMNASIO ALTAIR DE CARTAGENA,2021,0.0,0.0,0.0,0.0,2.9
313001005748,GIMNASIO ALTAIR DE CARTAGENA,2022,0.0,0.0,0.0,0.0,0.0
313001005748,GIMNASIO ALTAIR DE CARTAGENA,2023,3.7,0.0,0.0,0.0,3.7
313001005748,GIMNASIO ALTAIR DE CARTAGENA,2024,0.0,0.0,0.0,0.0,2.9
313001005748,GIMNASIO ALTAIR DE CARTAGENA,2025,2.4,0.0,0.0,0.0,2.4
313001005845,COL PILAR DEL SABER (ANTES JARD. INF. PIOLIN),2021,5.6,27.8,0.0,0.0,11.1
313001005845,COL PILAR DEL SABER (ANTES JARD. INF. PIOLIN),2022,0.0,41.2,0.0,0.0,11.8
313001005845,COL PILAR DEL SABER (ANTES JARD. INF. PIOLIN),2023,10.5,31.6,0.0,5.3,26.3
313001005845,COL PILAR DEL SABER (ANTES JARD. INF. PIOLIN),2024,0.0,35.3,0.0,5.9,0.0
313001005845,COL PILAR DEL SABER (ANTES JARD. INF. PIOLIN),2025,0.0,12.5,0.0,0.0,0.0
313001005985,COLEGIO LOS ANGELES,2021,0.0,22.2,0.0,0.0,5.6
313001005985,COLEGIO LOS ANGELES,2022,0.0,9.5,0.0,0.0,0.0
313001005985,COLEGIO LOS ANGELES,2023,0.0,9.7,0.0,0.0,0.0
313001005985,COLEGIO LOS ANGELES,2024,0.0,3.7,0.0,0.0,0.0
313001005985,COLEGIO LOS ANGELES,2025,0.0,5.9,0.0,0.0,0.0
313001006281,CORP. COL. AMOR A BOLIVAR,2021,23.8,76.2,4.8,4.8,52.4
313001006281,CORP. COL. AMOR A BOLIVAR,2022,34.5,72.4,10.3,34.5,27.6
313001006281,CORP. COL. AMOR A BOLIVAR,2023,25.0,75.0,0.0,25.0,45.0
313001006281,CORP. COL. AMOR A BOLIVAR,2024,0.0,56.2,6.2,6.2,31.2
313001006281,CORP. COL. AMOR A BOLIVAR,2025,25.0,66.7,0.0,8.3,41.7
313001006337,INST. EL LABRADOR,2021,16.9,69.2,0.0,6.2,21.5
313001006337,INST. EL LABRADOR,2022,10.7,57.1,3.6,1.8,19.6
313001006337,INST. EL LABRADOR,2023,8.6,60.0,1.4,5.7,31.4
313001006337,INST. EL LABRADOR,2024,5.7,45.3,3.8,0.0,22.6
313001006337,INST. EL LABRADOR,2025,5.8,26.9,1.9,5.8,15.4
313001006485,CORPORACION EDUCATIVA COLEGIO ALTER ALTERIS,2021,2.9,5.9,0.0,0.0,0.0
313001006485,CORPORACION EDUCATIVA COLEGIO ALTER ALTERIS,2022,0.0,0.0,0.0,0.0,0.0
313001006485,CORPORACION EDUCATIVA COLEGIO ALTER ALTERIS,2023,0.0,0.0,0.0,0.0,0.0
313001006485,CORPORACION EDUCATIVA COLEGIO ALTER ALTERIS,2024,0.0,0.0,0.0,0.0,0.0
313001006485,CORPORACION EDUCATIVA COLEGIO ALTER ALTERIS,2025,2.9,0.0,0.0,0.0,0.0
313001006639,INST. SOLEDAD VIVES DE JOLI (ANTES J. I LOS CAPULLITOS),2021,25.0,86.1,5.6,2.8,50.0
313001006639,INST. SOLEDAD VIVES DE JOLI (ANTES J. I LOS CAPULLITOS),2022,16.0,78.0,2.0,6.0,28.0
313001006639,INST. SOLEDAD VIVES DE JOLI (ANTES J. I LOS CAPULLITOS),2023,11.6,74.4,2.3,7.0,27.9
313001006639,INST. SOLEDAD VIVES DE JOLI (ANTES J. I LOS CAPULLITOS),2024,5.5,61.8,1.8,0.0,21.8
313001006639,INST. SOLEDAD VIVES DE JOLI (ANTES J. I LOS CAPULLITOS),2025,2.3,38.6,2.3,6.8,11.4
313001006698,COL. EL DIVINO SALVADOR,2021,12.5,41.7,0.0,0.0,8.3
313001006698,COL. EL DIVINO SALVADOR,2022,5.4,43.2,0.0,2.7,5.4
313001006698,COL. EL DIVINO SALVADOR,2023,3.0,30.3,0.0,0.0,3.0
313001006698,COL. EL DIVINO SALVADOR,2024,0.0,34.5,0.0,3.4,6.9
313001006698,COL. EL DIVINO SALVADOR,2025,0.0,40.6,0.0,3.1,3.1
313001006701,COL. MILITAR ALMIRANTE COLON,2021,24.8,75.1,3.9,11.2,32.8
313001006701,COL. MILITAR ALMIRANTE COLON,2022,21.6,71.6,1.9,11.9,30.9
313001006701,COL. MILITAR ALMIRANTE COLON,2023,15.1,69.2,1.8,7.6,20.9
313001006701,COL. MILITAR ALMIRANTE COLON,2024,12.0,64.4,1.9,9.5,22.8
313001006701,COL. MILITAR ALMIRANTE COLON,2025,15.9,62.9,1.8,11.2,23.4
313001007040,COL. MARIA MONTESORRI,2021,42.1,100.0,0.0,0.0,31.6
313001007040,COL. MARIA MONTESORRI,2022,17.6,64.7,0.0,11.8,17.6
313001007040,COL. MARIA MONTESORRI,2023,7.7,69.2,0.0,0.0,23.1
313001007040,COL. MARIA MONTESORRI,2024,20.0,60.0,0.0,0.0,15.0
313001007040,COL. MARIA MONTESORRI,2025,15.0,40.0,10.0,15.0,40.0
313001007058,CENTRO DE EDUCACION EL RECREO,2021,0.0,7.1,0.0,0.0,0.0
313001007058,CENTRO DE EDUCACION EL RECREO,2022,0.0,3.3,0.0,0.0,0.0
313001007058,CENTRO DE EDUCACION EL RECREO,2023,0.0,5.3,0.0,0.0,0.0
313001007058,CENTRO DE EDUCACION EL RECREO,2024,0.0,8.3,0.0,0.0,0.0
313001007058,CENTRO DE EDUCACION EL RECREO,2025,0.0,3.2,0.0,0.0,0.0
313001007091,COL. MODERNO DEL NORTE,2021,10.0,65.0,0.6,1.9,8.1
313001007091,COL. MODERNO DEL NORTE,2022,1.4,45.2,0.0,0.0,12.3
313001007091,COL. MODERNO DEL NORTE,2023,4.6,34.6,0.0,1.3,9.2
313001007091,COL. MODERNO DEL NORTE,2024,1.8,37.4,0.6,1.8,4.9
313001007091,COL. MODERNO DEL NORTE,2025,1.4,18.6,0.0,2.1,4.1
313001007244,INST. JUAN JACOBO ROUSSEAU NO.2,2021,22.2,66.7,0.0,0.0,44.4
313001007244,INST. JUAN JACOBO ROUSSEAU NO.2,2022,27.8,72.2,11.1,16.7,16.7
313001007244,INST. JUAN JACOBO ROUSSEAU NO.2,2023,9.5,71.4,0.0,9.5,23.8
313001007244,INST. JUAN JACOBO ROUSSEAU NO.2,2024,4.3,60.9,0.0,4.3,26.1
313001007244,INST. JUAN JACOBO ROUSSEAU NO.2,2025,6.2,56.2,0.0,6.2,12.5
313001007619,CORPORACION INST. EDUC. DEL SOCORRO,2021,21.7,78.3,4.3,17.4,21.7
313001007619,CORPORACION INST. EDUC. DEL SOCORRO,2022,27.8,72.2,5.6,8.3,33.3
313001007619,CORPORACION INST. EDUC. DEL SOCORRO,2023,20.8,66.7,2.1,12.5,25.0
313001007619,CORPORACION INST. EDUC. DEL SOCORRO,2024,14.6,73.2,2.4,7.3,24.4
313001007619,CORPORACION INST. EDUC. DEL SOCORRO,2025,19.5,43.9,2.4,17.1,29.3
313001007872,GIMNASIO CERVANTES DE CARTAGENA,2021,6.1,61.0,0.0,3.7,8.5
313001007872,GIMNASIO CERVANTES DE CARTAGENA,2022,5.2,47.9,1.0,0.0,13.5
313001007872,GIMNASIO CERVANTES DE CARTAGENA,2023,3.0,34.3,0.0,1.5,7.5
313001007872,GIMNASIO CERVANTES DE CARTAGENA,2024,1.4,42.0,0.0,0.0,11.6
313001007872,GIMNASIO CERVANTES DE CARTAGENA,2025,1.6,31.7,0.0,0.0,6.3
313001008381,CENT. DE ENSEÑANZA HIJOS DE BOLIVAR,2021,20.0,70.0,0.0,0.0,30.0
313001008381,CENT. DE ENSEÑANZA HIJOS DE BOLIVAR,2022,20.0,60.0,0.0,0.0,50.0
313001008381,CENT. DE ENSEÑANZA HIJOS DE BOLIVAR,2023,25.0,87.5,12.5,12.5,50.0
313001008381,CENT. DE ENSEÑANZA HIJOS DE BOLIVAR,2024,33.3,100.0,8.3,8.3,50.0
313001008381,CENT. DE ENSEÑANZA HIJOS DE BOLIVAR,2025,9.1,63.6,9.1,9.1,18.2
313001008399,CENTRO EDUCATIVO LAS PALMERAS,2021,4.8,71.4,2.4,4.8,19.0
313001008399,CENTRO EDUCATIVO LAS PALMERAS,2022,7.1,50.0,2.4,0.0,19.0
313001008399,CENTRO EDUCATIVO LAS PALMERAS,2023,2.2,44.4,2.2,2.2,6.7
313001008399,CENTRO EDUCATIVO LAS PALMERAS,2024,2.6,50.0,0.0,0.0,5.3
313001008399,CENTRO EDUCATIVO LAS PALMERAS,2025,4.3,51.1,2.1,6.4,6.4
313001008411,INSTITUCION EDUCATIVA FE Y ALEGRIA EL PROGRESO,2021,32.4,95.8,8.5,7.0,56.3
313001008411,INSTITUCION EDUCATIVA FE Y ALEGRIA EL PROGRESO,2022,35.7,91.4,7.1,5.7,48.6
313001008411,INSTITUCION EDUCATIVA FE Y ALEGRIA EL PROGRESO,2023,32.0,90.7,6.7,12.0,44.0
313001008411,INSTITUCION EDUCATIVA FE Y ALEGRIA EL PROGRESO,2024,36.9,95.4,10.8,10.8,58.5
313001008411,INSTITUCION EDUCATIVA FE Y ALEGRIA EL PROGRESO,2025,27.1,82.4,1.2,10.6,30.6
313001008429,CENT. DE ENSE?ANZA PRECOZ  NUEVO MUNDO,2021,0.0,0.0,0.0,0.0,0.0
313001008500,CORP. EDUC. JORGE ELIECER GAITAN DE C/GENA,2021,0.0,0.0,0.0,0.0,0.0
313001008500,CORP. EDUC. JORGE ELIECER GAITAN DE C/GENA,2022,40.0,80.0,20.0,20.0,40.0
313001008500,CORP. EDUC. JORGE ELIECER GAITAN DE C/GENA,2023,0.0,100.0,0.0,0.0,0.0
313001008500,CORP. EDUC. JORGE ELIECER GAITAN DE C/GENA,2024,100.0,100.0,0.0,0.0,100.0
313001008500,CORP. EDUC. JORGE ELIECER GAITAN DE C/GENA,2025,0.0,50.0,0.0,0.0,50.0
313001008518,CORP EDUCATIVA MADDOX,2021,27.4,72.6,4.8,12.9,40.3
313001008518,CORP EDUCATIVA MADDOX,2022,26.2,70.0,1.2,8.8,21.2
313001008518,CORP EDUCATIVA MADDOX,2023,24.4,62.8,4.7,18.6,36.0
313001008518,CORP EDUCATIVA MADDOX,2024,22.3,78.6,6.8,14.6,35.9
313001008518,CORP EDUCATIVA MADDOX,2025,32.0,71.1,6.2,20.6,44.3
313001008526,INST. SAN ISIDRO LABRADOR,2021,25.0,84.6,1.9,5.8,30.8
313001008526,INST. SAN ISIDRO LABRADOR,2022,25.4,78.0,3.4,10.2,35.6
313001008526,INST. SAN ISIDRO LABRADOR,2023,18.0,80.3,6.6,16.4,47.5
313001008526,INST. SAN ISIDRO LABRADOR,2024,17.1,72.9,5.7,12.9,22.9
313001008526,INST. SAN ISIDRO LABRADOR,2025,16.4,64.2,4.5,4.5,25.4
313001008771,COL.  GIMN. MOMPIANO,2021,0.0,0.0,0.0,0.0,0.0
313001008771,COL.  GIMN. MOMPIANO,2022,0.0,6.7,0.0,0.0,0.0
313001008771,COL.  GIMN. MOMPIANO,2023,0.0,0.0,0.0,0.0,6.7
313001008771,COL.  GIMN. MOMPIANO,2024,0.0,0.0,0.0,7.1,0.0
313001008771,COL.  GIMN. MOMPIANO,2025,0.0,0.0,0.0,0.0,0.0
313001008933,INST. COLOMBO HOLANDES,2021,35.5,83.9,12.9,16.1,48.4
313001008933,INST. COLOMBO HOLANDES,2022,47.1,94.1,11.8,20.6,50.0
313001008933,INST. COLOMBO HOLANDES,2023,39.1,73.9,4.3,26.1,52.2
313001008933,INST. COLOMBO HOLANDES,2024,31.8,95.5,9.1,13.6,59.1
313001008933,INST. COLOMBO HOLANDES,2025,36.4,93.9,12.1,33.3,54.5
313001009204,INST. INTEGRAL NUEVA COLOMBIA (INST. INF.MI SONRISA),2021,31.2,87.5,0.0,9.4,34.4
313001009204,INST. INTEGRAL NUEVA COLOMBIA (INST. INF.MI SONRISA),2022,21.2,72.7,12.1,15.2,48.5
313001009204,INST. INTEGRAL NUEVA COLOMBIA (INST. INF.MI SONRISA),2023,35.1,91.9,5.4,18.9,43.2
313001009204,INST. INTEGRAL NUEVA COLOMBIA (INST. INF.MI SONRISA),2024,26.3,78.9,2.6,13.2,36.8
313001009204,INST. INTEGRAL NUEVA COLOMBIA (INST. INF.MI SONRISA),2025,21.1,78.9,5.3,21.1,50.0
313001009328,GIMN. MODERNO DE CARTAGENA,2021,8.0,24.0,0.0,0.0,4.0
313001009328,GIMN. MODERNO DE CARTAGENA,2022,0.0,21.4,0.0,0.0,0.0
313001009328,GIMN. MODERNO DE CARTAGENA,2023,5.9,26.5,0.0,0.0,8.8
313001009328,GIMN. MODERNO DE CARTAGENA,2024,0.0,21.7,0.0,4.3,0.0
313001009328,GIMN. MODERNO DE CARTAGENA,2025,3.2,22.6,3.2,0.0,3.2
313001009361,COL. MODELO DE LA COSTA,2021,0.0,31.2,6.2,0.0,0.0
313001009361,COL. MODELO DE LA COSTA,2022,11.4,40.0,2.9,2.9,5.7
313001009361,COL. MODELO DE LA COSTA,2023,20.0,55.0,0.0,0.0,5.0
313001009361,COL. MODELO DE LA COSTA,2024,0.0,37.5,0.0,0.0,0.0
313001009361,COL. MODELO DE LA COSTA,2025,5.3,26.3,0.0,0.0,0.0
313001012281,COL. SANTO TOMAS DE AQUINO,2021,0.0,21.4,7.1,0.0,0.0
313001012281,COL. SANTO TOMAS DE AQUINO,2022,4.5,13.6,0.0,0.0,4.5
313001012281,COL. SANTO TOMAS DE AQUINO,2023,0.0,9.1,0.0,0.0,4.5
313001012281,COL. SANTO TOMAS DE AQUINO,2024,0.0,17.6,0.0,2.9,2.9
313001012281,COL. SANTO TOMAS DE AQUINO,2025,0.0,12.5,0.0,6.2,0.0
313001012515,CORPORACION EDUCATIVA LA SAGRADA FAMILIA,2021,0.0,6.5,0.0,0.0,0.0
313001012515,CORPORACION EDUCATIVA LA SAGRADA FAMILIA,2022,0.0,0.0,0.0,0.0,0.0
313001012515,CORPORACION EDUCATIVA LA SAGRADA FAMILIA,2023,0.0,0.0,0.0,0.0,0.0
313001012515,CORPORACION EDUCATIVA LA SAGRADA FAMILIA,2024,0.0,0.0,0.0,0.0,0.0
313001012515,CORPORACION EDUCATIVA LA SAGRADA FAMILIA,2025,0.0,0.0,0.0,0.0,0.0
313001012744,INSTITUTO  SKINNER II   (ANT.-JARD. INF. SKINNER II),2021,45.7,93.5,6.5,32.6,63.0
313001012744,INSTITUTO  SKINNER II   (ANT.-JARD. INF. SKINNER II),2022,52.4,85.7,7.1,21.4,54.8
313001012744,INSTITUTO  SKINNER II   (ANT.-JARD. INF. SKINNER II),2023,35.9,94.9,2.6,15.4,59.0
313001012744,INSTITUTO  SKINNER II   (ANT.-JARD. INF. SKINNER II),2024,52.2,91.3,15.2,23.9,56.5
313001012744,INSTITUTO  SKINNER II   (ANT.-JARD. INF. SKINNER II),2025,50.0,92.5,20.0,22.5,57.5
313001012868,CORPORACION TECNICA INSTITUTO ROCHY,2021,43.8,96.9,6.2,18.8,43.8
313001012868,CORPORACION TECNICA INSTITUTO ROCHY,2022,8.7,78.3,4.3,21.7,30.4
313001012868,CORPORACION TECNICA INSTITUTO ROCHY,2023,32.0,100.0,12.0,16.0,72.0
313001012868,CORPORACION TECNICA INSTITUTO ROCHY,2024,41.2,88.2,0.0,11.8,41.2
313001012868,CORPORACION TECNICA INSTITUTO ROCHY,2025,32.3,74.2,0.0,16.1,25.8
313001012876,CORPORACION EDUCATIVA INSTITUTO GUADALUPE ,2021,16.0,52.0,0.0,8.0,28.0
313001012876,CORPORACION EDUCATIVA INSTITUTO GUADALUPE ,2022,10.5,57.9,0.0,15.8,10.5
313001012876,CORPORACION EDUCATIVA INSTITUTO GUADALUPE ,2023,4.0,44.0,0.0,4.0,4.0
313001012876,CORPORACION EDUCATIVA INSTITUTO GUADALUPE ,2024,0.0,40.0,0.0,0.0,20.0
313001012876,CORPORACION EDUCATIVA INSTITUTO GUADALUPE ,2025,9.8,12.2,0.0,0.0,7.3
313001012892,INST. DOCENTE DEL CARIBE,2021,24.0,69.3,5.3,13.3,28.0
313001012892,INST. DOCENTE DEL CARIBE,2022,18.4,73.7,2.6,9.2,23.7
313001012892,INST. DOCENTE DEL CARIBE,2023,18.1,60.6,1.1,8.5,17.0
313001012892,INST. DOCENTE DEL CARIBE,2024,22.5,65.2,4.5,9.0,25.8
313001012892,INST. DOCENTE DEL CARIBE,2025,17.2,64.5,5.4,6.5,34.4
313001013163,COLEGIO LA ENSEÑANZA,2021,23.5,64.7,7.8,11.8,35.3
313001013163,COLEGIO LA ENSEÑANZA,2022,31.7,61.0,9.8,31.7,31.7
313001013163,COLEGIO LA ENSEÑANZA,2023,36.7,60.0,10.0,23.3,36.7
313001013163,COLEGIO LA ENSEÑANZA,2024,31.2,59.4,9.4,28.1,43.8
313001013163,COLEGIO LA ENSEÑANZA,2025,29.5,52.3,4.5,20.5,29.5
313001013279,INSTITUTO SIGMUND FREUD,2021,11.5,55.7,0.0,9.8,13.1
313001013279,INSTITUTO SIGMUND FREUD,2022,23.1,53.8,2.6,10.3,30.8
313001013279,INSTITUTO SIGMUND FREUD,2023,2.0,48.0,2.0,8.0,12.0
313001013279,INSTITUTO SIGMUND FREUD,2024,1.8,35.1,0.0,0.0,7.0
313001013279,INSTITUTO SIGMUND FREUD,2025,0.0,30.2,0.0,4.7,7.0
313001013431,CORP INST PROGRESO SOCIAL (ANTES INST. MIXTO LOS PAYASITOS,2021,54.5,100.0,18.2,36.4,72.7
313001013431,CORP INST PROGRESO SOCIAL (ANTES INST. MIXTO LOS PAYASITOS,2022,61.9,85.7,14.3,28.6,52.4
313001013431,CORP INST PROGRESO SOCIAL (ANTES INST. MIXTO LOS PAYASITOS,2023,52.6,100.0,15.8,47.4,68.4
313001013431,CORP INST PROGRESO SOCIAL (ANTES INST. MIXTO LOS PAYASITOS,2024,70.0,90.0,20.0,53.3,80.0
313001013431,CORP INST PROGRESO SOCIAL (ANTES INST. MIXTO LOS PAYASITOS,2025,68.4,84.2,31.6,42.1,73.7
313001013571,CENT. EDUC. Y COMUNITARIO NELSON MANDELA,2021,20.0,48.0,4.0,8.0,20.0
313001013571,CENT. EDUC. Y COMUNITARIO NELSON MANDELA,2022,50.0,87.5,12.5,25.0,50.0
313001013571,CENT. EDUC. Y COMUNITARIO NELSON MANDELA,2024,100.0,100.0,100.0,100.0,100.0
313001013635,CENTRO EDUCATIVO INTEGRAL COLOMBIA CEICOL,2024,21.4,71.4,0.0,7.1,14.3
313001013635,CENTRO EDUCATIVO INTEGRAL COLOMBIA CEICOL,2025,0.0,25.0,0.0,0.0,25.0
313001013643,CORPORACIÓN CENTRO EDUCATIVO INTEGRAL EL RODEO,2021,51.5,95.6,11.8,23.5,60.3
313001013651,COLEGIO INTEGRAL DEL NORTE,2021,0.0,16.7,0.0,0.0,0.0
313001013651,COLEGIO INTEGRAL DEL NORTE,2022,0.0,10.0,0.0,0.0,0.0
313001013651,COLEGIO INTEGRAL DEL NORTE,2023,0.0,0.0,0.0,0.0,0.0
313001013651,COLEGIO INTEGRAL DEL NORTE,2024,0.0,0.0,0.0,0.0,0.0
313001013651,COLEGIO INTEGRAL DEL NORTE,2025,0.0,0.0,0.0,0.0,0.0
313001013783,CONC. ESCOLAR BERNARDO FOERGEN,2021,34.6,100.0,15.4,19.2,65.4
313001013783,CONC. ESCOLAR BERNARDO FOERGEN,2022,32.0,92.0,4.0,16.0,44.0
313001013783,CONC. ESCOLAR BERNARDO FOERGEN,2023,31.7,97.6,9.8,17.1,56.1
313001013783,CONC. ESCOLAR BERNARDO FOERGEN,2024,29.6,88.9,0.0,11.1,40.7
313001013783,CONC. ESCOLAR BERNARDO FOERGEN,2025,24.1,96.6,6.9,10.3,55.2
313001027059,CONC. ESCOLAR BERTHA SUTTNER,2021,35.3,98.5,13.2,19.1,54.4
313001027059,CONC. ESCOLAR BERTHA SUTTNER,2022,26.0,89.0,5.5,9.6,49.3
313001027059,CONC. ESCOLAR BERTHA SUTTNER,2023,21.9,89.1,1.6,6.2,40.6
313001027059,CONC. ESCOLAR BERTHA SUTTNER,2024,8.3,90.3,4.2,5.6,37.5
313001027059,CONC. ESCOLAR BERTHA SUTTNER,2025,19.2,91.8,0.0,6.8,43.8
313001027199,COL. SUE?OS Y OPORTUNIDADES JESUS MAESTRO,2021,10.9,90.2,1.1,1.1,34.8
313001027199,COL. SUE?OS Y OPORTUNIDADES JESUS MAESTRO,2022,20.8,88.5,1.0,8.3,47.9
313001027199,COL. SUE?OS Y OPORTUNIDADES JESUS MAESTRO,2023,11.4,79.7,5.1,2.5,26.6
313001027199,COL. SUE?OS Y OPORTUNIDADES JESUS MAESTRO,2024,20.8,88.3,2.5,5.8,43.3
313001027199,COL. SUE?OS Y OPORTUNIDADES JESUS MAESTRO,2025,19.3,78.0,1.8,10.1,36.7
313001027351,COL. SAN  RAFAEL  ARCANGEL,2021,25.0,82.1,3.6,17.9,39.3
313001027351,COL. SAN  RAFAEL  ARCANGEL,2022,26.1,73.9,4.3,4.3,21.7
313001027351,COL. SAN  RAFAEL  ARCANGEL,2023,24.0,92.0,4.0,8.0,40.0
313001027351,COL. SAN  RAFAEL  ARCANGEL,2024,25.0,54.2,0.0,0.0,29.2
313001027351,COL. SAN  RAFAEL  ARCANGEL,2025,16.0,56.0,4.0,12.0,24.0
313001028098,INSTITUCION EDUCATIVA LOS ANGELES,2021,26.7,66.7,6.7,33.3,33.3
313001028098,INSTITUCION EDUCATIVA LOS ANGELES,2022,16.7,33.3,0.0,0.0,33.3
313001028098,INSTITUCION EDUCATIVA LOS ANGELES,2023,14.3,57.1,0.0,0.0,0.0
313001028098,INSTITUCION EDUCATIVA LOS ANGELES,2024,0.0,80.0,0.0,0.0,20.0
313001028098,INSTITUCION EDUCATIVA LOS ANGELES,2025,12.5,37.5,0.0,25.0,37.5
313001028639,INST. CENTRAL DE COLOMBIA PARA ADULTOS  (513001004018),2021,34.3,77.1,5.7,17.1,37.1
313001028639,INST. CENTRAL DE COLOMBIA PARA ADULTOS  (513001004018),2022,41.8,81.3,3.3,19.8,40.7
313001028639,INST. CENTRAL DE COLOMBIA PARA ADULTOS  (513001004018),2023,40.9,75.0,8.0,20.5,45.5
313001028639,INST. CENTRAL DE COLOMBIA PARA ADULTOS  (513001004018),2024,41.2,79.0,6.7,27.7,38.7
313001028639,INST. CENTRAL DE COLOMBIA PARA ADULTOS  (513001004018),2025,35.1,79.8,7.0,23.7,43.0
313001028829,FUNDACION INSTITUCION EDUCATIVA FUNASER,2021,11.1,100.0,0.0,0.0,22.2
313001028829,FUNDACION INSTITUCION EDUCATIVA FUNASER,2022,62.5,100.0,12.5,43.8,50.0
313001028829,FUNDACION INSTITUCION EDUCATIVA FUNASER,2023,68.0,100.0,8.0,48.0,60.0
313001028829,FUNDACION INSTITUCION EDUCATIVA FUNASER,2024,46.7,86.7,13.3,46.7,33.3
313001028829,FUNDACION INSTITUCION EDUCATIVA FUNASER,2025,48.0,88.0,0.0,12.0,56.0
313001028843,COLEGIO JUAN PABLO II,2021,20.0,82.9,2.9,2.9,31.4
313001028843,COLEGIO JUAN PABLO II,2022,20.5,86.4,4.5,9.1,31.8
313001028843,COLEGIO JUAN PABLO II,2023,21.7,67.4,0.0,13.0,19.6
313001028843,COLEGIO JUAN PABLO II,2024,17.6,72.5,2.0,5.9,37.3
313001028843,COLEGIO JUAN PABLO II,2025,19.4,72.2,0.0,8.3,30.6
313001028868,COL. BILINGUE DE CARTAGENA,2021,3.7,0.0,0.0,3.7,3.7
313001028868,COL. BILINGUE DE CARTAGENA,2022,6.1,9.1,0.0,3.0,3.0
313001028868,COL. BILINGUE DE CARTAGENA,2023,0.0,4.5,0.0,0.0,0.0
313001028868,COL. BILINGUE DE CARTAGENA,2024,12.5,4.2,0.0,8.3,12.5
313001028868,COL. BILINGUE DE CARTAGENA,2025,3.8,7.7,0.0,0.0,3.8
313001028891,COLEGIO FERNANDO DE ARAGON DE CARTAGENA,2021,66.7,100.0,4.2,20.8,66.7
313001028891,COLEGIO FERNANDO DE ARAGON DE CARTAGENA,2022,54.2,91.6,11.2,32.7,57.0
313001028891,COLEGIO FERNANDO DE ARAGON DE CARTAGENA,2023,58.5,88.7,13.2,30.2,52.8
313001028891,COLEGIO FERNANDO DE ARAGON DE CARTAGENA,2024,76.2,95.2,14.3,31.0,71.4
313001028891,COLEGIO FERNANDO DE ARAGON DE CARTAGENA,2025,40.7,85.2,0.0,40.7,48.1
313001028985,COLEGIO DIOS ES AMOR -SEDE CARTAGENA,2021,44.0,92.0,0.0,4.0,52.0
313001028985,COLEGIO DIOS ES AMOR -SEDE CARTAGENA,2022,39.5,76.7,11.6,16.3,34.9
313001028985,COLEGIO DIOS ES AMOR -SEDE CARTAGENA,2023,25.6,82.1,0.0,17.9,35.9
313001028985,COLEGIO DIOS ES AMOR -SEDE CARTAGENA,2024,24.1,83.1,4.8,22.9,43.4
313001028985,COLEGIO DIOS ES AMOR -SEDE CARTAGENA,2025,25.3,78.7,2.7,18.7,33.3
313001029108,COLEGIO DE BACHILLERATO DEL LITORAL  CODEBOL LTDA,2021,54.2,91.7,12.5,33.3,54.2
313001029108,COLEGIO DE BACHILLERATO DEL LITORAL  CODEBOL LTDA,2022,61.5,92.3,7.7,38.5,46.2
313001029108,COLEGIO DE BACHILLERATO DEL LITORAL  CODEBOL LTDA,2023,50.0,58.3,8.3,33.3,50.0
313001029108,COLEGIO DE BACHILLERATO DEL LITORAL  CODEBOL LTDA,2024,57.1,85.7,9.5,33.3,66.7
313001029108,COLEGIO DE BACHILLERATO DEL LITORAL  CODEBOL LTDA,2025,35.3,94.1,5.9,29.4,58.8
313001029116,INSTITUCION EDUC COMUNITARIA LIRIO DE LOS VALLES,2022,42.1,100.0,15.8,36.8,52.6
313001029116,INSTITUCION EDUC COMUNITARIA LIRIO DE LOS VALLES,2023,50.0,93.8,12.5,37.5,50.0
313001029116,INSTITUCION EDUC COMUNITARIA LIRIO DE LOS VALLES,2024,50.0,100.0,8.3,25.0,75.0
313001029116,INSTITUCION EDUC COMUNITARIA LIRIO DE LOS VALLES,2025,14.3,66.7,4.8,0.0,33.3
313001029264,UNIVERSIDAD NACIONAL ABIERTA Y A DISTANCIA  UNAD,2024,0.0,50.0,0.0,50.0,0.0
313001029264,UNIVERSIDAD NACIONAL ABIERTA Y A DISTANCIA  UNAD,2025,82.4,94.1,41.2,64.7,76.5
313001029337,COLEGIO GORETTI,2021,12.5,58.3,4.2,4.2,16.7
313001029337,COLEGIO GORETTI,2022,16.0,32.0,0.0,0.0,4.0
313001029337,COLEGIO GORETTI,2023,6.9,27.6,3.4,10.3,10.3
313001029337,COLEGIO GORETTI,2024,21.9,43.8,3.1,9.4,21.9
313001029337,COLEGIO GORETTI,2025,3.8,34.6,3.8,3.8,19.2
313001029353,CORPORACION BEVERLY HILLS,2021,0.0,9.1,0.0,0.0,0.0
313001029353,CORPORACION BEVERLY HILLS,2022,5.0,7.5,0.0,0.0,2.5
313001029353,CORPORACION BEVERLY HILLS,2023,3.8,7.7,3.8,0.0,7.7
313001029353,CORPORACION BEVERLY HILLS,2024,12.5,9.4,0.0,0.0,9.4
313001029353,CORPORACION BEVERLY HILLS,2025,8.7,4.3,0.0,0.0,4.3
313001029396,INSTITUCION EDUCATIVA CLEMENTE MANUEL ZABAL,2021,55.7,97.7,18.3,24.4,67.9
313001029396,INSTITUCION EDUCATIVA CLEMENTE MANUEL ZABAL,2022,62.4,100.0,21.0,36.9,74.5
313001029396,INSTITUCION EDUCATIVA CLEMENTE MANUEL ZABAL,2023,56.2,96.6,20.2,35.4,64.6
313001029396,INSTITUCION EDUCATIVA CLEMENTE MANUEL ZABAL,2024,44.7,97.3,12.0,22.7,61.3
313001029396,INSTITUCION EDUCATIVA CLEMENTE MANUEL ZABAL,2025,40.6,89.6,4.7,25.5,63.2
313001029523,GIMNASIO BILINGÜE ALTAMAR DE CARTAGENA,2021,13.3,30.0,0.0,3.3,20.0
313001029523,GIMNASIO BILINGÜE ALTAMAR DE CARTAGENA,2022,3.8,11.5,3.8,7.7,9.6
313001029523,GIMNASIO BILINGÜE ALTAMAR DE CARTAGENA,2023,0.0,2.1,0.0,0.0,0.0
313001029523,GIMNASIO BILINGÜE ALTAMAR DE CARTAGENA,2024,0.0,0.0,0.0,0.0,0.0
313001029523,GIMNASIO BILINGÜE ALTAMAR DE CARTAGENA,2025,0.0,0.0,0.0,0.0,4.8
313001029671,INSTITUTO EDUCATIVO MUNDO HACIA EL FUTURO,2024,36.4,45.5,0.0,9.1,27.3
313001029671,INSTITUTO EDUCATIVO MUNDO HACIA EL FUTURO,2025,25.0,50.0,0.0,6.2,43.8
313001029680,CENTRO EDUCATIVO INTEGRAL MODERNO,2021,20.0,66.7,0.0,0.0,20.0
313001029680,CENTRO EDUCATIVO INTEGRAL MODERNO,2022,25.0,66.7,0.0,16.7,16.7
313001029680,CENTRO EDUCATIVO INTEGRAL MODERNO,2023,3.4,51.7,0.0,13.8,20.7
313001029680,CENTRO EDUCATIVO INTEGRAL MODERNO,2024,4.3,52.2,0.0,0.0,17.4
313001029680,CENTRO EDUCATIVO INTEGRAL MODERNO,2025,14.3,71.4,0.0,9.5,14.3
313001029868,INSTITUTO EDUCATIVO TECNOCIENCIAS REGIÓN CARIBE,2021,38.5,79.5,7.7,20.5,53.8
313001029868,INSTITUTO EDUCATIVO TECNOCIENCIAS REGIÓN CARIBE,2022,37.3,88.1,13.6,30.5,52.5
313001029868,INSTITUTO EDUCATIVO TECNOCIENCIAS REGIÓN CARIBE,2023,36.8,86.0,3.5,35.1,42.1
313001029868,INSTITUTO EDUCATIVO TECNOCIENCIAS REGIÓN CARIBE,2024,45.6,80.7,8.8,26.3,52.6
313001029868,INSTITUTO EDUCATIVO TECNOCIENCIAS REGIÓN CARIBE,2025,41.4,87.1,12.9,30.0,54.3
313001029931,COLEGIO MANOS CREATIVAS,2022,30.0,100.0,20.0,10.0,70.0
313001029931,COLEGIO MANOS CREATIVAS,2023,100.0,100.0,0.0,14.3,71.4
313001029931,COLEGIO MANOS CREATIVAS,2024,40.0,86.7,33.3,20.0,53.3
313001029931,COLEGIO MANOS CREATIVAS,2025,53.8,92.3,15.4,46.2,61.5
313001029981,COLEGIO JOSÉ MARÍA GARCÍA TOLEDO,2021,16.7,88.9,5.6,5.6,38.9
313001029981,COLEGIO JOSÉ MARÍA GARCÍA TOLEDO,2022,41.2,70.6,17.6,29.4,70.6
313001029981,COLEGIO JOSÉ MARÍA GARCÍA TOLEDO,2023,7.4,85.2,3.7,22.2,44.4
313001029981,COLEGIO JOSÉ MARÍA GARCÍA TOLEDO,2024,31.6,89.5,10.5,26.3,36.8
313001029981,COLEGIO JOSÉ MARÍA GARCÍA TOLEDO,2025,45.5,45.5,0.0,18.2,45.5
313001030025,GIMNASIO AMERICANO HOWARD GARDNER,2023,10.0,30.0,0.0,0.0,20.0
313001030025,GIMNASIO AMERICANO HOWARD GARDNER,2024,18.2,9.1,0.0,9.1,27.3
313001030025,GIMNASIO AMERICANO HOWARD GARDNER,2025,15.0,20.0,0.0,0.0,15.0
313001800017,CORPORACION EDUCATIVA JOSEPH WILSON SWAN,2021,58.1,93.5,9.7,38.7,64.5
313001800017,CORPORACION EDUCATIVA JOSEPH WILSON SWAN,2022,48.1,93.7,10.1,26.6,63.3
313001800017,CORPORACION EDUCATIVA JOSEPH WILSON SWAN,2023,52.8,94.4,13.9,25.0,52.8
313001800017,CORPORACION EDUCATIVA JOSEPH WILSON SWAN,2024,34.4,81.2,9.4,25.0,46.9
313001800017,CORPORACION EDUCATIVA JOSEPH WILSON SWAN,2025,47.4,78.9,10.5,34.2,63.2
313001800051,CORPORACION EDUCATIVA INTERNACIONAL Y LABORAL CORPOINSTEL,2024,48.0,96.0,12.0,24.0,60.0
313001800051,CORPORACION EDUCATIVA INTERNACIONAL Y LABORAL CORPOINSTEL,2025,76.8,94.6,25.0,44.6,78.6
313001800068,CORPORACION BERAKAH ACADEMY SCHOOL,2025,0.0,50.0,0.0,12.5,0.0
313001800076,COLEGIO PABLO HOFF - SEDE PRINCIPAL,2022,0.0,27.3,0.0,0.0,0.0
313001800076,COLEGIO PABLO HOFF - SEDE PRINCIPAL,2023,0.0,16.7,0.0,0.0,0.0
313001800076,COLEGIO PABLO HOFF - SEDE PRINCIPAL,2024,0.0,16.7,0.0,16.7,0.0
313001800076,COLEGIO PABLO HOFF - SEDE PRINCIPAL,2025,10.0,20.0,10.0,0.0,10.0
313001800092,COLEGIO BEN AVID,2023,47.2,85.6,8.8,25.6,60.8
313001800092,COLEGIO BEN AVID,2024,48.6,86.5,13.5,35.1,54.1
313001800092,COLEGIO BEN AVID,2025,53.2,88.6,11.4,34.2,58.2
313001800149,INSTITUTO CARL ROS,2022,33.3,100.0,0.0,66.7,66.7
313001800149,INSTITUTO CARL ROS,2023,50.0,100.0,0.0,0.0,66.7
313001800149,INSTITUTO CARL ROS,2024,75.0,50.0,0.0,0.0,75.0
313001800149,INSTITUTO CARL ROS,2025,71.4,100.0,0.0,28.6,57.1
313001800254,GIMNASIO INTERNATIONAL SCHOOL CARTAGENA (HUELLITAS INTERNATIONAL SCHOOL),2024,0.0,25.0,0.0,0.0,0.0
313001800254,GIMNASIO INTERNATIONAL SCHOOL CARTAGENA (HUELLITAS INTERNATIONAL SCHOOL),2025,13.3,66.7,0.0,6.7,13.3
313001800459,CENTRO DE APRENDIZAJE DESPERTANDO TALENTOS,2024,66.7,66.7,0.0,33.3,66.7
313001800459,CENTRO DE APRENDIZAJE DESPERTANDO TALENTOS,2025,100.0,100.0,0.0,100.0,100.0
313001800467,CENTRO EDUCATIVO AMOR A COLOMBIA,2021,63.2,94.7,26.3,36.8,73.7
313001800467,CENTRO EDUCATIVO AMOR A COLOMBIA,2022,44.8,89.7,10.3,24.1,48.3
313001800467,CENTRO EDUCATIVO AMOR A COLOMBIA,2023,46.2,92.3,11.5,38.5,76.9
313001800467,CENTRO EDUCATIVO AMOR A COLOMBIA,2024,47.6,95.2,16.7,33.3,76.2
313001800467,CENTRO EDUCATIVO AMOR A COLOMBIA,2025,48.9,93.3,8.9,33.3,64.4
313001800521,CENTRO DE DESARROLLO INTEGRAL MANITOS CREATIVAS,2023,50.0,50.0,50.0,50.0,100.0
313001800521,CENTRO DE DESARROLLO INTEGRAL MANITOS CREATIVAS,2024,25.0,50.0,25.0,75.0,75.0
313001800521,CENTRO DE DESARROLLO INTEGRAL MANITOS CREATIVAS,2025,0.0,0.0,0.0,100.0,0.0
313001800599,INSTITUTO CRISTOCENTRICO DEL CARIBE,2021,20.0,50.0,0.0,10.0,15.0
313001800599,INSTITUTO CRISTOCENTRICO DEL CARIBE,2022,10.0,50.0,0.0,0.0,0.0
313001800599,INSTITUTO CRISTOCENTRICO DEL CARIBE,2023,11.1,66.7,0.0,11.1,11.1
313001800599,INSTITUTO CRISTOCENTRICO DEL CARIBE,2024,7.1,71.4,7.1,7.1,21.4
313001800599,INSTITUTO CRISTOCENTRICO DEL CARIBE,2025,5.3,36.8,0.0,0.0,10.5
313001800637,COLEGIO SAN JOSE DE LOS CAMPANOS,2022,46.2,92.3,7.7,23.1,46.2
313001800637,COLEGIO SAN JOSE DE LOS CAMPANOS,2023,37.5,83.3,4.2,12.5,29.2
313001800637,COLEGIO SAN JOSE DE LOS CAMPANOS,2024,33.3,81.0,19.0,19.0,52.4
313001800637,COLEGIO SAN JOSE DE LOS CAMPANOS,2025,20.8,62.5,0.0,4.2,20.8
313001800751,COLEGIO HUMANISTA FRANCESCO PETRARCA,2021,76.0,100.0,24.0,52.0,72.0
313001800751,COLEGIO HUMANISTA FRANCESCO PETRARCA,2022,55.2,100.0,17.2,44.8,72.4
313001800751,COLEGIO HUMANISTA FRANCESCO PETRARCA,2023,65.0,100.0,30.0,50.0,75.0
313001800751,COLEGIO HUMANISTA FRANCESCO PETRARCA,2024,52.2,87.0,26.1,17.4,47.8
313001800751,COLEGIO HUMANISTA FRANCESCO PETRARCA,2025,55.6,94.4,11.1,38.9,72.2
313001800891,INSTITUTO EDUCATIVO JEAN PIAGET S.A.S,2025,19.0,71.4,4.8,23.8,38.1
313052000309,INSTITUCIÓN EDUCATIVA DOMINGO TARRA GUARDO,2021,53.3,97.8,20.0,22.2,62.2
313052000309,INSTITUCIÓN EDUCATIVA DOMINGO TARRA GUARDO,2022,44.4,100.0,13.9,25.0,63.9
313052000309,INSTITUCIÓN EDUCATIVA DOMINGO TARRA GUARDO,2023,48.8,97.7,14.0,37.2,62.8
313052000309,INSTITUCIÓN EDUCATIVA DOMINGO TARRA GUARDO,2024,34.6,100.0,7.7,26.9,53.8
313052000309,INSTITUCIÓN EDUCATIVA DOMINGO TARRA GUARDO,2025,48.5,87.9,15.2,30.3,66.7
313052000376,LICEO PATERNINA,2021,15.2,57.6,0.0,12.1,15.2
313052000376,LICEO PATERNINA,2022,2.9,67.6,0.0,2.9,14.7
313052000376,LICEO PATERNINA,2023,12.8,61.5,0.0,2.6,12.8
313052000376,LICEO PATERNINA,2024,16.7,80.6,2.8,8.3,41.7
313052000376,LICEO PATERNINA,2025,6.1,53.1,0.0,2.0,10.2
313052000384,CONCENTRACION EDUCATIVA CAROLINA GAMERO PEREZ,2021,23.1,100.0,7.7,0.0,38.5
313052000384,CONCENTRACION EDUCATIVA CAROLINA GAMERO PEREZ,2022,0.0,55.6,0.0,0.0,0.0
313052000384,CONCENTRACION EDUCATIVA CAROLINA GAMERO PEREZ,2023,11.1,100.0,0.0,11.1,22.2
313052000384,CONCENTRACION EDUCATIVA CAROLINA GAMERO PEREZ,2024,9.1,63.6,0.0,0.0,18.2
313052000384,CONCENTRACION EDUCATIVA CAROLINA GAMERO PEREZ,2025,0.0,69.2,0.0,0.0,0.0
313052000392,INSTITUTO BOLIVARIANO (ANTIGUO MIS PRIMERAS LUCES),2021,0.0,50.0,0.0,0.0,8.3
313052000392,INSTITUTO BOLIVARIANO (ANTIGUO MIS PRIMERAS LUCES),2022,7.1,32.1,0.0,3.6,7.1
313052000392,INSTITUTO BOLIVARIANO (ANTIGUO MIS PRIMERAS LUCES),2023,0.0,30.6,0.0,0.0,4.1
313052000392,INSTITUTO BOLIVARIANO (ANTIGUO MIS PRIMERAS LUCES),2024,0.0,30.0,0.0,0.0,3.3
313052000392,INSTITUTO BOLIVARIANO (ANTIGUO MIS PRIMERAS LUCES),2025,0.0,7.3,0.0,0.0,0.0
313052000741,CONCEBIR,2021,100.0,66.7,33.3,100.0,100.0
313052000741,CONCEBIR,2022,33.3,66.7,33.3,50.0,66.7
313052000741,CONCEBIR,2023,0.0,100.0,0.0,0.0,0.0
313052000741,CONCEBIR,2024,75.0,100.0,25.0,0.0,75.0
313052000741,CONCEBIR,2025,0.0,100.0,0.0,0.0,0.0
313052000767,ESC. MARIA EUGENIA VELANDIA SUAREZ,2023,36.7,100.0,6.7,6.7,50.0
313052000767,ESC. MARIA EUGENIA VELANDIA SUAREZ,2024,54.1,97.3,10.8,27.0,48.6
313052800003,ALPES MAGIC SCHOOL - SEDE PRINCIPAL,2025,50.0,100.0,0.0,0.0,50.0
313052800011,NUEVO ALPES SCHOOL,2022,15.8,84.2,0.0,5.3,15.8
313052800011,NUEVO ALPES SCHOOL,2023,21.7,69.6,4.3,8.7,30.4
313052800011,NUEVO ALPES SCHOOL,2024,22.2,61.1,0.0,16.7,22.2
313052800011,NUEVO ALPES SCHOOL,2025,6.2,68.8,6.2,0.0,37.5
313052800020,CENTRO EDUCATIVO INTEGRAL SCHOOL,2025,0.0,0.0,0.0,0.0,0.0
313052800054,CENTRO EDUCATIVO LICEO MI NUEVA ESPERANZA,2021,71.4,100.0,28.6,71.4,85.7
313052800054,CENTRO EDUCATIVO LICEO MI NUEVA ESPERANZA,2022,0.0,100.0,0.0,0.0,0.0
313052800054,CENTRO EDUCATIVO LICEO MI NUEVA ESPERANZA,2023,60.0,100.0,20.0,60.0,60.0
313052800054,CENTRO EDUCATIVO LICEO MI NUEVA ESPERANZA,2024,33.3,100.0,33.3,33.3,66.7
313052800054,CENTRO EDUCATIVO LICEO MI NUEVA ESPERANZA,2025,100.0,100.0,50.0,50.0,100.0
313052800089,INSTITUTO ANDINOAMERICANO,2021,47.6,88.9,11.1,28.6,49.2
313052800089,INSTITUTO ANDINOAMERICANO,2022,21.4,71.4,7.1,21.4,7.1
313052800089,INSTITUTO ANDINOAMERICANO,2023,0.0,100.0,0.0,0.0,100.0
313052800089,INSTITUTO ANDINOAMERICANO,2025,14.3,100.0,0.0,14.3,42.9
313052800101,INSTITUCION EDUCATIVA CORPOIDEAR DE LA MANO DE LOS NIÑOS Y NIÑAS,2024,72.0,100.0,24.0,64.0,80.0
313052800101,INSTITUCION EDUCATIVA CORPOIDEAR DE LA MANO DE LOS NIÑOS Y NIÑAS,2025,52.5,95.0,10.0,45.0,75.0
313052800144,COLEGIO INTERNACIONAL LOS ANDES,2025,44.4,83.8,7.1,21.2,47.5
313074000019,INSTITUCIÓN EDUCATIVA TÉCNICA AGROPECUARIA JULIO RAMÓN FACIOLINCE,2021,45.3,98.9,11.6,15.8,45.3
313074000019,INSTITUCIÓN EDUCATIVA TÉCNICA AGROPECUARIA JULIO RAMÓN FACIOLINCE,2022,35.5,100.0,8.1,30.6,51.6
313074000019,INSTITUCIÓN EDUCATIVA TÉCNICA AGROPECUARIA JULIO RAMÓN FACIOLINCE,2023,46.2,96.9,6.2,18.5,47.7
313074000019,INSTITUCIÓN EDUCATIVA TÉCNICA AGROPECUARIA JULIO RAMÓN FACIOLINCE,2024,29.1,89.9,3.8,11.4,31.6
313074000019,INSTITUCIÓN EDUCATIVA TÉCNICA AGROPECUARIA JULIO RAMÓN FACIOLINCE,2025,13.6,90.9,4.5,9.1,40.9
313212000131,INSTITUCIÓN EDUCATIVA OSWALDO OCHOA BECERRA,2021,28.6,92.9,4.8,16.7,35.7
313212000131,INSTITUCIÓN EDUCATIVA OSWALDO OCHOA BECERRA,2022,42.1,98.2,10.5,24.6,56.1
313212000131,INSTITUCIÓN EDUCATIVA OSWALDO OCHOA BECERRA,2023,30.6,95.9,8.2,10.2,34.7
313212000131,INSTITUCIÓN EDUCATIVA OSWALDO OCHOA BECERRA,2024,30.5,98.3,6.8,11.9,55.9
313212000131,INSTITUCIÓN EDUCATIVA OSWALDO OCHOA BECERRA,2025,13.7,90.2,5.9,9.8,39.2
313244000612,CORPORACION EDUCATIVA ANTONIO RICAURTE,2021,28.6,85.7,4.8,14.3,23.8
313244000612,CORPORACION EDUCATIVA ANTONIO RICAURTE,2022,18.8,75.0,0.0,6.2,12.5
313244000612,CORPORACION EDUCATIVA ANTONIO RICAURTE,2023,5.6,66.7,0.0,0.0,0.0
313244000612,CORPORACION EDUCATIVA ANTONIO RICAURTE,2024,21.7,73.9,4.3,8.7,21.7
313244000612,CORPORACION EDUCATIVA ANTONIO RICAURTE,2025,0.0,56.5,0.0,4.3,4.3
313244000710,COL SAN RAFAEL,2021,20.7,48.3,0.0,3.4,17.2
313244000710,COL SAN RAFAEL,2022,5.6,55.6,5.6,0.0,11.1
313244000710,COL SAN RAFAEL,2023,9.1,59.1,0.0,0.0,9.1
313244000710,COL SAN RAFAEL,2024,0.0,39.1,0.0,0.0,0.0
313244000710,COL SAN RAFAEL,2025,0.0,25.0,0.0,0.0,0.0
313244001139,INSTITUTO ALTAIR MONTEMARIANO,2021,11.1,63.0,3.7,7.4,18.5
313244001139,INSTITUTO ALTAIR MONTEMARIANO,2022,3.7,55.6,0.0,3.7,22.2
313244001139,INSTITUTO ALTAIR MONTEMARIANO,2023,10.0,60.0,0.0,10.0,10.0
313244001139,INSTITUTO ALTAIR MONTEMARIANO,2024,23.1,65.4,0.0,11.5,23.1
313244001139,INSTITUTO ALTAIR MONTEMARIANO,2025,5.9,52.9,0.0,5.9,23.5
313244003247,INSTITUTO EDUCATIVO CRISTIANO COLOMBO AMERICANO,2021,0.0,100.0,0.0,0.0,0.0
313244003247,INSTITUTO EDUCATIVO CRISTIANO COLOMBO AMERICANO,2022,27.3,90.9,9.1,9.1,18.2
313244003247,INSTITUTO EDUCATIVO CRISTIANO COLOMBO AMERICANO,2023,20.0,100.0,20.0,60.0,40.0
313244003247,INSTITUTO EDUCATIVO CRISTIANO COLOMBO AMERICANO,2024,33.3,83.3,0.0,0.0,50.0
313244003247,INSTITUTO EDUCATIVO CRISTIANO COLOMBO AMERICANO,2025,18.8,93.8,0.0,6.2,37.5
313244800015,INSTITUCION EDUCATIVA ELLEN WHITE SCHOOL,2022,20.0,40.0,10.0,0.0,20.0
313244800015,INSTITUCION EDUCATIVA ELLEN WHITE SCHOOL,2023,25.0,75.0,0.0,0.0,0.0
313244800015,INSTITUCION EDUCATIVA ELLEN WHITE SCHOOL,2024,18.8,50.0,6.2,6.2,12.5
313244800015,INSTITUCION EDUCATIVA ELLEN WHITE SCHOOL,2025,0.0,50.0,0.0,0.0,30.0
313244800031,INSTITUTO PSICOPEDAGOGICO DEL CARIBE,2022,33.3,100.0,33.3,0.0,50.0
313244800031,INSTITUTO PSICOPEDAGOGICO DEL CARIBE,2023,33.3,80.0,20.0,33.3,53.3
313244800031,INSTITUTO PSICOPEDAGOGICO DEL CARIBE,2024,28.6,89.3,8.9,12.5,41.1
313244800031,INSTITUTO PSICOPEDAGOGICO DEL CARIBE,2025,40.7,81.5,7.4,14.8,48.1
313430000983,INST TEC CULT DIOCESANO,2021,11.1,56.5,0.9,4.6,13.9
313430000983,INST TEC CULT DIOCESANO,2022,8.4,47.0,0.0,2.4,10.8
313430000983,INST TEC CULT DIOCESANO,2023,5.3,49.6,0.8,3.8,9.9
313430000983,INST TEC CULT DIOCESANO,2024,2.6,30.7,0.0,1.8,8.8
313430000983,INST TEC CULT DIOCESANO,2025,3.2,34.7,0.0,3.2,3.2
313430001416,COL SAGRADO CORAZON DE JESUS,2021,25.0,75.0,25.0,50.0,50.0
313430001416,COL SAGRADO CORAZON DE JESUS,2022,54.0,100.0,4.0,34.0,76.0
313430001416,COL SAGRADO CORAZON DE JESUS,2023,63.5,98.6,10.8,36.5,70.3
313430001416,COL SAGRADO CORAZON DE JESUS,2024,71.7,96.2,24.5,43.4,71.7
313430001416,ESCUELA NORMAL SUPERIOR SAGRADO CORAZON DE JESUS,2025,74.6,98.5,19.4,55.2,82.1
313430001653,COL LA CANDELARIA,2021,31.2,78.1,6.2,9.4,40.6
313430001653,COL LA CANDELARIA,2022,21.7,73.9,0.0,13.0,26.1
313430001653,COL LA CANDELARIA,2023,12.5,93.8,0.0,6.2,15.6
313430001653,COL LA CANDELARIA,2024,22.2,80.6,0.0,13.9,25.0
313430001653,COL LA CANDELARIA,2025,14.3,64.3,3.6,10.7,14.3
313430001769,CENT EDUC INTEGRAL CEDI,2021,22.2,88.9,11.1,22.2,33.3
313430002129,GIMN MODERNO MONTECATINI,2021,0.0,20.0,0.0,0.0,2.2
313430002129,GIMN MODERNO MONTECATINI,2022,8.6,17.1,0.0,0.0,8.6
313430002129,GIMN MODERNO MONTECATINI,2023,0.0,18.9,0.0,2.7,5.4
313430002129,GIMN MODERNO MONTECATINI,2024,2.7,21.6,0.0,2.7,5.4
313430002129,GIMN MODERNO MONTECATINI,2025,0.0,9.4,0.0,0.0,0.0
313430002889,CORP EDUC DE MAGANGUE CEDEMAG,2023,45.5,90.9,0.0,18.2,36.4
313430002889,CORP EDUC DE MAGANGUE CEDEMAG,2024,62.2,100.0,20.0,55.6,75.6
313430002889,CORP EDUC DE MAGANGUE CEDEMAG,2025,50.0,96.3,11.1,35.2,68.5
313430003249,CORP POLITECNICA DE MAGANGUE,2021,72.7,100.0,0.0,36.4,81.8
313430003249,CORP POLITECNICA DE MAGANGUE,2022,54.5,95.5,9.1,40.9,45.5
313430003249,CORP POLITECNICA DE MAGANGUE,2023,45.5,100.0,4.5,31.8,77.3
313430003249,CORP POLITECNICA DE MAGANGUE,2024,33.3,83.3,0.0,16.7,33.3
313430003249,CORP POLITECNICA DE MAGANGUE,2025,70.0,100.0,10.0,20.0,70.0
313433800624,INSTITUCIÓN EDUCATIVA EDUCAMOS CON VALORES,2024,25.0,75.0,25.0,0.0,50.0
313433800624,INSTITUCIÓN EDUCATIVA EDUCAMOS CON VALORES,2025,60.8,90.2,9.8,45.1,74.5
313440000418,INSTITUCIÓN EDUCATIVA TÉCNICA EN SISTEMAS DE MARGARITA,2021,31.9,91.5,4.3,12.8,51.1
313440000418,INSTITUCIÓN EDUCATIVA TÉCNICA EN SISTEMAS DE MARGARITA,2022,32.8,93.8,4.7,12.5,35.9
313440000418,INSTITUCIÓN EDUCATIVA TÉCNICA EN SISTEMAS DE MARGARITA,2023,34.0,94.0,16.0,38.0,40.0
313440000418,INSTITUCIÓN EDUCATIVA TÉCNICA EN SISTEMAS DE MARGARITA,2024,31.7,93.7,12.7,22.2,54.0
313440000418,INSTITUCIÓN EDUCATIVA TÉCNICA EN SISTEMAS DE MARGARITA,2025,25.6,82.1,2.6,10.3,30.8
313468000022,COL SAGRADO CORAZON DE JESUS,2021,11.4,57.1,0.0,0.0,11.4
313468000022,COL SAGRADO CORAZON DE JESUS,2022,7.0,58.1,0.0,4.7,14.0
313468000022,COL SAGRADO CORAZON DE JESUS,2023,4.5,61.4,0.0,4.5,4.5
313468000022,COL SAGRADO CORAZON DE JESUS,2024,12.5,59.4,6.2,3.1,15.6
313468000022,COL SAGRADO CORAZON DE JESUS,2025,6.4,53.2,2.1,2.1,17.0
313468001487,COL SANTA CRUZ DE MOMPOS,2021,5.3,36.8,0.0,0.0,10.5
313468001487,COL SANTA CRUZ DE MOMPOS,2022,5.9,35.3,0.0,0.0,0.0
313468001487,COL SANTA CRUZ DE MOMPOS,2023,0.0,33.3,0.0,0.0,8.3
313468001487,COL SANTA CRUZ DE MOMPOS,2024,6.2,43.8,6.2,0.0,12.5
313468001487,COL SANTA CRUZ DE MOMPOS,2025,0.0,52.9,0.0,0.0,5.9
313473000251,INSTITUCIÓN EDUCATIVA TÉCNICA AGROPECUARIA VICENTE HONDARZA,2021,54.5,93.8,16.1,38.4,66.1
313473000251,INSTITUCIÓN EDUCATIVA TÉCNICA AGROPECUARIA VICENTE HONDARZA,2022,56.8,98.4,15.2,32.8,68.8
313473000251,INSTITUCIÓN EDUCATIVA TÉCNICA AGROPECUARIA VICENTE HONDARZA,2023,40.0,95.3,5.9,14.1,49.4
313473000251,INSTITUCIÓN EDUCATIVA TÉCNICA AGROPECUARIA VICENTE HONDARZA,2024,42.6,98.4,16.4,33.6,65.6
313473000251,INSTITUCIÓN EDUCATIVA TÉCNICA AGROPECUARIA VICENTE HONDARZA,2025,44.6,95.2,7.2,33.7,65.1
313657000653,COLEGIO DARIO ARRIETA YEPEZ,2023,57.1,100.0,14.3,42.9,28.6
313657000653,COLEGIO DARIO ARRIETA YEPEZ,2024,22.2,77.8,0.0,0.0,22.2
313657000653,COLEGIO DARIO ARRIETA YEPEZ,2025,0.0,40.0,0.0,0.0,10.0
313670000131,INSTITUCIÓN EDUCATIVA TÉCNICA AGROPECUARIA Y COMERCIAL DE SAN PABLO,2021,46.5,94.9,12.1,21.0,54.1
313670000131,INSTITUCIÓN EDUCATIVA TÉCNICA AGROPECUARIA Y COMERCIAL DE SAN PABLO,2022,42.0,86.6,6.7,26.9,43.7
313670000131,INSTITUCIÓN EDUCATIVA TÉCNICA AGROPECUARIA Y COMERCIAL DE SAN PABLO,2023,39.9,92.8,5.8,21.0,43.5
313670000131,INSTITUCIÓN EDUCATIVA TÉCNICA AGROPECUARIA Y COMERCIAL DE SAN PABLO,2024,35.7,87.5,7.1,15.2,39.3
313670000131,INSTITUCIÓN EDUCATIVA TÉCNICA AGROPECUARIA Y COMERCIAL DE SAN PABLO,2025,36.5,94.4,3.2,19.8,54.8
313688011459,CORPORACION E INSTITUCION EDUCATIVA ALBERT EINSTEIN C.I.N.E.A.E,2021,30.8,100.0,7.7,23.1,61.5
313688011459,CORPORACION E INSTITUCION EDUCATIVA ALBERT EINSTEIN C.I.N.E.A.E,2022,40.0,95.0,5.0,15.0,55.0
313688011459,CORPORACION E INSTITUCION EDUCATIVA ALBERT EINSTEIN C.I.N.E.A.E,2023,37.5,100.0,12.5,25.0,62.5
313688011459,CORPORACION E INSTITUCION EDUCATIVA ALBERT EINSTEIN C.I.N.E.A.E,2024,31.2,100.0,12.5,25.0,50.0
313688011459,CORPORACION E INSTITUCION EDUCATIVA ALBERT EINSTEIN C.I.N.E.A.E,2025,47.4,100.0,10.5,21.1,78.9
313688800098,FUNDACION EDUCATIVA Y TECNICA HACIA EL PROGRESO INDUSTRIAL - FUNDETEC,2025,16.7,66.7,0.0,16.7,16.7
313780000285,INSTITUCIÓN EDUCATIVA DE TALAIGUA NUEVO,2021,36.4,93.9,6.1,15.2,45.5
313780000285,INSTITUCIÓN EDUCATIVA DE TALAIGUA NUEVO,2022,33.3,94.9,12.8,23.1,46.2
313780000285,INSTITUCIÓN EDUCATIVA DE TALAIGUA NUEVO,2023,42.5,95.4,17.2,18.4,49.4
313780000285,INSTITUCIÓN EDUCATIVA DE TALAIGUA NUEVO,2024,44.3,88.6,16.5,13.9,51.9
313780000285,INSTITUCIÓN EDUCATIVA DE TALAIGUA NUEVO,2025,34.7,93.9,7.1,21.4,61.2
313836000178,COL EL NINO JESUS,2021,22.2,63.0,0.0,7.4,22.2
313836000178,COL EL NINO JESUS,2022,12.5,75.0,0.0,12.5,16.7
313836000178,COL EL NINO JESUS,2023,20.8,62.5,0.0,16.7,20.8
313836000178,COL EL NINO JESUS,2024,7.4,66.7,3.7,11.1,11.1
313836000178,COL EL NINO JESUS,2025,20.0,56.7,0.0,23.3,23.3
313836000348,ASPAEN GIMNASIO CARTAGENA DE INDIAS,2021,0.0,0.0,0.0,0.0,0.0
313836000348,ASPAEN GIMNASIO CARTAGENA DE INDIAS,2022,0.0,0.0,0.0,0.0,3.1
313836000348,ASPAEN GIMNASIO CARTAGENA DE INDIAS,2023,3.4,0.0,0.0,0.0,6.9
313836000348,ASPAEN GIMNASIO CARTAGENA DE INDIAS,2024,0.0,0.0,0.0,0.0,2.8
313836000348,ASPAEN GIMNASIO CARTAGENA DE INDIAS,2025,0.0,0.0,0.0,0.0,4.0
313836000437,COLEGIO SURAMERICANO,2021,33.3,83.3,0.0,16.7,41.7
313836000437,COLEGIO SURAMERICANO,2022,6.2,75.0,6.2,6.2,25.0
313836000437,COLEGIO SURAMERICANO,2023,13.3,66.7,0.0,13.3,26.7
313836000437,COLEGIO SURAMERICANO,2024,22.2,66.7,22.2,11.1,55.6
313836000437,COLEGIO SURAMERICANO,2025,42.9,71.4,14.3,0.0,71.4
313836000518,COLEGIO SAN JOSE DE TURBACO,2021,4.3,47.8,0.0,8.7,13.0
313836000518,COLEGIO SAN JOSE DE TURBACO,2022,13.0,60.9,0.0,13.0,21.7
313836000518,COLEGIO SAN JOSE DE TURBACO,2023,0.0,41.9,0.0,0.0,6.5
313836000518,COLEGIO SAN JOSE DE TURBACO,2024,2.4,47.6,0.0,2.4,14.3
313836000518,COLEGIO SAN JOSE DE TURBACO,2025,3.4,37.9,0.0,3.4,24.1
313836000623,ASPAEN GIMNASIO CARTAGENA,2021,0.0,0.0,0.0,0.0,0.0
313836000623,ASPAEN GIMNASIO CARTAGENA,2022,3.8,3.8,3.8,0.0,3.8
313836000623,ASPAEN GIMNASIO CARTAGENA,2023,0.0,0.0,0.0,4.3,0.0
313836000623,ASPAEN GIMNASIO CARTAGENA,2024,0.0,0.0,0.0,0.0,3.2
313836000623,ASPAEN GIMNASIO CARTAGENA,2025,0.0,0.0,0.0,0.0,6.7
313836000640,COORPORACION EDUCATIVA COLEGIO EL MUNDO DE LOS NIÑOS GIMNASIO DEL VALLE,2021,0.0,22.7,0.0,0.0,9.1
313836000640,COORPORACION EDUCATIVA COLEGIO EL MUNDO DE LOS NIÑOS GIMNASIO DEL VALLE,2022,0.0,35.3,0.0,0.0,5.9
313836000640,COORPORACION EDUCATIVA COLEGIO EL MUNDO DE LOS NIÑOS GIMNASIO DEL VALLE,2023,3.7,33.3,0.0,3.7,11.1
313836000640,COORPORACION EDUCATIVA COLEGIO EL MUNDO DE LOS NIÑOS GIMNASIO DEL VALLE,2024,3.6,28.6,0.0,0.0,7.1
313836000640,COORPORACION EDUCATIVA COLEGIO EL MUNDO DE LOS NIÑOS GIMNASIO DEL VALLE,2025,0.0,18.2,0.0,0.0,3.0
313836000739,GIMNASIO MODERNO VILLA DEL NORTE,2021,3.4,51.7,0.0,0.0,6.9
313836000739,GIMNASIO MODERNO VILLA DEL NORTE,2022,7.1,64.3,0.0,3.6,10.7
313836000739,GIMNASIO MODERNO VILLA DEL NORTE,2023,4.3,44.7,0.0,0.0,6.4
313836000739,GIMNASIO MODERNO VILLA DEL NORTE,2024,13.2,50.0,2.6,2.6,7.9
313836000739,GIMNASIO MODERNO VILLA DEL NORTE,2025,2.5,60.0,0.0,2.5,10.0
313836000763,COLEGIO LA NUEVA ESPERANZA,2021,0.0,5.3,0.0,0.0,0.0
313836000763,COLEGIO LA NUEVA ESPERANZA,2022,0.0,8.1,0.0,0.0,0.0
313836000763,COLEGIO LA NUEVA ESPERANZA,2023,0.0,2.9,0.0,0.0,0.0
313836000763,COLEGIO LA NUEVA ESPERANZA,2024,0.0,8.7,0.0,0.0,0.0
313836000763,COLEGIO LA NUEVA ESPERANZA,2025,0.0,3.2,0.0,0.0,0.0
313836000992,COLEGIO SAGRADO CORAZON DE JESUS,2021,10.3,58.6,0.0,6.9,10.3
313836000992,COLEGIO SAGRADO CORAZON DE JESUS,2022,0.0,30.4,0.0,0.0,4.3
313836000992,COLEGIO SAGRADO CORAZON DE JESUS,2023,6.2,53.1,0.0,6.2,6.2
313836000992,COLEGIO SAGRADO CORAZON DE JESUS,2024,3.3,40.0,0.0,0.0,0.0
313836000992,COLEGIO SAGRADO CORAZON DE JESUS,2025,3.7,40.7,0.0,0.0,22.2
313836001026,C.E. QUERIDOS AMIGOS,2021,36.1,72.2,2.8,16.7,33.3
313836001026,C.E. QUERIDOS AMIGOS,2022,34.8,78.3,4.3,17.4,26.1
313836001026,C.E. QUERIDOS AMIGOS,2023,15.4,53.8,0.0,11.5,23.1
313836001026,C.E. QUERIDOS AMIGOS,2024,37.5,78.1,3.1,12.5,53.1
313836001026,C.E. QUERIDOS AMIGOS,2025,42.5,67.5,5.0,17.5,35.0
313836001051,INSTITUCIÓN EDUCATIVA GAMALIEL,2021,43.6,84.6,10.3,28.2,59.0
313836001051,INSTITUCIÓN EDUCATIVA GAMALIEL,2022,40.0,85.0,22.5,17.5,55.0
313836001051,INSTITUCIÓN EDUCATIVA GAMALIEL,2023,54.1,89.2,5.4,21.6,56.8
313836001051,INSTITUCIÓN EDUCATIVA GAMALIEL,2024,46.3,87.8,17.1,39.0,63.4
313836001051,INSTITUCIÓN EDUCATIVA GAMALIEL,2025,55.9,82.4,5.9,23.5,58.8
313836001085,CORPORACION EDUCATIVA LA CONCEPCION,2021,0.0,2.7,0.0,0.0,0.0
313836001085,CORPORACION EDUCATIVA LA CONCEPCION,2022,0.0,0.0,0.0,0.0,0.0
313836001085,CORPORACION EDUCATIVA LA CONCEPCION,2023,0.0,3.8,0.0,0.0,0.0
313836001085,CORPORACION EDUCATIVA LA CONCEPCION,2024,0.0,0.0,0.0,0.0,2.6
313836001085,CORPORACION EDUCATIVA LA CONCEPCION,2025,0.0,0.0,0.0,0.0,0.0
313836001182,FUNDETEC,2023,33.3,83.3,0.0,16.7,0.0
313836001182,FUNDETEC,2024,84.6,100.0,23.1,46.2,84.6
313836800051,CORPORACION EDUCATIVA COLEGIO GIMNASIO CAMPESTRE,2022,25.0,0.0,0.0,25.0,0.0
313836800051,CORPORACION EDUCATIVA COLEGIO GIMNASIO CAMPESTRE,2023,7.1,14.3,0.0,7.1,7.1
313836800051,CORPORACION EDUCATIVA COLEGIO GIMNASIO CAMPESTRE,2024,0.0,45.8,0.0,4.2,20.8
313836800051,CORPORACION EDUCATIVA COLEGIO GIMNASIO CAMPESTRE,2025,0.0,6.2,0.0,0.0,6.2
313836800140,INSTITUCION EDUCATIVA EL RODEO,2021,22.7,63.6,13.6,13.6,22.7
313836800140,INSTITUCION EDUCATIVA EL RODEO,2022,9.1,50.0,0.0,0.0,9.1
313836800140,INSTITUCION EDUCATIVA EL RODEO,2023,6.9,48.3,0.0,0.0,17.2
313836800140,INSTITUCION EDUCATIVA EL RODEO,2024,10.5,47.4,0.0,10.5,21.1
313836800140,INSTITUCION EDUCATIVA EL RODEO,2025,9.7,67.7,6.5,9.7,16.1
313836800158,INSTITUTO IBEROAMERICANO,2021,24.8,77.5,8.5,13.2,31.0
313836800158,INSTITUTO IBEROAMERICANO,2022,19.7,68.4,2.6,18.4,25.0
313836800158,INSTITUTO IBEROAMERICANO,2023,15.2,66.3,2.2,12.0,19.6
313836800158,INSTITUTO IBEROAMERICANO,2024,34.9,75.7,8.3,16.6,36.7
313836800158,INSTITUTO IBEROAMERICANO,2025,15.7,50.4,1.7,8.7,18.3
313836800174,FUNDACION CENTRO INTEGRAL OLGA ARAUJO GRAU,2024,0.0,33.3,0.0,16.7,33.3
313836800174,FUNDACION CENTRO INTEGRAL OLGA ARAUJO GRAU,2025,16.7,75.0,0.0,8.3,58.3
313836800212,COORPORACION EDUCATIVA COLEGIO SANTA MARIA DEL VALLE,2021,0.0,41.7,0.0,8.3,16.7
313836800212,COORPORACION EDUCATIVA COLEGIO SANTA MARIA DEL VALLE,2022,18.2,45.5,0.0,0.0,27.3
313836800212,COORPORACION EDUCATIVA COLEGIO SANTA MARIA DEL VALLE,2023,0.0,66.7,0.0,0.0,8.3
313836800212,COORPORACION EDUCATIVA COLEGIO SANTA MARIA DEL VALLE,2024,0.0,33.3,0.0,0.0,0.0
313836800212,COORPORACION EDUCATIVA COLEGIO SANTA MARIA DEL VALLE,2025,7.5,27.5,2.5,5.0,15.0
313836800221,CORPORACION INSTITUCION EDUCATIVA LA NUEVA EDAD DE ORO,2021,30.0,70.0,10.0,20.0,30.0
313836800263,INSTITUCION EDUCATIVA EDUCAMOS CON VALORES,2024,41.5,85.4,7.3,29.3,51.2
313836800263,INSTITUCION EDUCATIVA EDUCAMOS CON VALORES,2025,60.9,88.4,11.6,34.8,71.0
313836800370,FUNDACIN EDUCATIVA CRISTIANA BERACA NOCEDARESH,2024,54.5,90.9,18.2,27.3,54.5
313836800370,FUNDACIN EDUCATIVA CRISTIANA BERACA NOCEDARESH,2025,34.8,95.7,8.7,13.0,39.1
313836800388,GIMNASIO PEDAGOGICO ISMARS DE SANES,2025,0.0,0.0,0.0,0.0,0.0
313838000205,LICEO MIXTO DE TURBANA,2021,63.6,90.9,36.4,36.4,72.7
313838000205,LICEO MIXTO DE TURBANA,2022,62.5,100.0,12.5,25.0,62.5
313838000205,LICEO MIXTO DE TURBANA,2023,66.7,94.4,0.0,50.0,72.2
313838000205,LICEO MIXTO DE TURBANA,2024,60.0,100.0,13.3,40.0,86.7
313838000205,LICEO MIXTO DE TURBANA,2025,72.7,100.0,0.0,18.2,100.0
313894000072,INSTITUCIÓN EDUCATIIVA TÉCNICA AGROPECUARIA ERASMO DONADO LLANOS,2021,54.1,97.3,18.9,35.1,62.2
313894000072,INSTITUCIÓN EDUCATIIVA TÉCNICA AGROPECUARIA ERASMO DONADO LLANOS,2022,45.1,100.0,23.5,33.3,76.5
313894000072,INSTITUCIÓN EDUCATIIVA TÉCNICA AGROPECUARIA ERASMO DONADO LLANOS,2023,40.0,100.0,12.5,22.5,57.5
313894000072,INSTITUCIÓN EDUCATIIVA TÉCNICA AGROPECUARIA ERASMO DONADO LLANOS,2024,33.3,94.4,19.4,16.7,55.6
313894000072,INSTITUCIÓN EDUCATIIVA TÉCNICA AGROPECUARIA ERASMO DONADO LLANOS,2025,41.9,87.1,9.7,25.8,58.1
313894000269,FUNDETEC,2022,42.9,85.7,7.1,28.6,50.0
313894000269,FUNDETEC,2023,62.5,100.0,12.5,25.0,75.0
313894000269,FUNDETEC,2024,50.0,100.0,50.0,0.0,0.0
313894000269,FUNDETEC,2025,100.0,100.0,0.0,0.0,0.0
413001004703,INSTITUCION EDUCATIVA DE LA BOQUILLA,2021,56.2,98.6,16.0,37.5,73.6
413001004703,INSTITUCION EDUCATIVA DE LA BOQUILLA,2022,69.1,97.1,18.4,41.9,69.9
413001004703,INSTITUCION EDUCATIVA DE LA BOQUILLA,2023,53.4,95.9,13.7,37.0,63.7
413001004703,INSTITUCION EDUCATIVA DE LA BOQUILLA,2024,56.9,98.2,21.0,36.5,69.5
413001004703,INSTITUCION EDUCATIVA DE LA BOQUILLA,2025,57.9,91.8,12.6,35.2,79.9
413001007648,COL. CAMINO DEL CORAL DE C/GENA.,2021,18.2,63.6,6.8,13.6,36.4
413001007648,COL. CAMINO DEL CORAL DE C/GENA.,2022,14.0,67.4,4.7,16.3,27.9
413001007648,COL. CAMINO DEL CORAL DE C/GENA.,2023,16.7,48.1,0.0,14.8,20.4
413001007648,COL. CAMINO DEL CORAL DE C/GENA.,2024,15.1,52.8,3.8,11.3,20.8
413001007648,COL. CAMINO DEL CORAL DE C/GENA.,2025,26.5,53.1,4.1,18.4,28.6
413001008024,INST. EDUC. EL PARAISO,2021,5.0,70.0,0.0,5.0,10.0
413001008024,INST. EDUC. EL PARAISO,2022,0.0,48.0,0.0,0.0,20.0
413001008024,INST. EDUC. EL PARAISO,2023,0.0,44.4,0.0,5.6,11.1
413001008024,INST. EDUC. EL PARAISO,2024,13.8,44.8,0.0,0.0,17.2
413001008024,INST. EDUC. EL PARAISO,2025,0.0,33.3,0.0,4.2,4.2
413001013176,FUNDACION EDUCATIVA INSTITUTO ECOLÓGICO BARBACOAS,2021,46.7,100.0,6.7,13.3,60.0
413001013176,FUNDACION EDUCATIVA INSTITUTO ECOLÓGICO BARBACOAS,2022,52.5,97.5,30.0,22.5,70.0
413001013176,FUNDACION EDUCATIVA INSTITUTO ECOLÓGICO BARBACOAS,2023,40.6,90.6,15.6,28.1,50.0
413001013176,FUNDACION EDUCATIVA INSTITUTO ECOLÓGICO BARBACOAS,2024,36.4,100.0,12.1,33.3,60.6
413001013176,FUNDACION EDUCATIVA INSTITUTO ECOLÓGICO BARBACOAS,2025,56.9,92.2,9.8,49.0,72.5
413001027126,INSTITUTO NUEVA LUZ DE ESPERANZA,2024,33.3,73.3,0.0,20.0,53.3
413001027126,INSTITUTO NUEVA LUZ DE ESPERANZA,2025,52.4,95.2,14.3,33.3,71.4
413140000208,INSTITUCIÓN EDUCATIVA TÉCNICA AGROPECUARIA JÓSE ANTONIO GALÁN,2021,49.1,98.1,18.9,47.2,84.9
413140000208,INSTITUCIÓN EDUCATIVA TÉCNICA AGROPECUARIA JÓSE ANTONIO GALÁN,2022,51.6,98.4,12.5,37.5,78.1
413140000208,INSTITUCIÓN EDUCATIVA TÉCNICA AGROPECUARIA JÓSE ANTONIO GALÁN,2023,47.8,95.7,13.0,26.1,71.7
413140000208,INSTITUCIÓN EDUCATIVA TÉCNICA AGROPECUARIA JÓSE ANTONIO GALÁN,2024,23.1,90.4,13.5,19.2,57.7
413140000208,INSTITUCIÓN EDUCATIVA TÉCNICA AGROPECUARIA JÓSE ANTONIO GALÁN,2025,29.5,97.7,11.4,25.0,61.4
413140000259,INSTITUCIÓN EDUCATIVA GUSTAVO SALOM DE BARRANCA NUEVA,2021,47.1,100.0,17.6,35.3,76.5
413140000259,INSTITUCIÓN EDUCATIVA GUSTAVO SALOM DE BARRANCA NUEVA,2022,35.7,85.7,14.3,14.3,35.7
413140000259,INSTITUCIÓN EDUCATIVA GUSTAVO SALOM DE BARRANCA NUEVA,2023,31.6,100.0,21.1,31.6,68.4
413140000259,INSTITUCIÓN EDUCATIVA GUSTAVO SALOM DE BARRANCA NUEVA,2024,60.0,96.0,16.0,40.0,76.0
413140000259,INSTITUCIÓN EDUCATIVA GUSTAVO SALOM DE BARRANCA NUEVA,2025,23.8,90.5,9.5,14.3,76.2
413442800018,CORPORACION INSTITUTO DOCENTE DEL CARIBE,2025,40.0,90.0,0.0,0.0,30.0
413549001273,INSTITUCIÓN EDUCATIVA DE TIQUISIO NUEVO,2021,34.6,100.0,11.5,34.6,65.4
413549001273,INSTITUCIÓN EDUCATIVA DE TIQUISIO NUEVO,2022,60.7,100.0,17.9,28.6,85.7
413549001273,INSTITUCIÓN EDUCATIVA DE TIQUISIO NUEVO,2023,40.0,100.0,20.0,20.0,77.1
413549001273,INSTITUCIÓN EDUCATIVA DE TIQUISIO NUEVO,2024,64.3,100.0,25.0,28.6,67.9
413549001273,INSTITUCIÓN EDUCATIVA DE TIQUISIO NUEVO,2025,42.9,95.2,0.0,38.1,71.4
413549001575,INSTITUCIÓN EDUCATIVA DE PUERTO RICO,2021,39.7,98.3,5.2,17.2,58.6
413549001575,INSTITUCIÓN EDUCATIVA DE PUERTO RICO,2022,52.1,98.6,9.6,27.4,57.5
413549001575,INSTITUCIÓN EDUCATIVA DE PUERTO RICO,2023,50.6,96.4,7.2,25.3,48.2
413549001575,INSTITUCIÓN EDUCATIVA DE PUERTO RICO,2024,37.0,95.4,10.2,25.9,59.3
413549001575,INSTITUCIÓN EDUCATIVA DE PUERTO RICO,2025,39.3,99.1,12.1,26.2,57.0
413657000615,INSTITUCION EDUCATIVA SAN PEDRO CONSOLADO,2021,60.9,100.0,13.0,43.5,65.2
413657000615,INSTITUCION EDUCATIVA SAN PEDRO CONSOLADO,2022,62.5,100.0,12.5,75.0,75.0
413657000615,INSTITUCION EDUCATIVA SAN PEDRO CONSOLADO,2023,22.2,88.9,11.1,22.2,22.2
413657000615,INSTITUCION EDUCATIVA SAN PEDRO CONSOLADO,2024,53.3,100.0,33.3,40.0,60.0
413657000615,INSTITUCION EDUCATIVA SAN PEDRO CONSOLADO,2025,16.7,100.0,0.0,8.3,50.0
413673000226,INSTITUCIÓN EDUCATIVA TÉCNICA AGROPECUARIA SAN JOSÉ DE CLEMENCIA,2021,63.2,98.9,12.6,40.0,62.1
413673000226,INSTITUCIÓN EDUCATIVA TÉCNICA AGROPECUARIA SAN JOSÉ DE CLEMENCIA,2022,61.8,97.8,25.7,44.9,68.4
413673000226,INSTITUCIÓN EDUCATIVA TÉCNICA AGROPECUARIA SAN JOSÉ DE CLEMENCIA,2023,54.5,99.1,12.7,39.1,65.5
413673000226,INSTITUCIÓN EDUCATIVA TÉCNICA AGROPECUARIA SAN JOSÉ DE CLEMENCIA,2024,42.4,100.0,15.2,37.4,60.6
413673000226,INSTITUCIÓN EDUCATIVA TÉCNICA AGROPECUARIA SAN JOSÉ DE CLEMENCIA,2025,62.1,96.6,10.3,36.2,69.0
413744000516,INSTITUCIÓN EDUCATIVA TÉCNICA AGROPECUARIA ALFREDO NOBEL,2021,17.0,86.4,5.7,4.5,31.8
413744000516,INSTITUCIÓN EDUCATIVA TÉCNICA AGROPECUARIA ALFREDO NOBEL,2022,20.1,89.3,3.8,10.1,33.3
413744000516,INSTITUCIÓN EDUCATIVA TÉCNICA AGROPECUARIA ALFREDO NOBEL,2023,26.8,94.3,5.1,10.2,36.3
413744000516,INSTITUCIÓN EDUCATIVA TÉCNICA AGROPECUARIA ALFREDO NOBEL,2024,31.1,96.4,8.4,13.2,45.5
413744000516,INSTITUCIÓN EDUCATIVA TÉCNICA AGROPECUARIA ALFREDO NOBEL,2025,28.6,91.2,3.4,10.9,45.6
413836001128,CORPORACION BEVERLY HILLS,2021,0.0,33.3,0.0,8.3,8.3
413836001128,CORPORACION BEVERLY HILLS,2022,5.6,22.2,0.0,0.0,11.1
413836001128,CORPORACION BEVERLY HILLS,2023,0.0,12.5,6.2,0.0,12.5
413836001128,CORPORACION BEVERLY HILLS,2024,10.5,21.1,0.0,10.5,10.5
413836001128,CORPORACION BEVERLY HILLS,2025,7.7,15.4,0.0,0.0,0.0
